method,camera_frame,split,class_name,outcome,track_id,score,iou,source_mode
radar_bounded_crops,119,train,boat,tp,boat,0.4830242693424225,0.6985882933186198,prediction_jsonl
radar_bounded_crops,119,train,boat,fp,,0.24110782146453857,,prediction_jsonl
radar_bounded_crops,119,train,buoy,tp,b1,0.2766862213611603,0.8025692645180437,prediction_jsonl
radar_bounded_crops,119,train,buoy,fn,b2,,,prediction_jsonl
radar_bounded_crops,119,train,buoy,fn,b3,,,prediction_jsonl
radar_bounded_crops,119,train,buoy,fn,b4,,,prediction_jsonl
radar_bounded_crops,119,train,buoy,fn,b5,,,prediction_jsonl
radar_bounded_crops,119,train,buoy,fn,b6,,,prediction_jsonl
radar_bounded_crops,119,train,buoy,fn,b7,,,prediction_jsonl
radar_bounded_crops,119,train,buoy,fn,b8,,,prediction_jsonl
radar_bounded_crops,120,train,boat,tp,boat,0.6180272698402405,0.7217170960259908,prediction_jsonl
radar_bounded_crops,120,train,boat,fp,,0.31300464272499084,,prediction_jsonl
radar_bounded_crops,120,train,boat,fp,,0.22532005608081818,,prediction_jsonl
radar_bounded_crops,120,train,buoy,tp,b1,0.2660500109195709,0.8294854215972914,prediction_jsonl
radar_bounded_crops,120,train,buoy,tp,b2,0.1815711259841919,0.6642959881015053,prediction_jsonl
radar_bounded_crops,120,train,buoy,fp,,0.19660325348377228,,prediction_jsonl
radar_bounded_crops,120,train,buoy,fn,b3,,,prediction_jsonl
radar_bounded_crops,120,train,buoy,fn,b4,,,prediction_jsonl
radar_bounded_crops,120,train,buoy,fn,b5,,,prediction_jsonl
radar_bounded_crops,120,train,buoy,fn,b6,,,prediction_jsonl
radar_bounded_crops,120,train,buoy,fn,b7,,,prediction_jsonl
radar_bounded_crops,120,train,buoy,fn,b8,,,prediction_jsonl
radar_bounded_crops,121,train,boat,tp,boat,0.6898308992385864,0.757562674061251,prediction_jsonl
radar_bounded_crops,121,train,boat,fp,,0.3009280264377594,,prediction_jsonl
radar_bounded_crops,121,train,boat,fp,,0.22251445055007935,,prediction_jsonl
radar_bounded_crops,121,train,buoy,tp,b1,0.23448613286018372,0.822756651677993,prediction_jsonl
radar_bounded_crops,121,train,buoy,fn,b2,,,prediction_jsonl
radar_bounded_crops,121,train,buoy,fn,b3,,,prediction_jsonl
radar_bounded_crops,121,train,buoy,fn,b4,,,prediction_jsonl
radar_bounded_crops,121,train,buoy,fn,b5,,,prediction_jsonl
radar_bounded_crops,121,train,buoy,fn,b6,,,prediction_jsonl
radar_bounded_crops,121,train,buoy,fn,b7,,,prediction_jsonl
radar_bounded_crops,121,train,buoy,fn,b8,,,prediction_jsonl
radar_bounded_crops,122,train,boat,tp,boat,0.5969195365905762,0.6990703787623933,prediction_jsonl
radar_bounded_crops,122,train,boat,fp,,0.309916228055954,,prediction_jsonl
radar_bounded_crops,122,train,boat,fp,,0.19287109375,,prediction_jsonl
radar_bounded_crops,122,train,buoy,tp,b1,0.25234514474868774,0.8101424937641832,prediction_jsonl
radar_bounded_crops,122,train,buoy,fp,,0.19191715121269226,,prediction_jsonl
radar_bounded_crops,122,train,buoy,fn,b2,,,prediction_jsonl
radar_bounded_crops,122,train,buoy,fn,b3,,,prediction_jsonl
radar_bounded_crops,122,train,buoy,fn,b4,,,prediction_jsonl
radar_bounded_crops,122,train,buoy,fn,b5,,,prediction_jsonl
radar_bounded_crops,122,train,buoy,fn,b6,,,prediction_jsonl
radar_bounded_crops,122,train,buoy,fn,b7,,,prediction_jsonl
radar_bounded_crops,122,train,buoy,fn,b8,,,prediction_jsonl
radar_bounded_crops,123,train,boat,tp,boat,0.68587726354599,0.6908484916099109,prediction_jsonl
radar_bounded_crops,123,train,boat,fp,,0.2243129014968872,,prediction_jsonl
radar_bounded_crops,123,train,boat,fp,,0.21847468614578247,,prediction_jsonl
radar_bounded_crops,123,train,buoy,tp,b1,0.2337164282798767,0.7826813648472274,prediction_jsonl
radar_bounded_crops,123,train,buoy,fn,b2,,,prediction_jsonl
radar_bounded_crops,123,train,buoy,fn,b3,,,prediction_jsonl
radar_bounded_crops,123,train,buoy,fn,b4,,,prediction_jsonl
radar_bounded_crops,123,train,buoy,fn,b5,,,prediction_jsonl
radar_bounded_crops,123,train,buoy,fn,b6,,,prediction_jsonl
radar_bounded_crops,123,train,buoy,fn,b7,,,prediction_jsonl
radar_bounded_crops,123,train,buoy,fn,b8,,,prediction_jsonl
radar_bounded_crops,124,train,boat,tp,boat,0.690138578414917,0.738829829025942,prediction_jsonl
radar_bounded_crops,124,train,boat,fp,,0.29256880283355713,,prediction_jsonl
radar_bounded_crops,124,train,boat,fp,,0.1815797984600067,,prediction_jsonl
radar_bounded_crops,124,train,buoy,tp,b1,0.2561444640159607,0.781305946134962,prediction_jsonl
radar_bounded_crops,124,train,buoy,fp,,0.1867227554321289,,prediction_jsonl
radar_bounded_crops,124,train,buoy,fn,b2,,,prediction_jsonl
radar_bounded_crops,124,train,buoy,fn,b3,,,prediction_jsonl
radar_bounded_crops,124,train,buoy,fn,b4,,,prediction_jsonl
radar_bounded_crops,124,train,buoy,fn,b5,,,prediction_jsonl
radar_bounded_crops,124,train,buoy,fn,b6,,,prediction_jsonl
radar_bounded_crops,124,train,buoy,fn,b7,,,prediction_jsonl
radar_bounded_crops,124,train,buoy,fn,b8,,,prediction_jsonl
radar_bounded_crops,125,train,boat,tp,boat,0.6949627995491028,0.7601004204251871,prediction_jsonl
radar_bounded_crops,125,train,boat,fp,,0.3238096535205841,,prediction_jsonl
radar_bounded_crops,125,train,boat,fp,,0.22184708714485168,,prediction_jsonl
radar_bounded_crops,125,train,buoy,tp,b1,0.2534288465976715,0.7986186639802859,prediction_jsonl
radar_bounded_crops,125,train,buoy,fn,b2,,,prediction_jsonl
radar_bounded_crops,125,train,buoy,fn,b3,,,prediction_jsonl
radar_bounded_crops,125,train,buoy,fn,b4,,,prediction_jsonl
radar_bounded_crops,125,train,buoy,fn,b5,,,prediction_jsonl
radar_bounded_crops,125,train,buoy,fn,b6,,,prediction_jsonl
radar_bounded_crops,125,train,buoy,fn,b7,,,prediction_jsonl
radar_bounded_crops,125,train,buoy,fn,b8,,,prediction_jsonl
radar_bounded_crops,126,train,boat,tp,boat,0.7109574675559998,0.7750843928636598,prediction_jsonl
radar_bounded_crops,126,train,boat,fp,,0.25968125462532043,,prediction_jsonl
radar_bounded_crops,126,train,boat,fp,,0.24712398648262024,,prediction_jsonl
radar_bounded_crops,126,train,buoy,tp,b1,0.283745139837265,0.8143881668979944,prediction_jsonl
radar_bounded_crops,126,train,buoy,fn,b2,,,prediction_jsonl
radar_bounded_crops,126,train,buoy,fn,b3,,,prediction_jsonl
radar_bounded_crops,126,train,buoy,fn,b4,,,prediction_jsonl
radar_bounded_crops,126,train,buoy,fn,b5,,,prediction_jsonl
radar_bounded_crops,126,train,buoy,fn,b6,,,prediction_jsonl
radar_bounded_crops,126,train,buoy,fn,b7,,,prediction_jsonl
radar_bounded_crops,126,train,buoy,fn,b8,,,prediction_jsonl
radar_bounded_crops,127,train,boat,tp,boat,0.7054141163825989,0.7714415182938703,prediction_jsonl
radar_bounded_crops,127,train,boat,fp,,0.2818869352340698,,prediction_jsonl
radar_bounded_crops,127,train,boat,fp,,0.18150673806667328,,prediction_jsonl
radar_bounded_crops,127,train,buoy,tp,b1,0.26488733291625977,0.8014007212928116,prediction_jsonl
radar_bounded_crops,127,train,buoy,tp,b2,0.1879235953092575,0.6429630228934389,prediction_jsonl
radar_bounded_crops,127,train,buoy,fn,b3,,,prediction_jsonl
radar_bounded_crops,127,train,buoy,fn,b4,,,prediction_jsonl
radar_bounded_crops,127,train,buoy,fn,b5,,,prediction_jsonl
radar_bounded_crops,127,train,buoy,fn,b6,,,prediction_jsonl
radar_bounded_crops,127,train,buoy,fn,b7,,,prediction_jsonl
radar_bounded_crops,127,train,buoy,fn,b8,,,prediction_jsonl
radar_bounded_crops,128,train,boat,tp,boat,0.613420307636261,0.7091145216686232,prediction_jsonl
radar_bounded_crops,128,train,boat,fp,,0.2749622166156769,,prediction_jsonl
radar_bounded_crops,128,train,boat,fp,,0.19751101732254028,,prediction_jsonl
radar_bounded_crops,128,train,buoy,tp,b1,0.2628119885921478,0.8122178782515078,prediction_jsonl
radar_bounded_crops,128,train,buoy,fn,b2,,,prediction_jsonl
radar_bounded_crops,128,train,buoy,fn,b3,,,prediction_jsonl
radar_bounded_crops,128,train,buoy,fn,b4,,,prediction_jsonl
radar_bounded_crops,128,train,buoy,fn,b5,,,prediction_jsonl
radar_bounded_crops,128,train,buoy,fn,b6,,,prediction_jsonl
radar_bounded_crops,128,train,buoy,fn,b7,,,prediction_jsonl
radar_bounded_crops,128,train,buoy,fn,b8,,,prediction_jsonl
radar_bounded_crops,129,train,boat,tp,boat,0.543929398059845,0.6925900952917553,prediction_jsonl
radar_bounded_crops,129,train,boat,fp,,0.2340373396873474,,prediction_jsonl
radar_bounded_crops,129,train,boat,fp,,0.19936098158359528,,prediction_jsonl
radar_bounded_crops,129,train,buoy,tp,b1,0.25363823771476746,0.822653134884465,prediction_jsonl
radar_bounded_crops,129,train,buoy,fp,,0.18279986083507538,,prediction_jsonl
radar_bounded_crops,129,train,buoy,fn,b2,,,prediction_jsonl
radar_bounded_crops,129,train,buoy,fn,b3,,,prediction_jsonl
radar_bounded_crops,129,train,buoy,fn,b4,,,prediction_jsonl
radar_bounded_crops,129,train,buoy,fn,b5,,,prediction_jsonl
radar_bounded_crops,129,train,buoy,fn,b6,,,prediction_jsonl
radar_bounded_crops,129,train,buoy,fn,b7,,,prediction_jsonl
radar_bounded_crops,129,train,buoy,fn,b8,,,prediction_jsonl
radar_bounded_crops,130,train,boat,tp,boat,0.641466498374939,0.8387775778174794,prediction_jsonl
radar_bounded_crops,130,train,boat,fp,,0.3850683867931366,,prediction_jsonl
radar_bounded_crops,130,train,boat,fp,,0.20660366117954254,,prediction_jsonl
radar_bounded_crops,130,train,boat,fp,,0.2029034048318863,,prediction_jsonl
radar_bounded_crops,130,train,buoy,tp,b1,0.25529664754867554,0.8180612410232959,prediction_jsonl
radar_bounded_crops,130,train,buoy,fn,b2,,,prediction_jsonl
radar_bounded_crops,130,train,buoy,fn,b3,,,prediction_jsonl
radar_bounded_crops,130,train,buoy,fn,b4,,,prediction_jsonl
radar_bounded_crops,130,train,buoy,fn,b5,,,prediction_jsonl
radar_bounded_crops,130,train,buoy,fn,b6,,,prediction_jsonl
radar_bounded_crops,130,train,buoy,fn,b7,,,prediction_jsonl
radar_bounded_crops,130,train,buoy,fn,b8,,,prediction_jsonl
radar_bounded_crops,131,train,boat,tp,boat,0.6863811016082764,0.8392128854926026,prediction_jsonl
radar_bounded_crops,131,train,boat,fp,,0.31881949305534363,,prediction_jsonl
radar_bounded_crops,131,train,boat,fp,,0.20363396406173706,,prediction_jsonl
radar_bounded_crops,131,train,buoy,tp,b1,0.2587869167327881,0.8247241290621083,prediction_jsonl
radar_bounded_crops,131,train,buoy,fn,b2,,,prediction_jsonl
radar_bounded_crops,131,train,buoy,fn,b3,,,prediction_jsonl
radar_bounded_crops,131,train,buoy,fn,b4,,,prediction_jsonl
radar_bounded_crops,131,train,buoy,fn,b5,,,prediction_jsonl
radar_bounded_crops,131,train,buoy,fn,b6,,,prediction_jsonl
radar_bounded_crops,131,train,buoy,fn,b7,,,prediction_jsonl
radar_bounded_crops,131,train,buoy,fn,b8,,,prediction_jsonl
radar_bounded_crops,132,train,boat,tp,boat,0.6867889761924744,0.8379125846380502,prediction_jsonl
radar_bounded_crops,132,train,boat,fp,,0.41277071833610535,,prediction_jsonl
radar_bounded_crops,132,train,boat,fp,,0.21506617963314056,,prediction_jsonl
radar_bounded_crops,132,train,buoy,tp,b1,0.22971703112125397,0.8351712727621845,prediction_jsonl
radar_bounded_crops,132,train,buoy,tp,b2,0.2112247794866562,0.62709651095084,prediction_jsonl
radar_bounded_crops,132,train,buoy,fn,b3,,,prediction_jsonl
radar_bounded_crops,132,train,buoy,fn,b4,,,prediction_jsonl
radar_bounded_crops,132,train,buoy,fn,b5,,,prediction_jsonl
radar_bounded_crops,132,train,buoy,fn,b6,,,prediction_jsonl
radar_bounded_crops,132,train,buoy,fn,b7,,,prediction_jsonl
radar_bounded_crops,132,train,buoy,fn,b8,,,prediction_jsonl
radar_bounded_crops,133,train,boat,tp,boat,0.6558617949485779,0.7934786209759904,prediction_jsonl
radar_bounded_crops,133,train,boat,fp,,0.31394487619400024,,prediction_jsonl
radar_bounded_crops,133,train,buoy,tp,b1,0.24181662499904633,0.807505145226864,prediction_jsonl
radar_bounded_crops,133,train,buoy,fp,,0.18043576180934906,,prediction_jsonl
radar_bounded_crops,133,train,buoy,fn,b2,,,prediction_jsonl
radar_bounded_crops,133,train,buoy,fn,b3,,,prediction_jsonl
radar_bounded_crops,133,train,buoy,fn,b4,,,prediction_jsonl
radar_bounded_crops,133,train,buoy,fn,b5,,,prediction_jsonl
radar_bounded_crops,133,train,buoy,fn,b6,,,prediction_jsonl
radar_bounded_crops,133,train,buoy,fn,b7,,,prediction_jsonl
radar_bounded_crops,133,train,buoy,fn,b8,,,prediction_jsonl
radar_bounded_crops,134,train,boat,tp,boat,0.6642539501190186,0.8196822638851813,prediction_jsonl
radar_bounded_crops,134,train,boat,fp,,0.3469617962837219,,prediction_jsonl
radar_bounded_crops,134,train,buoy,tp,b1,0.23401926457881927,0.8176348543511096,prediction_jsonl
radar_bounded_crops,134,train,buoy,fn,b2,,,prediction_jsonl
radar_bounded_crops,134,train,buoy,fn,b3,,,prediction_jsonl
radar_bounded_crops,134,train,buoy,fn,b4,,,prediction_jsonl
radar_bounded_crops,134,train,buoy,fn,b5,,,prediction_jsonl
radar_bounded_crops,134,train,buoy,fn,b6,,,prediction_jsonl
radar_bounded_crops,134,train,buoy,fn,b7,,,prediction_jsonl
radar_bounded_crops,134,train,buoy,fn,b8,,,prediction_jsonl
radar_bounded_crops,135,train,boat,tp,boat,0.6876670718193054,0.8213979935692978,prediction_jsonl
radar_bounded_crops,135,train,boat,fp,,0.3859735131263733,,prediction_jsonl
radar_bounded_crops,135,train,boat,fp,,0.21874001622200012,,prediction_jsonl
radar_bounded_crops,135,train,buoy,tp,b1,0.2514979839324951,0.8134524896940241,prediction_jsonl
radar_bounded_crops,135,train,buoy,fn,b2,,,prediction_jsonl
radar_bounded_crops,135,train,buoy,fn,b3,,,prediction_jsonl
radar_bounded_crops,135,train,buoy,fn,b4,,,prediction_jsonl
radar_bounded_crops,135,train,buoy,fn,b5,,,prediction_jsonl
radar_bounded_crops,135,train,buoy,fn,b6,,,prediction_jsonl
radar_bounded_crops,135,train,buoy,fn,b7,,,prediction_jsonl
radar_bounded_crops,135,train,buoy,fn,b8,,,prediction_jsonl
radar_bounded_crops,136,train,boat,tp,boat,0.5976294279098511,0.6943128524346588,prediction_jsonl
radar_bounded_crops,136,train,boat,fp,,0.320036381483078,,prediction_jsonl
radar_bounded_crops,136,train,boat,fp,,0.18327175080776215,,prediction_jsonl
radar_bounded_crops,136,train,buoy,tp,b1,0.2550075650215149,0.8162380979693333,prediction_jsonl
radar_bounded_crops,136,train,buoy,fn,b2,,,prediction_jsonl
radar_bounded_crops,136,train,buoy,fn,b3,,,prediction_jsonl
radar_bounded_crops,136,train,buoy,fn,b4,,,prediction_jsonl
radar_bounded_crops,136,train,buoy,fn,b5,,,prediction_jsonl
radar_bounded_crops,136,train,buoy,fn,b6,,,prediction_jsonl
radar_bounded_crops,136,train,buoy,fn,b7,,,prediction_jsonl
radar_bounded_crops,136,train,buoy,fn,b8,,,prediction_jsonl
radar_bounded_crops,137,train,boat,tp,boat,0.6784226894378662,0.6902187483771962,prediction_jsonl
radar_bounded_crops,137,train,boat,fp,,0.3118606507778168,,prediction_jsonl
radar_bounded_crops,137,train,buoy,tp,b1,0.2355615794658661,0.7768749962934535,prediction_jsonl
radar_bounded_crops,137,train,buoy,fn,b2,,,prediction_jsonl
radar_bounded_crops,137,train,buoy,fn,b3,,,prediction_jsonl
radar_bounded_crops,137,train,buoy,fn,b4,,,prediction_jsonl
radar_bounded_crops,137,train,buoy,fn,b5,,,prediction_jsonl
radar_bounded_crops,137,train,buoy,fn,b6,,,prediction_jsonl
radar_bounded_crops,137,train,buoy,fn,b7,,,prediction_jsonl
radar_bounded_crops,137,train,buoy,fn,b8,,,prediction_jsonl
radar_bounded_crops,138,train,boat,tp,boat,0.6326069831848145,0.728037543915524,prediction_jsonl
radar_bounded_crops,138,train,boat,fp,,0.2799689471721649,,prediction_jsonl
radar_bounded_crops,138,train,buoy,tp,b1,0.24147756397724152,0.7914671437488794,prediction_jsonl
radar_bounded_crops,138,train,buoy,fn,b2,,,prediction_jsonl
radar_bounded_crops,138,train,buoy,fn,b3,,,prediction_jsonl
radar_bounded_crops,138,train,buoy,fn,b4,,,prediction_jsonl
radar_bounded_crops,138,train,buoy,fn,b5,,,prediction_jsonl
radar_bounded_crops,138,train,buoy,fn,b6,,,prediction_jsonl
radar_bounded_crops,138,train,buoy,fn,b7,,,prediction_jsonl
radar_bounded_crops,138,train,buoy,fn,b8,,,prediction_jsonl
radar_bounded_crops,139,train,boat,tp,boat,0.7461498975753784,0.8270531706200683,prediction_jsonl
radar_bounded_crops,139,train,buoy,tp,b1,0.31110525131225586,0.8219022692415897,prediction_jsonl
radar_bounded_crops,139,train,buoy,fp,,0.21735918521881104,,prediction_jsonl
radar_bounded_crops,139,train,buoy,fn,b2,,,prediction_jsonl
radar_bounded_crops,139,train,buoy,fn,b3,,,prediction_jsonl
radar_bounded_crops,139,train,buoy,fn,b4,,,prediction_jsonl
radar_bounded_crops,139,train,buoy,fn,b5,,,prediction_jsonl
radar_bounded_crops,139,train,buoy,fn,b6,,,prediction_jsonl
radar_bounded_crops,139,train,buoy,fn,b7,,,prediction_jsonl
radar_bounded_crops,139,train,buoy,fn,b8,,,prediction_jsonl
radar_bounded_crops,140,train,boat,tp,boat,0.7607470154762268,0.8261526556464712,prediction_jsonl
radar_bounded_crops,140,train,buoy,tp,b1,0.28895825147628784,0.7819461593622322,prediction_jsonl
radar_bounded_crops,140,train,buoy,fp,,0.22681501507759094,,prediction_jsonl
radar_bounded_crops,140,train,buoy,fn,b2,,,prediction_jsonl
radar_bounded_crops,140,train,buoy,fn,b3,,,prediction_jsonl
radar_bounded_crops,140,train,buoy,fn,b4,,,prediction_jsonl
radar_bounded_crops,140,train,buoy,fn,b5,,,prediction_jsonl
radar_bounded_crops,140,train,buoy,fn,b6,,,prediction_jsonl
radar_bounded_crops,140,train,buoy,fn,b7,,,prediction_jsonl
radar_bounded_crops,140,train,buoy,fn,b8,,,prediction_jsonl
radar_bounded_crops,141,train,boat,tp,boat,0.7607266902923584,0.7933811703806208,prediction_jsonl
radar_bounded_crops,141,train,buoy,tp,b1,0.27856409549713135,0.8247338451693054,prediction_jsonl
radar_bounded_crops,141,train,buoy,fp,,0.216789111495018,,prediction_jsonl
radar_bounded_crops,141,train,buoy,fn,b2,,,prediction_jsonl
radar_bounded_crops,141,train,buoy,fn,b3,,,prediction_jsonl
radar_bounded_crops,141,train,buoy,fn,b4,,,prediction_jsonl
radar_bounded_crops,141,train,buoy,fn,b5,,,prediction_jsonl
radar_bounded_crops,141,train,buoy,fn,b6,,,prediction_jsonl
radar_bounded_crops,141,train,buoy,fn,b7,,,prediction_jsonl
radar_bounded_crops,141,train,buoy,fn,b8,,,prediction_jsonl
radar_bounded_crops,142,train,boat,tp,boat,0.7615372538566589,0.7363982588135296,prediction_jsonl
radar_bounded_crops,142,train,buoy,tp,b1,0.27752405405044556,0.8250138507744919,prediction_jsonl
radar_bounded_crops,142,train,buoy,fp,,0.24049125611782074,,prediction_jsonl
radar_bounded_crops,142,train,buoy,fn,b2,,,prediction_jsonl
radar_bounded_crops,142,train,buoy,fn,b3,,,prediction_jsonl
radar_bounded_crops,142,train,buoy,fn,b4,,,prediction_jsonl
radar_bounded_crops,142,train,buoy,fn,b5,,,prediction_jsonl
radar_bounded_crops,142,train,buoy,fn,b6,,,prediction_jsonl
radar_bounded_crops,142,train,buoy,fn,b7,,,prediction_jsonl
radar_bounded_crops,142,train,buoy,fn,b8,,,prediction_jsonl
radar_bounded_crops,143,train,boat,tp,boat,0.7698870301246643,0.7033027808937838,prediction_jsonl
radar_bounded_crops,143,train,buoy,tp,b1,0.29959726333618164,0.8062461312898842,prediction_jsonl
radar_bounded_crops,143,train,buoy,fp,,0.23690491914749146,,prediction_jsonl
radar_bounded_crops,143,train,buoy,fn,b2,,,prediction_jsonl
radar_bounded_crops,143,train,buoy,fn,b3,,,prediction_jsonl
radar_bounded_crops,143,train,buoy,fn,b4,,,prediction_jsonl
radar_bounded_crops,143,train,buoy,fn,b5,,,prediction_jsonl
radar_bounded_crops,143,train,buoy,fn,b6,,,prediction_jsonl
radar_bounded_crops,143,train,buoy,fn,b7,,,prediction_jsonl
radar_bounded_crops,143,train,buoy,fn,b8,,,prediction_jsonl
radar_bounded_crops,144,train,boat,tp,boat,0.7568355202674866,0.6973946851855345,prediction_jsonl
radar_bounded_crops,144,train,buoy,tp,b1,0.2824738025665283,0.8032060127363313,prediction_jsonl
radar_bounded_crops,144,train,buoy,fp,,0.22316962480545044,,prediction_jsonl
radar_bounded_crops,144,train,buoy,fn,b2,,,prediction_jsonl
radar_bounded_crops,144,train,buoy,fn,b3,,,prediction_jsonl
radar_bounded_crops,144,train,buoy,fn,b4,,,prediction_jsonl
radar_bounded_crops,144,train,buoy,fn,b5,,,prediction_jsonl
radar_bounded_crops,144,train,buoy,fn,b6,,,prediction_jsonl
radar_bounded_crops,144,train,buoy,fn,b7,,,prediction_jsonl
radar_bounded_crops,144,train,buoy,fn,b8,,,prediction_jsonl
radar_bounded_crops,145,train,boat,tp,boat,0.7550720572471619,0.7331578541715326,prediction_jsonl
radar_bounded_crops,145,train,buoy,tp,b1,0.28519898653030396,0.7720016651818596,prediction_jsonl
radar_bounded_crops,145,train,buoy,fp,,0.2243100255727768,,prediction_jsonl
radar_bounded_crops,145,train,buoy,fn,b2,,,prediction_jsonl
radar_bounded_crops,145,train,buoy,fn,b3,,,prediction_jsonl
radar_bounded_crops,145,train,buoy,fn,b4,,,prediction_jsonl
radar_bounded_crops,145,train,buoy,fn,b5,,,prediction_jsonl
radar_bounded_crops,145,train,buoy,fn,b6,,,prediction_jsonl
radar_bounded_crops,145,train,buoy,fn,b7,,,prediction_jsonl
radar_bounded_crops,145,train,buoy,fn,b8,,,prediction_jsonl
radar_bounded_crops,146,train,boat,tp,boat,0.7047351002693176,0.7127243107874498,prediction_jsonl
radar_bounded_crops,146,train,buoy,tp,b1,0.28770774602890015,0.8192662961634192,prediction_jsonl
radar_bounded_crops,146,train,buoy,fn,b2,,,prediction_jsonl
radar_bounded_crops,146,train,buoy,fn,b3,,,prediction_jsonl
radar_bounded_crops,146,train,buoy,fn,b4,,,prediction_jsonl
radar_bounded_crops,146,train,buoy,fn,b5,,,prediction_jsonl
radar_bounded_crops,146,train,buoy,fn,b6,,,prediction_jsonl
radar_bounded_crops,146,train,buoy,fn,b7,,,prediction_jsonl
radar_bounded_crops,146,train,buoy,fn,b8,,,prediction_jsonl
radar_bounded_crops,147,train,boat,tp,boat,0.7575473785400391,0.6987469407069561,prediction_jsonl
radar_bounded_crops,147,train,buoy,tp,b1,0.2942117750644684,0.7870089058101557,prediction_jsonl
radar_bounded_crops,147,train,buoy,fp,,0.23924633860588074,,prediction_jsonl
radar_bounded_crops,147,train,buoy,fn,b2,,,prediction_jsonl
radar_bounded_crops,147,train,buoy,fn,b3,,,prediction_jsonl
radar_bounded_crops,147,train,buoy,fn,b4,,,prediction_jsonl
radar_bounded_crops,147,train,buoy,fn,b5,,,prediction_jsonl
radar_bounded_crops,147,train,buoy,fn,b6,,,prediction_jsonl
radar_bounded_crops,147,train,buoy,fn,b7,,,prediction_jsonl
radar_bounded_crops,147,train,buoy,fn,b8,,,prediction_jsonl
radar_bounded_crops,148,train,boat,tp,boat,0.7810835838317871,0.6922591608362317,prediction_jsonl
radar_bounded_crops,148,train,buoy,tp,b1,0.29435285925865173,0.8275264360270254,prediction_jsonl
radar_bounded_crops,148,train,buoy,fn,b2,,,prediction_jsonl
radar_bounded_crops,148,train,buoy,fn,b3,,,prediction_jsonl
radar_bounded_crops,148,train,buoy,fn,b4,,,prediction_jsonl
radar_bounded_crops,148,train,buoy,fn,b5,,,prediction_jsonl
radar_bounded_crops,148,train,buoy,fn,b6,,,prediction_jsonl
radar_bounded_crops,148,train,buoy,fn,b7,,,prediction_jsonl
radar_bounded_crops,148,train,buoy,fn,b8,,,prediction_jsonl
radar_bounded_crops,149,train,boat,tp,boat,0.775200605392456,0.7216822054193531,prediction_jsonl
radar_bounded_crops,149,train,buoy,tp,b1,0.3335018455982208,0.8534609005274814,prediction_jsonl
radar_bounded_crops,149,train,buoy,fp,,0.26377418637275696,,prediction_jsonl
radar_bounded_crops,149,train,buoy,fn,b2,,,prediction_jsonl
radar_bounded_crops,149,train,buoy,fn,b3,,,prediction_jsonl
radar_bounded_crops,149,train,buoy,fn,b4,,,prediction_jsonl
radar_bounded_crops,149,train,buoy,fn,b5,,,prediction_jsonl
radar_bounded_crops,149,train,buoy,fn,b6,,,prediction_jsonl
radar_bounded_crops,149,train,buoy,fn,b7,,,prediction_jsonl
radar_bounded_crops,149,train,buoy,fn,b8,,,prediction_jsonl
radar_bounded_crops,150,train,boat,tp,boat,0.7716429233551025,0.7189792572260872,prediction_jsonl
radar_bounded_crops,150,train,buoy,tp,b1,0.32189303636550903,0.87971083167176,prediction_jsonl
radar_bounded_crops,150,train,buoy,fn,b2,,,prediction_jsonl
radar_bounded_crops,150,train,buoy,fn,b3,,,prediction_jsonl
radar_bounded_crops,150,train,buoy,fn,b4,,,prediction_jsonl
radar_bounded_crops,150,train,buoy,fn,b5,,,prediction_jsonl
radar_bounded_crops,150,train,buoy,fn,b6,,,prediction_jsonl
radar_bounded_crops,150,train,buoy,fn,b7,,,prediction_jsonl
radar_bounded_crops,150,train,buoy,fn,b8,,,prediction_jsonl
radar_bounded_crops,151,train,boat,tp,boat,0.762704610824585,0.8257512569451568,prediction_jsonl
radar_bounded_crops,151,train,boat,fp,,0.18563568592071533,,prediction_jsonl
radar_bounded_crops,151,train,buoy,tp,b1,0.31353968381881714,0.8791319937564985,prediction_jsonl
radar_bounded_crops,151,train,buoy,fn,b2,,,prediction_jsonl
radar_bounded_crops,151,train,buoy,fn,b3,,,prediction_jsonl
radar_bounded_crops,151,train,buoy,fn,b4,,,prediction_jsonl
radar_bounded_crops,151,train,buoy,fn,b5,,,prediction_jsonl
radar_bounded_crops,151,train,buoy,fn,b6,,,prediction_jsonl
radar_bounded_crops,151,train,buoy,fn,b7,,,prediction_jsonl
radar_bounded_crops,151,train,buoy,fn,b8,,,prediction_jsonl
radar_bounded_crops,152,train,boat,tp,boat,0.7668858170509338,0.756057029423072,prediction_jsonl
radar_bounded_crops,152,train,buoy,tp,b1,0.2947016954421997,0.8749329581714148,prediction_jsonl
radar_bounded_crops,152,train,buoy,fn,b2,,,prediction_jsonl
radar_bounded_crops,152,train,buoy,fn,b3,,,prediction_jsonl
radar_bounded_crops,152,train,buoy,fn,b4,,,prediction_jsonl
radar_bounded_crops,152,train,buoy,fn,b5,,,prediction_jsonl
radar_bounded_crops,152,train,buoy,fn,b6,,,prediction_jsonl
radar_bounded_crops,152,train,buoy,fn,b7,,,prediction_jsonl
radar_bounded_crops,152,train,buoy,fn,b8,,,prediction_jsonl
radar_bounded_crops,153,train,boat,tp,boat,0.7717896699905396,0.8400137511818769,prediction_jsonl
radar_bounded_crops,153,train,buoy,tp,b1,0.30822479724884033,0.8766260199373743,prediction_jsonl
radar_bounded_crops,153,train,buoy,fn,b2,,,prediction_jsonl
radar_bounded_crops,153,train,buoy,fn,b3,,,prediction_jsonl
radar_bounded_crops,153,train,buoy,fn,b4,,,prediction_jsonl
radar_bounded_crops,153,train,buoy,fn,b5,,,prediction_jsonl
radar_bounded_crops,153,train,buoy,fn,b6,,,prediction_jsonl
radar_bounded_crops,153,train,buoy,fn,b7,,,prediction_jsonl
radar_bounded_crops,153,train,buoy,fn,b8,,,prediction_jsonl
radar_bounded_crops,154,train,boat,tp,boat,0.7659717202186584,0.7246745812732863,prediction_jsonl
radar_bounded_crops,154,train,buoy,tp,b1,0.3167443871498108,0.862046136093154,prediction_jsonl
radar_bounded_crops,154,train,buoy,fn,b2,,,prediction_jsonl
radar_bounded_crops,154,train,buoy,fn,b3,,,prediction_jsonl
radar_bounded_crops,154,train,buoy,fn,b4,,,prediction_jsonl
radar_bounded_crops,154,train,buoy,fn,b5,,,prediction_jsonl
radar_bounded_crops,154,train,buoy,fn,b6,,,prediction_jsonl
radar_bounded_crops,154,train,buoy,fn,b7,,,prediction_jsonl
radar_bounded_crops,154,train,buoy,fn,b8,,,prediction_jsonl
radar_bounded_crops,155,train,boat,tp,boat,0.7386614084243774,0.7097710089397913,prediction_jsonl
radar_bounded_crops,155,train,buoy,tp,b1,0.3196430802345276,0.8891578432461743,prediction_jsonl
radar_bounded_crops,155,train,buoy,fn,b2,,,prediction_jsonl
radar_bounded_crops,155,train,buoy,fn,b3,,,prediction_jsonl
radar_bounded_crops,155,train,buoy,fn,b4,,,prediction_jsonl
radar_bounded_crops,155,train,buoy,fn,b5,,,prediction_jsonl
radar_bounded_crops,155,train,buoy,fn,b6,,,prediction_jsonl
radar_bounded_crops,155,train,buoy,fn,b7,,,prediction_jsonl
radar_bounded_crops,155,train,buoy,fn,b8,,,prediction_jsonl
radar_bounded_crops,156,train,boat,tp,boat,0.7953190207481384,0.8059186490968537,prediction_jsonl
radar_bounded_crops,156,train,buoy,tp,b1,0.33551129698753357,0.8628858967412962,prediction_jsonl
radar_bounded_crops,156,train,buoy,fn,b2,,,prediction_jsonl
radar_bounded_crops,156,train,buoy,fn,b3,,,prediction_jsonl
radar_bounded_crops,156,train,buoy,fn,b4,,,prediction_jsonl
radar_bounded_crops,156,train,buoy,fn,b5,,,prediction_jsonl
radar_bounded_crops,156,train,buoy,fn,b6,,,prediction_jsonl
radar_bounded_crops,156,train,buoy,fn,b7,,,prediction_jsonl
radar_bounded_crops,156,train,buoy,fn,b8,,,prediction_jsonl
radar_bounded_crops,157,train,boat,tp,boat,0.7772205471992493,0.7449325037602336,prediction_jsonl
radar_bounded_crops,157,train,buoy,tp,b1,0.3194553554058075,0.8927677321316043,prediction_jsonl
radar_bounded_crops,157,train,buoy,fn,b2,,,prediction_jsonl
radar_bounded_crops,157,train,buoy,fn,b3,,,prediction_jsonl
radar_bounded_crops,157,train,buoy,fn,b4,,,prediction_jsonl
radar_bounded_crops,157,train,buoy,fn,b5,,,prediction_jsonl
radar_bounded_crops,157,train,buoy,fn,b6,,,prediction_jsonl
radar_bounded_crops,157,train,buoy,fn,b7,,,prediction_jsonl
radar_bounded_crops,157,train,buoy,fn,b8,,,prediction_jsonl
radar_bounded_crops,158,train,boat,tp,boat,0.7610835433006287,0.7119616295893993,prediction_jsonl
radar_bounded_crops,158,train,buoy,tp,b1,0.2996096909046173,0.8815630929860121,prediction_jsonl
radar_bounded_crops,158,train,buoy,fn,b2,,,prediction_jsonl
radar_bounded_crops,158,train,buoy,fn,b3,,,prediction_jsonl
radar_bounded_crops,158,train,buoy,fn,b4,,,prediction_jsonl
radar_bounded_crops,158,train,buoy,fn,b5,,,prediction_jsonl
radar_bounded_crops,158,train,buoy,fn,b6,,,prediction_jsonl
radar_bounded_crops,158,train,buoy,fn,b7,,,prediction_jsonl
radar_bounded_crops,158,train,buoy,fn,b8,,,prediction_jsonl
radar_bounded_crops,159,train,boat,tp,boat,0.7324385643005371,0.8221120166634351,prediction_jsonl
radar_bounded_crops,159,train,boat,fp,,0.2652246057987213,,prediction_jsonl
radar_bounded_crops,159,train,buoy,tp,b1,0.26715439558029175,0.7990989924419162,prediction_jsonl
radar_bounded_crops,159,train,buoy,fp,,0.1939990073442459,,prediction_jsonl
radar_bounded_crops,159,train,buoy,fn,b2,,,prediction_jsonl
radar_bounded_crops,159,train,buoy,fn,b3,,,prediction_jsonl
radar_bounded_crops,159,train,buoy,fn,b4,,,prediction_jsonl
radar_bounded_crops,159,train,buoy,fn,b5,,,prediction_jsonl
radar_bounded_crops,159,train,buoy,fn,b6,,,prediction_jsonl
radar_bounded_crops,159,train,buoy,fn,b7,,,prediction_jsonl
radar_bounded_crops,159,train,buoy,fn,b8,,,prediction_jsonl
radar_bounded_crops,160,train,boat,tp,boat,0.7145341038703918,0.79667193367084,prediction_jsonl
radar_bounded_crops,160,train,boat,fp,,0.2523074448108673,,prediction_jsonl
radar_bounded_crops,160,train,buoy,tp,b1,0.24089296162128448,0.8149524965772629,prediction_jsonl
radar_bounded_crops,160,train,buoy,tp,b2,0.1944209337234497,0.7965975607993554,prediction_jsonl
radar_bounded_crops,160,train,buoy,fn,b3,,,prediction_jsonl
radar_bounded_crops,160,train,buoy,fn,b4,,,prediction_jsonl
radar_bounded_crops,160,train,buoy,fn,b5,,,prediction_jsonl
radar_bounded_crops,160,train,buoy,fn,b6,,,prediction_jsonl
radar_bounded_crops,160,train,buoy,fn,b7,,,prediction_jsonl
radar_bounded_crops,160,train,buoy,fn,b8,,,prediction_jsonl
radar_bounded_crops,161,train,boat,tp,boat,0.7279039025306702,0.8088070454355876,prediction_jsonl
radar_bounded_crops,161,train,boat,fp,,0.1950407326221466,,prediction_jsonl
radar_bounded_crops,161,train,buoy,tp,b1,0.25412100553512573,0.8346520823576684,prediction_jsonl
radar_bounded_crops,161,train,buoy,tp,b2,0.18107883632183075,0.6967511035379723,prediction_jsonl
radar_bounded_crops,161,train,buoy,fp,,0.19098304212093353,,prediction_jsonl
radar_bounded_crops,161,train,buoy,fn,b3,,,prediction_jsonl
radar_bounded_crops,161,train,buoy,fn,b4,,,prediction_jsonl
radar_bounded_crops,161,train,buoy,fn,b5,,,prediction_jsonl
radar_bounded_crops,161,train,buoy,fn,b6,,,prediction_jsonl
radar_bounded_crops,161,train,buoy,fn,b7,,,prediction_jsonl
radar_bounded_crops,161,train,buoy,fn,b8,,,prediction_jsonl
radar_bounded_crops,162,train,boat,tp,boat,0.7274720668792725,0.7428259604659553,prediction_jsonl
radar_bounded_crops,162,train,boat,fp,,0.22977972030639648,,prediction_jsonl
radar_bounded_crops,162,train,buoy,tp,b1,0.2304505705833435,0.8301851551029208,prediction_jsonl
radar_bounded_crops,162,train,buoy,fn,b2,,,prediction_jsonl
radar_bounded_crops,162,train,buoy,fn,b3,,,prediction_jsonl
radar_bounded_crops,162,train,buoy,fn,b4,,,prediction_jsonl
radar_bounded_crops,162,train,buoy,fn,b5,,,prediction_jsonl
radar_bounded_crops,162,train,buoy,fn,b6,,,prediction_jsonl
radar_bounded_crops,162,train,buoy,fn,b7,,,prediction_jsonl
radar_bounded_crops,162,train,buoy,fn,b8,,,prediction_jsonl
radar_bounded_crops,163,train,boat,tp,boat,0.7183157205581665,0.7552863665517823,prediction_jsonl
radar_bounded_crops,163,train,boat,fp,,0.21748580038547516,,prediction_jsonl
radar_bounded_crops,163,train,buoy,tp,b1,0.26349303126335144,0.8346930026895567,prediction_jsonl
radar_bounded_crops,163,train,buoy,tp,b2,0.19003218412399292,0.7146677207815245,prediction_jsonl
radar_bounded_crops,163,train,buoy,fp,,0.20439006388187408,,prediction_jsonl
radar_bounded_crops,163,train,buoy,fn,b3,,,prediction_jsonl
radar_bounded_crops,163,train,buoy,fn,b4,,,prediction_jsonl
radar_bounded_crops,163,train,buoy,fn,b5,,,prediction_jsonl
radar_bounded_crops,163,train,buoy,fn,b6,,,prediction_jsonl
radar_bounded_crops,163,train,buoy,fn,b7,,,prediction_jsonl
radar_bounded_crops,163,train,buoy,fn,b8,,,prediction_jsonl
radar_bounded_crops,164,train,boat,tp,boat,0.7295365929603577,0.7046216204422955,prediction_jsonl
radar_bounded_crops,164,train,boat,fp,,0.1909421980381012,,prediction_jsonl
radar_bounded_crops,164,train,buoy,tp,b1,0.29122209548950195,0.8137748065797323,prediction_jsonl
radar_bounded_crops,164,train,buoy,fp,,0.22049331665039062,,prediction_jsonl
radar_bounded_crops,164,train,buoy,fn,b2,,,prediction_jsonl
radar_bounded_crops,164,train,buoy,fn,b3,,,prediction_jsonl
radar_bounded_crops,164,train,buoy,fn,b4,,,prediction_jsonl
radar_bounded_crops,164,train,buoy,fn,b5,,,prediction_jsonl
radar_bounded_crops,164,train,buoy,fn,b6,,,prediction_jsonl
radar_bounded_crops,164,train,buoy,fn,b7,,,prediction_jsonl
radar_bounded_crops,164,train,buoy,fn,b8,,,prediction_jsonl
radar_bounded_crops,165,train,boat,tp,boat,0.7237855195999146,0.731720988105725,prediction_jsonl
radar_bounded_crops,165,train,boat,fp,,0.23188544809818268,,prediction_jsonl
radar_bounded_crops,165,train,buoy,tp,b1,0.29435229301452637,0.8141623183615648,prediction_jsonl
radar_bounded_crops,165,train,buoy,tp,b2,0.18123118579387665,0.7232868883740771,prediction_jsonl
radar_bounded_crops,165,train,buoy,fp,,0.22159157693386078,,prediction_jsonl
radar_bounded_crops,165,train,buoy,fn,b3,,,prediction_jsonl
radar_bounded_crops,165,train,buoy,fn,b4,,,prediction_jsonl
radar_bounded_crops,165,train,buoy,fn,b5,,,prediction_jsonl
radar_bounded_crops,165,train,buoy,fn,b6,,,prediction_jsonl
radar_bounded_crops,165,train,buoy,fn,b7,,,prediction_jsonl
radar_bounded_crops,165,train,buoy,fn,b8,,,prediction_jsonl
radar_bounded_crops,166,train,boat,tp,boat,0.7174124717712402,0.7721694202083063,prediction_jsonl
radar_bounded_crops,166,train,boat,fp,,0.20845864713191986,,prediction_jsonl
radar_bounded_crops,166,train,buoy,tp,b1,0.277132123708725,0.8193393795980128,prediction_jsonl
radar_bounded_crops,166,train,buoy,fp,,0.20710456371307373,,prediction_jsonl
radar_bounded_crops,166,train,buoy,fn,b2,,,prediction_jsonl
radar_bounded_crops,166,train,buoy,fn,b3,,,prediction_jsonl
radar_bounded_crops,166,train,buoy,fn,b4,,,prediction_jsonl
radar_bounded_crops,166,train,buoy,fn,b5,,,prediction_jsonl
radar_bounded_crops,166,train,buoy,fn,b6,,,prediction_jsonl
radar_bounded_crops,166,train,buoy,fn,b7,,,prediction_jsonl
radar_bounded_crops,166,train,buoy,fn,b8,,,prediction_jsonl
radar_bounded_crops,167,train,boat,tp,boat,0.7257693409919739,0.8120629839417132,prediction_jsonl
radar_bounded_crops,167,train,boat,fp,,0.2378653734922409,,prediction_jsonl
radar_bounded_crops,167,train,buoy,tp,b1,0.24522684514522552,0.8028625884742411,prediction_jsonl
radar_bounded_crops,167,train,buoy,fp,,0.19329549372196198,,prediction_jsonl
radar_bounded_crops,167,train,buoy,fn,b2,,,prediction_jsonl
radar_bounded_crops,167,train,buoy,fn,b3,,,prediction_jsonl
radar_bounded_crops,167,train,buoy,fn,b4,,,prediction_jsonl
radar_bounded_crops,167,train,buoy,fn,b5,,,prediction_jsonl
radar_bounded_crops,167,train,buoy,fn,b6,,,prediction_jsonl
radar_bounded_crops,167,train,buoy,fn,b7,,,prediction_jsonl
radar_bounded_crops,167,train,buoy,fn,b8,,,prediction_jsonl
radar_bounded_crops,168,train,boat,tp,boat,0.7290793657302856,0.8124080515758944,prediction_jsonl
radar_bounded_crops,168,train,boat,fp,,0.2736465036869049,,prediction_jsonl
radar_bounded_crops,168,train,buoy,tp,b1,0.26123228669166565,0.8217110642664949,prediction_jsonl
radar_bounded_crops,168,train,buoy,tp,b2,0.19702906906604767,0.7479690501668782,prediction_jsonl
radar_bounded_crops,168,train,buoy,fp,,0.2068192958831787,,prediction_jsonl
radar_bounded_crops,168,train,buoy,fn,b3,,,prediction_jsonl
radar_bounded_crops,168,train,buoy,fn,b4,,,prediction_jsonl
radar_bounded_crops,168,train,buoy,fn,b5,,,prediction_jsonl
radar_bounded_crops,168,train,buoy,fn,b6,,,prediction_jsonl
radar_bounded_crops,168,train,buoy,fn,b7,,,prediction_jsonl
radar_bounded_crops,168,train,buoy,fn,b8,,,prediction_jsonl
radar_bounded_crops,169,train,boat,tp,boat,0.7214629054069519,0.7159216478409512,prediction_jsonl
radar_bounded_crops,169,train,buoy,tp,b1,0.24516789615154266,0.8879818233459932,prediction_jsonl
radar_bounded_crops,169,train,buoy,tp,b2,0.18038545548915863,0.710763838196853,prediction_jsonl
radar_bounded_crops,169,train,buoy,fn,b3,,,prediction_jsonl
radar_bounded_crops,169,train,buoy,fn,b4,,,prediction_jsonl
radar_bounded_crops,169,train,buoy,fn,b5,,,prediction_jsonl
radar_bounded_crops,169,train,buoy,fn,b6,,,prediction_jsonl
radar_bounded_crops,169,train,buoy,fn,b7,,,prediction_jsonl
radar_bounded_crops,169,train,buoy,fn,b8,,,prediction_jsonl
radar_bounded_crops,170,train,boat,tp,boat,0.721169650554657,0.72389197386294,prediction_jsonl
radar_bounded_crops,170,train,buoy,tp,b1,0.24332697689533234,0.8682391928668838,prediction_jsonl
radar_bounded_crops,170,train,buoy,fp,,0.18213023245334625,,prediction_jsonl
radar_bounded_crops,170,train,buoy,fn,b2,,,prediction_jsonl
radar_bounded_crops,170,train,buoy,fn,b3,,,prediction_jsonl
radar_bounded_crops,170,train,buoy,fn,b4,,,prediction_jsonl
radar_bounded_crops,170,train,buoy,fn,b5,,,prediction_jsonl
radar_bounded_crops,170,train,buoy,fn,b6,,,prediction_jsonl
radar_bounded_crops,170,train,buoy,fn,b7,,,prediction_jsonl
radar_bounded_crops,170,train,buoy,fn,b8,,,prediction_jsonl
radar_bounded_crops,171,train,boat,tp,boat,0.7273277044296265,0.748309625859771,prediction_jsonl
radar_bounded_crops,171,train,boat,fp,,0.20938558876514435,,prediction_jsonl
radar_bounded_crops,171,train,boat,fp,,0.1823752224445343,,prediction_jsonl
radar_bounded_crops,171,train,buoy,tp,b1,0.2265554964542389,0.8701085891686432,prediction_jsonl
radar_bounded_crops,171,train,buoy,fp,,0.18548010289669037,,prediction_jsonl
radar_bounded_crops,171,train,buoy,fn,b2,,,prediction_jsonl
radar_bounded_crops,171,train,buoy,fn,b3,,,prediction_jsonl
radar_bounded_crops,171,train,buoy,fn,b4,,,prediction_jsonl
radar_bounded_crops,171,train,buoy,fn,b5,,,prediction_jsonl
radar_bounded_crops,171,train,buoy,fn,b6,,,prediction_jsonl
radar_bounded_crops,171,train,buoy,fn,b7,,,prediction_jsonl
radar_bounded_crops,171,train,buoy,fn,b8,,,prediction_jsonl
radar_bounded_crops,172,train,boat,tp,boat,0.7277676463127136,0.7808116560071895,prediction_jsonl
radar_bounded_crops,172,train,buoy,tp,b1,0.21592071652412415,0.863187513974557,prediction_jsonl
radar_bounded_crops,172,train,buoy,fn,b2,,,prediction_jsonl
radar_bounded_crops,172,train,buoy,fn,b3,,,prediction_jsonl
radar_bounded_crops,172,train,buoy,fn,b4,,,prediction_jsonl
radar_bounded_crops,172,train,buoy,fn,b5,,,prediction_jsonl
radar_bounded_crops,172,train,buoy,fn,b6,,,prediction_jsonl
radar_bounded_crops,172,train,buoy,fn,b7,,,prediction_jsonl
radar_bounded_crops,172,train,buoy,fn,b8,,,prediction_jsonl
radar_bounded_crops,173,train,boat,tp,boat,0.7096697688102722,0.7490670597834397,prediction_jsonl
radar_bounded_crops,173,train,boat,fp,,0.20452849566936493,,prediction_jsonl
radar_bounded_crops,173,train,buoy,tp,b1,0.2140091210603714,0.8803659375918154,prediction_jsonl
radar_bounded_crops,173,train,buoy,fp,,0.1836709976196289,,prediction_jsonl
radar_bounded_crops,173,train,buoy,fn,b2,,,prediction_jsonl
radar_bounded_crops,173,train,buoy,fn,b3,,,prediction_jsonl
radar_bounded_crops,173,train,buoy,fn,b4,,,prediction_jsonl
radar_bounded_crops,173,train,buoy,fn,b5,,,prediction_jsonl
radar_bounded_crops,173,train,buoy,fn,b6,,,prediction_jsonl
radar_bounded_crops,173,train,buoy,fn,b7,,,prediction_jsonl
radar_bounded_crops,173,train,buoy,fn,b8,,,prediction_jsonl
radar_bounded_crops,174,train,boat,tp,boat,0.7196739912033081,0.6997695059629276,prediction_jsonl
radar_bounded_crops,174,train,buoy,tp,b1,0.20512253046035767,0.8802820895939705,prediction_jsonl
radar_bounded_crops,174,train,buoy,fn,b2,,,prediction_jsonl
radar_bounded_crops,174,train,buoy,fn,b3,,,prediction_jsonl
radar_bounded_crops,174,train,buoy,fn,b4,,,prediction_jsonl
radar_bounded_crops,174,train,buoy,fn,b5,,,prediction_jsonl
radar_bounded_crops,174,train,buoy,fn,b6,,,prediction_jsonl
radar_bounded_crops,174,train,buoy,fn,b7,,,prediction_jsonl
radar_bounded_crops,174,train,buoy,fn,b8,,,prediction_jsonl
radar_bounded_crops,175,train,boat,tp,boat,0.7265429496765137,0.7056151464403292,prediction_jsonl
radar_bounded_crops,175,train,buoy,tp,b1,0.22317682206630707,0.8809879587345288,prediction_jsonl
radar_bounded_crops,175,train,buoy,fp,,0.18626530468463898,,prediction_jsonl
radar_bounded_crops,175,train,buoy,fn,b2,,,prediction_jsonl
radar_bounded_crops,175,train,buoy,fn,b3,,,prediction_jsonl
radar_bounded_crops,175,train,buoy,fn,b4,,,prediction_jsonl
radar_bounded_crops,175,train,buoy,fn,b5,,,prediction_jsonl
radar_bounded_crops,175,train,buoy,fn,b6,,,prediction_jsonl
radar_bounded_crops,175,train,buoy,fn,b7,,,prediction_jsonl
radar_bounded_crops,175,train,buoy,fn,b8,,,prediction_jsonl
radar_bounded_crops,176,train,boat,tp,boat,0.7072324752807617,0.7265521254921203,prediction_jsonl
radar_bounded_crops,176,train,buoy,tp,b1,0.21118053793907166,0.8912183958658044,prediction_jsonl
radar_bounded_crops,176,train,buoy,fn,b2,,,prediction_jsonl
radar_bounded_crops,176,train,buoy,fn,b3,,,prediction_jsonl
radar_bounded_crops,176,train,buoy,fn,b4,,,prediction_jsonl
radar_bounded_crops,176,train,buoy,fn,b5,,,prediction_jsonl
radar_bounded_crops,176,train,buoy,fn,b6,,,prediction_jsonl
radar_bounded_crops,176,train,buoy,fn,b7,,,prediction_jsonl
radar_bounded_crops,176,train,buoy,fn,b8,,,prediction_jsonl
radar_bounded_crops,177,train,boat,tp,boat,0.7126321792602539,0.7269796006333501,prediction_jsonl
radar_bounded_crops,177,train,buoy,tp,b1,0.21558484435081482,0.8694884272733684,prediction_jsonl
radar_bounded_crops,177,train,buoy,fp,,0.186689093708992,,prediction_jsonl
radar_bounded_crops,177,train,buoy,fn,b2,,,prediction_jsonl
radar_bounded_crops,177,train,buoy,fn,b3,,,prediction_jsonl
radar_bounded_crops,177,train,buoy,fn,b4,,,prediction_jsonl
radar_bounded_crops,177,train,buoy,fn,b5,,,prediction_jsonl
radar_bounded_crops,177,train,buoy,fn,b6,,,prediction_jsonl
radar_bounded_crops,177,train,buoy,fn,b7,,,prediction_jsonl
radar_bounded_crops,177,train,buoy,fn,b8,,,prediction_jsonl
radar_bounded_crops,178,train,boat,tp,boat,0.7238406538963318,0.7351056518178937,prediction_jsonl
radar_bounded_crops,178,train,buoy,tp,b1,0.22775128483772278,0.8652482667055715,prediction_jsonl
radar_bounded_crops,178,train,buoy,fp,,0.18402992188930511,,prediction_jsonl
radar_bounded_crops,178,train,buoy,fn,b2,,,prediction_jsonl
radar_bounded_crops,178,train,buoy,fn,b3,,,prediction_jsonl
radar_bounded_crops,178,train,buoy,fn,b4,,,prediction_jsonl
radar_bounded_crops,178,train,buoy,fn,b5,,,prediction_jsonl
radar_bounded_crops,178,train,buoy,fn,b6,,,prediction_jsonl
radar_bounded_crops,178,train,buoy,fn,b7,,,prediction_jsonl
radar_bounded_crops,178,train,buoy,fn,b8,,,prediction_jsonl
radar_bounded_crops,179,train,boat,tp,boat,0.7220029234886169,0.7761488360064221,prediction_jsonl
radar_bounded_crops,179,train,boat,fp,,0.24095867574214935,,prediction_jsonl
radar_bounded_crops,179,train,buoy,tp,b1,0.2680543065071106,0.8487039044272721,prediction_jsonl
radar_bounded_crops,179,train,buoy,fn,b2,,,prediction_jsonl
radar_bounded_crops,179,train,buoy,fn,b3,,,prediction_jsonl
radar_bounded_crops,179,train,buoy,fn,b4,,,prediction_jsonl
radar_bounded_crops,179,train,buoy,fn,b5,,,prediction_jsonl
radar_bounded_crops,179,train,buoy,fn,b6,,,prediction_jsonl
radar_bounded_crops,179,train,buoy,fn,b7,,,prediction_jsonl
radar_bounded_crops,179,train,buoy,fn,b8,,,prediction_jsonl
radar_bounded_crops,180,train,boat,tp,boat,0.7312207221984863,0.8139299309728589,prediction_jsonl
radar_bounded_crops,180,train,boat,fp,,0.21532294154167175,,prediction_jsonl
radar_bounded_crops,180,train,buoy,tp,b1,0.27800285816192627,0.8658904795785318,prediction_jsonl
radar_bounded_crops,180,train,buoy,fn,b2,,,prediction_jsonl
radar_bounded_crops,180,train,buoy,fn,b3,,,prediction_jsonl
radar_bounded_crops,180,train,buoy,fn,b4,,,prediction_jsonl
radar_bounded_crops,180,train,buoy,fn,b5,,,prediction_jsonl
radar_bounded_crops,180,train,buoy,fn,b6,,,prediction_jsonl
radar_bounded_crops,180,train,buoy,fn,b7,,,prediction_jsonl
radar_bounded_crops,180,train,buoy,fn,b8,,,prediction_jsonl
radar_bounded_crops,181,train,boat,tp,boat,0.7200383543968201,0.7478933671601543,prediction_jsonl
radar_bounded_crops,181,train,buoy,tp,b1,0.26868149638175964,0.8621319080582845,prediction_jsonl
radar_bounded_crops,181,train,buoy,tp,b2,0.18202880024909973,0.7645096985702052,prediction_jsonl
radar_bounded_crops,181,train,buoy,fn,b3,,,prediction_jsonl
radar_bounded_crops,181,train,buoy,fn,b4,,,prediction_jsonl
radar_bounded_crops,181,train,buoy,fn,b5,,,prediction_jsonl
radar_bounded_crops,181,train,buoy,fn,b6,,,prediction_jsonl
radar_bounded_crops,181,train,buoy,fn,b7,,,prediction_jsonl
radar_bounded_crops,181,train,buoy,fn,b8,,,prediction_jsonl
radar_bounded_crops,182,train,boat,tp,boat,0.7149699926376343,0.8089346486472484,prediction_jsonl
radar_bounded_crops,182,train,boat,fp,,0.22083759307861328,,prediction_jsonl
radar_bounded_crops,182,train,buoy,tp,b1,0.27451226115226746,0.8595292200455725,prediction_jsonl
radar_bounded_crops,182,train,buoy,fn,b2,,,prediction_jsonl
radar_bounded_crops,182,train,buoy,fn,b3,,,prediction_jsonl
radar_bounded_crops,182,train,buoy,fn,b4,,,prediction_jsonl
radar_bounded_crops,182,train,buoy,fn,b5,,,prediction_jsonl
radar_bounded_crops,182,train,buoy,fn,b6,,,prediction_jsonl
radar_bounded_crops,182,train,buoy,fn,b7,,,prediction_jsonl
radar_bounded_crops,182,train,buoy,fn,b8,,,prediction_jsonl
radar_bounded_crops,183,train,boat,tp,boat,0.7134543061256409,0.8410477537902603,prediction_jsonl
radar_bounded_crops,183,train,boat,fp,,0.2305014729499817,,prediction_jsonl
radar_bounded_crops,183,train,buoy,tp,b1,0.2958301305770874,0.8615708017575943,prediction_jsonl
radar_bounded_crops,183,train,buoy,fn,b2,,,prediction_jsonl
radar_bounded_crops,183,train,buoy,fn,b3,,,prediction_jsonl
radar_bounded_crops,183,train,buoy,fn,b4,,,prediction_jsonl
radar_bounded_crops,183,train,buoy,fn,b5,,,prediction_jsonl
radar_bounded_crops,183,train,buoy,fn,b6,,,prediction_jsonl
radar_bounded_crops,183,train,buoy,fn,b7,,,prediction_jsonl
radar_bounded_crops,183,train,buoy,fn,b8,,,prediction_jsonl
radar_bounded_crops,184,train,boat,tp,boat,0.7194604873657227,0.7857826281826599,prediction_jsonl
radar_bounded_crops,184,train,boat,fp,,0.2588476538658142,,prediction_jsonl
radar_bounded_crops,184,train,buoy,tp,b1,0.3152782917022705,0.8469666982684022,prediction_jsonl
radar_bounded_crops,184,train,buoy,fn,b2,,,prediction_jsonl
radar_bounded_crops,184,train,buoy,fn,b3,,,prediction_jsonl
radar_bounded_crops,184,train,buoy,fn,b4,,,prediction_jsonl
radar_bounded_crops,184,train,buoy,fn,b5,,,prediction_jsonl
radar_bounded_crops,184,train,buoy,fn,b6,,,prediction_jsonl
radar_bounded_crops,184,train,buoy,fn,b7,,,prediction_jsonl
radar_bounded_crops,184,train,buoy,fn,b8,,,prediction_jsonl
radar_bounded_crops,185,train,boat,tp,boat,0.7212070822715759,0.7755717958496614,prediction_jsonl
radar_bounded_crops,185,train,boat,fp,,0.20418499410152435,,prediction_jsonl
radar_bounded_crops,185,train,buoy,tp,b1,0.2993027865886688,0.8563824376758951,prediction_jsonl
radar_bounded_crops,185,train,buoy,fp,,0.22011993825435638,,prediction_jsonl
radar_bounded_crops,185,train,buoy,fn,b2,,,prediction_jsonl
radar_bounded_crops,185,train,buoy,fn,b3,,,prediction_jsonl
radar_bounded_crops,185,train,buoy,fn,b4,,,prediction_jsonl
radar_bounded_crops,185,train,buoy,fn,b5,,,prediction_jsonl
radar_bounded_crops,185,train,buoy,fn,b6,,,prediction_jsonl
radar_bounded_crops,185,train,buoy,fn,b7,,,prediction_jsonl
radar_bounded_crops,185,train,buoy,fn,b8,,,prediction_jsonl
radar_bounded_crops,186,train,boat,tp,boat,0.7101492881774902,0.8106987212150149,prediction_jsonl
radar_bounded_crops,186,train,boat,fp,,0.260006308555603,,prediction_jsonl
radar_bounded_crops,186,train,buoy,tp,b1,0.2846151292324066,0.8592812516337215,prediction_jsonl
radar_bounded_crops,186,train,buoy,fn,b2,,,prediction_jsonl
radar_bounded_crops,186,train,buoy,fn,b3,,,prediction_jsonl
radar_bounded_crops,186,train,buoy,fn,b4,,,prediction_jsonl
radar_bounded_crops,186,train,buoy,fn,b5,,,prediction_jsonl
radar_bounded_crops,186,train,buoy,fn,b6,,,prediction_jsonl
radar_bounded_crops,186,train,buoy,fn,b7,,,prediction_jsonl
radar_bounded_crops,186,train,buoy,fn,b8,,,prediction_jsonl
radar_bounded_crops,187,train,boat,tp,boat,0.7171339392662048,0.8156332157845189,prediction_jsonl
radar_bounded_crops,187,train,boat,fp,,0.1966196447610855,,prediction_jsonl
radar_bounded_crops,187,train,buoy,tp,b1,0.29356980323791504,0.8725222758761269,prediction_jsonl
radar_bounded_crops,187,train,buoy,fn,b2,,,prediction_jsonl
radar_bounded_crops,187,train,buoy,fn,b3,,,prediction_jsonl
radar_bounded_crops,187,train,buoy,fn,b4,,,prediction_jsonl
radar_bounded_crops,187,train,buoy,fn,b5,,,prediction_jsonl
radar_bounded_crops,187,train,buoy,fn,b6,,,prediction_jsonl
radar_bounded_crops,187,train,buoy,fn,b7,,,prediction_jsonl
radar_bounded_crops,187,train,buoy,fn,b8,,,prediction_jsonl
radar_bounded_crops,188,train,boat,tp,boat,0.727739155292511,0.7641682987160855,prediction_jsonl
radar_bounded_crops,188,train,boat,fp,,0.18778494000434875,,prediction_jsonl
radar_bounded_crops,188,train,buoy,tp,b1,0.32196933031082153,0.8350431822750918,prediction_jsonl
radar_bounded_crops,188,train,buoy,fn,b2,,,prediction_jsonl
radar_bounded_crops,188,train,buoy,fn,b3,,,prediction_jsonl
radar_bounded_crops,188,train,buoy,fn,b4,,,prediction_jsonl
radar_bounded_crops,188,train,buoy,fn,b5,,,prediction_jsonl
radar_bounded_crops,188,train,buoy,fn,b6,,,prediction_jsonl
radar_bounded_crops,188,train,buoy,fn,b7,,,prediction_jsonl
radar_bounded_crops,188,train,buoy,fn,b8,,,prediction_jsonl
radar_bounded_crops,189,train,boat,tp,boat,0.7377575039863586,0.7823290777752876,prediction_jsonl
radar_bounded_crops,189,train,buoy,tp,b1,0.3375621438026428,0.8122492096988118,prediction_jsonl
radar_bounded_crops,189,train,buoy,fp,,0.2617644667625427,,prediction_jsonl
radar_bounded_crops,189,train,buoy,fn,b2,,,prediction_jsonl
radar_bounded_crops,189,train,buoy,fn,b3,,,prediction_jsonl
radar_bounded_crops,189,train,buoy,fn,b4,,,prediction_jsonl
radar_bounded_crops,189,train,buoy,fn,b5,,,prediction_jsonl
radar_bounded_crops,189,train,buoy,fn,b6,,,prediction_jsonl
radar_bounded_crops,189,train,buoy,fn,b7,,,prediction_jsonl
radar_bounded_crops,189,train,buoy,fn,b8,,,prediction_jsonl
radar_bounded_crops,190,train,boat,tp,boat,0.7221372723579407,0.733936064380373,prediction_jsonl
radar_bounded_crops,190,train,buoy,tp,b1,0.31273210048675537,0.7831503806890715,prediction_jsonl
radar_bounded_crops,190,train,buoy,fp,,0.24021610617637634,,prediction_jsonl
radar_bounded_crops,190,train,buoy,fn,b2,,,prediction_jsonl
radar_bounded_crops,190,train,buoy,fn,b3,,,prediction_jsonl
radar_bounded_crops,190,train,buoy,fn,b4,,,prediction_jsonl
radar_bounded_crops,190,train,buoy,fn,b5,,,prediction_jsonl
radar_bounded_crops,190,train,buoy,fn,b6,,,prediction_jsonl
radar_bounded_crops,190,train,buoy,fn,b7,,,prediction_jsonl
radar_bounded_crops,190,train,buoy,fn,b8,,,prediction_jsonl
radar_bounded_crops,191,train,boat,tp,boat,0.7328304052352905,0.7954132645600867,prediction_jsonl
radar_bounded_crops,191,train,buoy,tp,b1,0.3000308871269226,0.8095654451808217,prediction_jsonl
radar_bounded_crops,191,train,buoy,fp,,0.24169430136680603,,prediction_jsonl
radar_bounded_crops,191,train,buoy,fn,b2,,,prediction_jsonl
radar_bounded_crops,191,train,buoy,fn,b3,,,prediction_jsonl
radar_bounded_crops,191,train,buoy,fn,b4,,,prediction_jsonl
radar_bounded_crops,191,train,buoy,fn,b5,,,prediction_jsonl
radar_bounded_crops,191,train,buoy,fn,b6,,,prediction_jsonl
radar_bounded_crops,191,train,buoy,fn,b7,,,prediction_jsonl
radar_bounded_crops,191,train,buoy,fn,b8,,,prediction_jsonl
radar_bounded_crops,192,train,boat,tp,boat,0.7317730784416199,0.7673405999344683,prediction_jsonl
radar_bounded_crops,192,train,buoy,tp,b1,0.28212180733680725,0.8135951516138218,prediction_jsonl
radar_bounded_crops,192,train,buoy,fp,,0.24158883094787598,,prediction_jsonl
radar_bounded_crops,192,train,buoy,fn,b2,,,prediction_jsonl
radar_bounded_crops,192,train,buoy,fn,b3,,,prediction_jsonl
radar_bounded_crops,192,train,buoy,fn,b4,,,prediction_jsonl
radar_bounded_crops,192,train,buoy,fn,b5,,,prediction_jsonl
radar_bounded_crops,192,train,buoy,fn,b6,,,prediction_jsonl
radar_bounded_crops,192,train,buoy,fn,b7,,,prediction_jsonl
radar_bounded_crops,192,train,buoy,fn,b8,,,prediction_jsonl
radar_bounded_crops,193,train,boat,tp,boat,0.7288837432861328,0.7907788090700023,prediction_jsonl
radar_bounded_crops,193,train,buoy,tp,b1,0.2928616404533386,0.8060312853883381,prediction_jsonl
radar_bounded_crops,193,train,buoy,fn,b2,,,prediction_jsonl
radar_bounded_crops,193,train,buoy,fn,b3,,,prediction_jsonl
radar_bounded_crops,193,train,buoy,fn,b4,,,prediction_jsonl
radar_bounded_crops,193,train,buoy,fn,b5,,,prediction_jsonl
radar_bounded_crops,193,train,buoy,fn,b6,,,prediction_jsonl
radar_bounded_crops,193,train,buoy,fn,b7,,,prediction_jsonl
radar_bounded_crops,193,train,buoy,fn,b8,,,prediction_jsonl
radar_bounded_crops,194,train,boat,tp,boat,0.7354897856712341,0.8119811140119327,prediction_jsonl
radar_bounded_crops,194,train,buoy,tp,b1,0.282601535320282,0.800043620181177,prediction_jsonl
radar_bounded_crops,194,train,buoy,fp,,0.22846081852912903,,prediction_jsonl
radar_bounded_crops,194,train,buoy,fn,b2,,,prediction_jsonl
radar_bounded_crops,194,train,buoy,fn,b3,,,prediction_jsonl
radar_bounded_crops,194,train,buoy,fn,b4,,,prediction_jsonl
radar_bounded_crops,194,train,buoy,fn,b5,,,prediction_jsonl
radar_bounded_crops,194,train,buoy,fn,b6,,,prediction_jsonl
radar_bounded_crops,194,train,buoy,fn,b7,,,prediction_jsonl
radar_bounded_crops,194,train,buoy,fn,b8,,,prediction_jsonl
radar_bounded_crops,195,train,boat,tp,boat,0.7286142706871033,0.8051327635447093,prediction_jsonl
radar_bounded_crops,195,train,buoy,tp,b1,0.29154402017593384,0.8290580086758043,prediction_jsonl
radar_bounded_crops,195,train,buoy,fp,,0.23899374902248383,,prediction_jsonl
radar_bounded_crops,195,train,buoy,fn,b2,,,prediction_jsonl
radar_bounded_crops,195,train,buoy,fn,b3,,,prediction_jsonl
radar_bounded_crops,195,train,buoy,fn,b4,,,prediction_jsonl
radar_bounded_crops,195,train,buoy,fn,b5,,,prediction_jsonl
radar_bounded_crops,195,train,buoy,fn,b6,,,prediction_jsonl
radar_bounded_crops,195,train,buoy,fn,b7,,,prediction_jsonl
radar_bounded_crops,195,train,buoy,fn,b8,,,prediction_jsonl
radar_bounded_crops,196,train,boat,tp,boat,0.7274735569953918,0.8041376835266555,prediction_jsonl
radar_bounded_crops,196,train,buoy,tp,b1,0.29358381032943726,0.7973947524793247,prediction_jsonl
radar_bounded_crops,196,train,buoy,fp,,0.21799953281879425,,prediction_jsonl
radar_bounded_crops,196,train,buoy,fn,b2,,,prediction_jsonl
radar_bounded_crops,196,train,buoy,fn,b3,,,prediction_jsonl
radar_bounded_crops,196,train,buoy,fn,b4,,,prediction_jsonl
radar_bounded_crops,196,train,buoy,fn,b5,,,prediction_jsonl
radar_bounded_crops,196,train,buoy,fn,b6,,,prediction_jsonl
radar_bounded_crops,196,train,buoy,fn,b7,,,prediction_jsonl
radar_bounded_crops,196,train,buoy,fn,b8,,,prediction_jsonl
radar_bounded_crops,197,train,boat,tp,boat,0.7329797148704529,0.7954057834079503,prediction_jsonl
radar_bounded_crops,197,train,buoy,tp,b1,0.28196653723716736,0.8170748506993981,prediction_jsonl
radar_bounded_crops,197,train,buoy,fp,,0.2127440869808197,,prediction_jsonl
radar_bounded_crops,197,train,buoy,fn,b2,,,prediction_jsonl
radar_bounded_crops,197,train,buoy,fn,b3,,,prediction_jsonl
radar_bounded_crops,197,train,buoy,fn,b4,,,prediction_jsonl
radar_bounded_crops,197,train,buoy,fn,b5,,,prediction_jsonl
radar_bounded_crops,197,train,buoy,fn,b6,,,prediction_jsonl
radar_bounded_crops,197,train,buoy,fn,b7,,,prediction_jsonl
radar_bounded_crops,197,train,buoy,fn,b8,,,prediction_jsonl
radar_bounded_crops,198,train,boat,tp,boat,0.7231416702270508,0.7990018209272771,prediction_jsonl
radar_bounded_crops,198,train,boat,fp,,0.23902776837348938,,prediction_jsonl
radar_bounded_crops,198,train,buoy,tp,b1,0.2635727524757385,0.8157160252575701,prediction_jsonl
radar_bounded_crops,198,train,buoy,fp,,0.2079460173845291,,prediction_jsonl
radar_bounded_crops,198,train,buoy,fn,b2,,,prediction_jsonl
radar_bounded_crops,198,train,buoy,fn,b3,,,prediction_jsonl
radar_bounded_crops,198,train,buoy,fn,b4,,,prediction_jsonl
radar_bounded_crops,198,train,buoy,fn,b5,,,prediction_jsonl
radar_bounded_crops,198,train,buoy,fn,b6,,,prediction_jsonl
radar_bounded_crops,198,train,buoy,fn,b7,,,prediction_jsonl
radar_bounded_crops,198,train,buoy,fn,b8,,,prediction_jsonl
radar_bounded_crops,199,train,boat,tp,boat,0.7694490551948547,0.8195178075262513,prediction_jsonl
radar_bounded_crops,199,train,buoy,tp,b1,0.2931833863258362,0.8917804577403733,prediction_jsonl
radar_bounded_crops,199,train,buoy,fn,b2,,,prediction_jsonl
radar_bounded_crops,199,train,buoy,fn,b3,,,prediction_jsonl
radar_bounded_crops,199,train,buoy,fn,b4,,,prediction_jsonl
radar_bounded_crops,199,train,buoy,fn,b5,,,prediction_jsonl
radar_bounded_crops,199,train,buoy,fn,b6,,,prediction_jsonl
radar_bounded_crops,199,train,buoy,fn,b7,,,prediction_jsonl
radar_bounded_crops,199,train,buoy,fn,b8,,,prediction_jsonl
radar_bounded_crops,200,train,boat,tp,boat,0.768674373626709,0.8204331700364877,prediction_jsonl
radar_bounded_crops,200,train,buoy,tp,b1,0.31105560064315796,0.8817162984591729,prediction_jsonl
radar_bounded_crops,200,train,buoy,fn,b2,,,prediction_jsonl
radar_bounded_crops,200,train,buoy,fn,b3,,,prediction_jsonl
radar_bounded_crops,200,train,buoy,fn,b4,,,prediction_jsonl
radar_bounded_crops,200,train,buoy,fn,b5,,,prediction_jsonl
radar_bounded_crops,200,train,buoy,fn,b6,,,prediction_jsonl
radar_bounded_crops,200,train,buoy,fn,b7,,,prediction_jsonl
radar_bounded_crops,200,train,buoy,fn,b8,,,prediction_jsonl
radar_bounded_crops,201,train,boat,tp,boat,0.7514143586158752,0.8323870284792285,prediction_jsonl
radar_bounded_crops,201,train,boat,fp,,0.2301386147737503,,prediction_jsonl
radar_bounded_crops,201,train,boat,fp,,0.18397049605846405,,prediction_jsonl
radar_bounded_crops,201,train,buoy,tp,b1,0.309145987033844,0.8408231020374943,prediction_jsonl
radar_bounded_crops,201,train,buoy,tp,b2,0.198830708861351,0.6930062433243372,prediction_jsonl
radar_bounded_crops,201,train,buoy,fn,b3,,,prediction_jsonl
radar_bounded_crops,201,train,buoy,fn,b4,,,prediction_jsonl
radar_bounded_crops,201,train,buoy,fn,b5,,,prediction_jsonl
radar_bounded_crops,201,train,buoy,fn,b6,,,prediction_jsonl
radar_bounded_crops,201,train,buoy,fn,b7,,,prediction_jsonl
radar_bounded_crops,201,train,buoy,fn,b8,,,prediction_jsonl
radar_bounded_crops,202,train,boat,tp,boat,0.7408069968223572,0.8279008002960272,prediction_jsonl
radar_bounded_crops,202,train,boat,fp,,0.1906830072402954,,prediction_jsonl
radar_bounded_crops,202,train,buoy,tp,b1,0.310920774936676,0.8388725234439302,prediction_jsonl
radar_bounded_crops,202,train,buoy,fn,b2,,,prediction_jsonl
radar_bounded_crops,202,train,buoy,fn,b3,,,prediction_jsonl
radar_bounded_crops,202,train,buoy,fn,b4,,,prediction_jsonl
radar_bounded_crops,202,train,buoy,fn,b5,,,prediction_jsonl
radar_bounded_crops,202,train,buoy,fn,b6,,,prediction_jsonl
radar_bounded_crops,202,train,buoy,fn,b7,,,prediction_jsonl
radar_bounded_crops,202,train,buoy,fn,b8,,,prediction_jsonl
radar_bounded_crops,203,train,boat,tp,boat,0.7656363844871521,0.8564097355672387,prediction_jsonl
radar_bounded_crops,203,train,buoy,tp,b1,0.30748194456100464,0.8523678002134378,prediction_jsonl
radar_bounded_crops,203,train,buoy,tp,b2,0.22431108355522156,0.6448868593261072,prediction_jsonl
radar_bounded_crops,203,train,buoy,fn,b3,,,prediction_jsonl
radar_bounded_crops,203,train,buoy,fn,b4,,,prediction_jsonl
radar_bounded_crops,203,train,buoy,fn,b5,,,prediction_jsonl
radar_bounded_crops,203,train,buoy,fn,b6,,,prediction_jsonl
radar_bounded_crops,203,train,buoy,fn,b7,,,prediction_jsonl
radar_bounded_crops,203,train,buoy,fn,b8,,,prediction_jsonl
radar_bounded_crops,204,train,boat,tp,boat,0.726848840713501,0.8370791577562556,prediction_jsonl
radar_bounded_crops,204,train,buoy,tp,b1,0.3171185553073883,0.8867176629119012,prediction_jsonl
radar_bounded_crops,204,train,buoy,fn,b2,,,prediction_jsonl
radar_bounded_crops,204,train,buoy,fn,b3,,,prediction_jsonl
radar_bounded_crops,204,train,buoy,fn,b4,,,prediction_jsonl
radar_bounded_crops,204,train,buoy,fn,b5,,,prediction_jsonl
radar_bounded_crops,204,train,buoy,fn,b6,,,prediction_jsonl
radar_bounded_crops,204,train,buoy,fn,b7,,,prediction_jsonl
radar_bounded_crops,204,train,buoy,fn,b8,,,prediction_jsonl
radar_bounded_crops,205,train,boat,tp,boat,0.7145870923995972,0.8475342566621493,prediction_jsonl
radar_bounded_crops,205,train,boat,fp,,0.19513045251369476,,prediction_jsonl
radar_bounded_crops,205,train,buoy,tp,b1,0.2989679276943207,0.8612675228318326,prediction_jsonl
radar_bounded_crops,205,train,buoy,tp,b2,0.19429288804531097,0.694234535004748,prediction_jsonl
radar_bounded_crops,205,train,buoy,fn,b3,,,prediction_jsonl
radar_bounded_crops,205,train,buoy,fn,b4,,,prediction_jsonl
radar_bounded_crops,205,train,buoy,fn,b5,,,prediction_jsonl
radar_bounded_crops,205,train,buoy,fn,b6,,,prediction_jsonl
radar_bounded_crops,205,train,buoy,fn,b7,,,prediction_jsonl
radar_bounded_crops,205,train,buoy,fn,b8,,,prediction_jsonl
radar_bounded_crops,206,train,boat,tp,boat,0.7340210676193237,0.8427081516024539,prediction_jsonl
radar_bounded_crops,206,train,buoy,tp,b1,0.3288920819759369,0.8993569283356176,prediction_jsonl
radar_bounded_crops,206,train,buoy,fn,b2,,,prediction_jsonl
radar_bounded_crops,206,train,buoy,fn,b3,,,prediction_jsonl
radar_bounded_crops,206,train,buoy,fn,b4,,,prediction_jsonl
radar_bounded_crops,206,train,buoy,fn,b5,,,prediction_jsonl
radar_bounded_crops,206,train,buoy,fn,b6,,,prediction_jsonl
radar_bounded_crops,206,train,buoy,fn,b7,,,prediction_jsonl
radar_bounded_crops,206,train,buoy,fn,b8,,,prediction_jsonl
radar_bounded_crops,207,train,boat,tp,boat,0.762793779373169,0.8515188023216362,prediction_jsonl
radar_bounded_crops,207,train,buoy,tp,b1,0.34002766013145447,0.8644925286982758,prediction_jsonl
radar_bounded_crops,207,train,buoy,fn,b2,,,prediction_jsonl
radar_bounded_crops,207,train,buoy,fn,b3,,,prediction_jsonl
radar_bounded_crops,207,train,buoy,fn,b4,,,prediction_jsonl
radar_bounded_crops,207,train,buoy,fn,b5,,,prediction_jsonl
radar_bounded_crops,207,train,buoy,fn,b6,,,prediction_jsonl
radar_bounded_crops,207,train,buoy,fn,b7,,,prediction_jsonl
radar_bounded_crops,207,train,buoy,fn,b8,,,prediction_jsonl
radar_bounded_crops,208,train,boat,tp,boat,0.7303013801574707,0.7958706222809541,prediction_jsonl
radar_bounded_crops,208,train,buoy,tp,b1,0.32085323333740234,0.8470661121805684,prediction_jsonl
radar_bounded_crops,208,train,buoy,fn,b2,,,prediction_jsonl
radar_bounded_crops,208,train,buoy,fn,b3,,,prediction_jsonl
radar_bounded_crops,208,train,buoy,fn,b4,,,prediction_jsonl
radar_bounded_crops,208,train,buoy,fn,b5,,,prediction_jsonl
radar_bounded_crops,208,train,buoy,fn,b6,,,prediction_jsonl
radar_bounded_crops,208,train,buoy,fn,b7,,,prediction_jsonl
radar_bounded_crops,208,train,buoy,fn,b8,,,prediction_jsonl
radar_bounded_crops,209,train,boat,tp,boat,0.752700686454773,0.8134666926521772,prediction_jsonl
radar_bounded_crops,209,train,buoy,tp,b1,0.32533523440361023,0.7752571590487196,prediction_jsonl
radar_bounded_crops,209,train,buoy,fp,,0.25862640142440796,,prediction_jsonl
radar_bounded_crops,209,train,buoy,fn,b2,,,prediction_jsonl
radar_bounded_crops,209,train,buoy,fn,b3,,,prediction_jsonl
radar_bounded_crops,209,train,buoy,fn,b4,,,prediction_jsonl
radar_bounded_crops,209,train,buoy,fn,b5,,,prediction_jsonl
radar_bounded_crops,209,train,buoy,fn,b6,,,prediction_jsonl
radar_bounded_crops,209,train,buoy,fn,b7,,,prediction_jsonl
radar_bounded_crops,209,train,buoy,fn,b8,,,prediction_jsonl
radar_bounded_crops,210,train,boat,tp,boat,0.7402591705322266,0.8425951570662656,prediction_jsonl
radar_bounded_crops,210,train,buoy,tp,b1,0.31968337297439575,0.7871596861704454,prediction_jsonl
radar_bounded_crops,210,train,buoy,fn,b2,,,prediction_jsonl
radar_bounded_crops,210,train,buoy,fn,b3,,,prediction_jsonl
radar_bounded_crops,210,train,buoy,fn,b4,,,prediction_jsonl
radar_bounded_crops,210,train,buoy,fn,b5,,,prediction_jsonl
radar_bounded_crops,210,train,buoy,fn,b6,,,prediction_jsonl
radar_bounded_crops,210,train,buoy,fn,b7,,,prediction_jsonl
radar_bounded_crops,210,train,buoy,fn,b8,,,prediction_jsonl
radar_bounded_crops,211,train,boat,tp,boat,0.7382104396820068,0.7925593612398242,prediction_jsonl
radar_bounded_crops,211,train,buoy,tp,b1,0.31379902362823486,0.8235556220016428,prediction_jsonl
radar_bounded_crops,211,train,buoy,fp,,0.2592986524105072,,prediction_jsonl
radar_bounded_crops,211,train,buoy,fn,b3,,,prediction_jsonl
radar_bounded_crops,211,train,buoy,fn,b4,,,prediction_jsonl
radar_bounded_crops,211,train,buoy,fn,b5,,,prediction_jsonl
radar_bounded_crops,211,train,buoy,fn,b6,,,prediction_jsonl
radar_bounded_crops,211,train,buoy,fn,b7,,,prediction_jsonl
radar_bounded_crops,211,train,buoy,fn,b8,,,prediction_jsonl
radar_bounded_crops,212,train,boat,tp,boat,0.7085288763046265,0.7982990106779437,prediction_jsonl
radar_bounded_crops,212,train,buoy,tp,b1,0.2997377812862396,0.8266370889828341,prediction_jsonl
radar_bounded_crops,212,train,buoy,fp,,0.24610404670238495,,prediction_jsonl
radar_bounded_crops,212,train,buoy,fn,b3,,,prediction_jsonl
radar_bounded_crops,212,train,buoy,fn,b4,,,prediction_jsonl
radar_bounded_crops,212,train,buoy,fn,b5,,,prediction_jsonl
radar_bounded_crops,212,train,buoy,fn,b6,,,prediction_jsonl
radar_bounded_crops,212,train,buoy,fn,b7,,,prediction_jsonl
radar_bounded_crops,212,train,buoy,fn,b8,,,prediction_jsonl
radar_bounded_crops,213,train,boat,tp,boat,0.7551282048225403,0.8078827976741951,prediction_jsonl
radar_bounded_crops,213,train,buoy,tp,b1,0.32923394441604614,0.8044475345996426,prediction_jsonl
radar_bounded_crops,213,train,buoy,fp,,0.2722211182117462,,prediction_jsonl
radar_bounded_crops,213,train,buoy,fn,b3,,,prediction_jsonl
radar_bounded_crops,213,train,buoy,fn,b4,,,prediction_jsonl
radar_bounded_crops,213,train,buoy,fn,b5,,,prediction_jsonl
radar_bounded_crops,213,train,buoy,fn,b6,,,prediction_jsonl
radar_bounded_crops,213,train,buoy,fn,b7,,,prediction_jsonl
radar_bounded_crops,213,train,buoy,fn,b8,,,prediction_jsonl
radar_bounded_crops,214,train,boat,tp,boat,0.7403413653373718,0.8031643522303904,prediction_jsonl
radar_bounded_crops,214,train,buoy,tp,b1,0.32327601313591003,0.7881615910526385,prediction_jsonl
radar_bounded_crops,214,train,buoy,fp,,0.2784290015697479,,prediction_jsonl
radar_bounded_crops,214,train,buoy,fn,b3,,,prediction_jsonl
radar_bounded_crops,214,train,buoy,fn,b4,,,prediction_jsonl
radar_bounded_crops,214,train,buoy,fn,b5,,,prediction_jsonl
radar_bounded_crops,214,train,buoy,fn,b6,,,prediction_jsonl
radar_bounded_crops,214,train,buoy,fn,b7,,,prediction_jsonl
radar_bounded_crops,214,train,buoy,fn,b8,,,prediction_jsonl
radar_bounded_crops,215,train,boat,tp,boat,0.7359245419502258,0.7431711688212065,prediction_jsonl
radar_bounded_crops,215,train,boat,fp,,0.22281256318092346,,prediction_jsonl
radar_bounded_crops,215,train,buoy,tp,b1,0.3213154673576355,0.8141324824716273,prediction_jsonl
radar_bounded_crops,215,train,buoy,fn,b3,,,prediction_jsonl
radar_bounded_crops,215,train,buoy,fn,b4,,,prediction_jsonl
radar_bounded_crops,215,train,buoy,fn,b5,,,prediction_jsonl
radar_bounded_crops,215,train,buoy,fn,b6,,,prediction_jsonl
radar_bounded_crops,215,train,buoy,fn,b7,,,prediction_jsonl
radar_bounded_crops,215,train,buoy,fn,b8,,,prediction_jsonl
radar_bounded_crops,216,train,boat,tp,boat,0.7413631677627563,0.7860522009801678,prediction_jsonl
radar_bounded_crops,216,train,buoy,tp,b1,0.3299243748188019,0.7901832353794858,prediction_jsonl
radar_bounded_crops,216,train,buoy,fp,,0.2759750485420227,,prediction_jsonl
radar_bounded_crops,216,train,buoy,fn,b3,,,prediction_jsonl
radar_bounded_crops,216,train,buoy,fn,b4,,,prediction_jsonl
radar_bounded_crops,216,train,buoy,fn,b5,,,prediction_jsonl
radar_bounded_crops,216,train,buoy,fn,b6,,,prediction_jsonl
radar_bounded_crops,216,train,buoy,fn,b7,,,prediction_jsonl
radar_bounded_crops,216,train,buoy,fn,b8,,,prediction_jsonl
radar_bounded_crops,217,train,boat,tp,boat,0.7392805218696594,0.7886154100486903,prediction_jsonl
radar_bounded_crops,217,train,boat,fp,,0.20208172500133514,,prediction_jsonl
radar_bounded_crops,217,train,buoy,tp,b1,0.3294369876384735,0.8180192191715172,prediction_jsonl
radar_bounded_crops,217,train,buoy,fp,,0.27503564953804016,,prediction_jsonl
radar_bounded_crops,217,train,buoy,fn,b3,,,prediction_jsonl
radar_bounded_crops,217,train,buoy,fn,b4,,,prediction_jsonl
radar_bounded_crops,217,train,buoy,fn,b5,,,prediction_jsonl
radar_bounded_crops,217,train,buoy,fn,b6,,,prediction_jsonl
radar_bounded_crops,217,train,buoy,fn,b7,,,prediction_jsonl
radar_bounded_crops,217,train,buoy,fn,b8,,,prediction_jsonl
radar_bounded_crops,218,train,boat,tp,boat,0.7447882294654846,0.806133044634009,prediction_jsonl
radar_bounded_crops,218,train,buoy,tp,b1,0.34285032749176025,0.8311119292945314,prediction_jsonl
radar_bounded_crops,218,train,buoy,fp,,0.27813521027565,,prediction_jsonl
radar_bounded_crops,218,train,buoy,fn,b3,,,prediction_jsonl
radar_bounded_crops,218,train,buoy,fn,b4,,,prediction_jsonl
radar_bounded_crops,218,train,buoy,fn,b5,,,prediction_jsonl
radar_bounded_crops,218,train,buoy,fn,b6,,,prediction_jsonl
radar_bounded_crops,218,train,buoy,fn,b7,,,prediction_jsonl
radar_bounded_crops,218,train,buoy,fn,b8,,,prediction_jsonl
radar_bounded_crops,219,train,boat,tp,boat,0.711706280708313,0.7723321193316648,prediction_jsonl
radar_bounded_crops,219,train,boat,fp,,0.19062623381614685,,prediction_jsonl
radar_bounded_crops,219,train,buoy,tp,b1,0.30977872014045715,0.827207365835065,prediction_jsonl
radar_bounded_crops,219,train,buoy,fp,,0.2479381412267685,,prediction_jsonl
radar_bounded_crops,219,train,buoy,fn,b3,,,prediction_jsonl
radar_bounded_crops,219,train,buoy,fn,b4,,,prediction_jsonl
radar_bounded_crops,219,train,buoy,fn,b5,,,prediction_jsonl
radar_bounded_crops,219,train,buoy,fn,b6,,,prediction_jsonl
radar_bounded_crops,219,train,buoy,fn,b7,,,prediction_jsonl
radar_bounded_crops,219,train,buoy,fn,b8,,,prediction_jsonl
radar_bounded_crops,220,train,boat,tp,boat,0.7277241349220276,0.7814055221724985,prediction_jsonl
radar_bounded_crops,220,train,buoy,tp,b1,0.2974141240119934,0.8460470654519194,prediction_jsonl
radar_bounded_crops,220,train,buoy,fp,,0.22881253063678741,,prediction_jsonl
radar_bounded_crops,220,train,buoy,fn,b3,,,prediction_jsonl
radar_bounded_crops,220,train,buoy,fn,b4,,,prediction_jsonl
radar_bounded_crops,220,train,buoy,fn,b5,,,prediction_jsonl
radar_bounded_crops,220,train,buoy,fn,b6,,,prediction_jsonl
radar_bounded_crops,220,train,buoy,fn,b7,,,prediction_jsonl
radar_bounded_crops,220,train,buoy,fn,b8,,,prediction_jsonl
radar_bounded_crops,221,train,boat,tp,boat,0.7419687509536743,0.7931776348018416,prediction_jsonl
radar_bounded_crops,221,train,buoy,tp,b1,0.29744914174079895,0.832089416098954,prediction_jsonl
radar_bounded_crops,221,train,buoy,fp,,0.24755972623825073,,prediction_jsonl
radar_bounded_crops,221,train,buoy,fn,b3,,,prediction_jsonl
radar_bounded_crops,221,train,buoy,fn,b4,,,prediction_jsonl
radar_bounded_crops,221,train,buoy,fn,b5,,,prediction_jsonl
radar_bounded_crops,221,train,buoy,fn,b6,,,prediction_jsonl
radar_bounded_crops,221,train,buoy,fn,b7,,,prediction_jsonl
radar_bounded_crops,221,train,buoy,fn,b8,,,prediction_jsonl
radar_bounded_crops,222,train,boat,tp,boat,0.7311479449272156,0.7501664222114667,prediction_jsonl
radar_bounded_crops,222,train,buoy,tp,b1,0.3004457950592041,0.8279171540411714,prediction_jsonl
radar_bounded_crops,222,train,buoy,fp,,0.22474251687526703,,prediction_jsonl
radar_bounded_crops,222,train,buoy,fn,b3,,,prediction_jsonl
radar_bounded_crops,222,train,buoy,fn,b4,,,prediction_jsonl
radar_bounded_crops,222,train,buoy,fn,b5,,,prediction_jsonl
radar_bounded_crops,222,train,buoy,fn,b6,,,prediction_jsonl
radar_bounded_crops,222,train,buoy,fn,b7,,,prediction_jsonl
radar_bounded_crops,222,train,buoy,fn,b8,,,prediction_jsonl
radar_bounded_crops,223,train,boat,tp,boat,0.705037534236908,0.7262349001935686,prediction_jsonl
radar_bounded_crops,223,train,buoy,tp,b1,0.3067397475242615,0.8148184503846733,prediction_jsonl
radar_bounded_crops,223,train,buoy,fn,b3,,,prediction_jsonl
radar_bounded_crops,223,train,buoy,fn,b4,,,prediction_jsonl
radar_bounded_crops,223,train,buoy,fn,b5,,,prediction_jsonl
radar_bounded_crops,223,train,buoy,fn,b6,,,prediction_jsonl
radar_bounded_crops,223,train,buoy,fn,b7,,,prediction_jsonl
radar_bounded_crops,223,train,buoy,fn,b8,,,prediction_jsonl
radar_bounded_crops,224,train,boat,tp,boat,0.7278336882591248,0.7804336402001868,prediction_jsonl
radar_bounded_crops,224,train,buoy,tp,b1,0.3271120488643646,0.8361294018695085,prediction_jsonl
radar_bounded_crops,224,train,buoy,fp,,0.19822180271148682,,prediction_jsonl
radar_bounded_crops,224,train,buoy,fn,b3,,,prediction_jsonl
radar_bounded_crops,224,train,buoy,fn,b4,,,prediction_jsonl
radar_bounded_crops,224,train,buoy,fn,b5,,,prediction_jsonl
radar_bounded_crops,224,train,buoy,fn,b6,,,prediction_jsonl
radar_bounded_crops,224,train,buoy,fn,b7,,,prediction_jsonl
radar_bounded_crops,224,train,buoy,fn,b8,,,prediction_jsonl
radar_bounded_crops,225,train,boat,tp,boat,0.7354678511619568,0.7836191464916576,prediction_jsonl
radar_bounded_crops,225,train,buoy,tp,b1,0.3100060820579529,0.828949341185441,prediction_jsonl
radar_bounded_crops,225,train,buoy,fp,,0.18082265555858612,,prediction_jsonl
radar_bounded_crops,225,train,buoy,fn,b3,,,prediction_jsonl
radar_bounded_crops,225,train,buoy,fn,b4,,,prediction_jsonl
radar_bounded_crops,225,train,buoy,fn,b5,,,prediction_jsonl
radar_bounded_crops,225,train,buoy,fn,b6,,,prediction_jsonl
radar_bounded_crops,225,train,buoy,fn,b7,,,prediction_jsonl
radar_bounded_crops,225,train,buoy,fn,b8,,,prediction_jsonl
radar_bounded_crops,226,train,boat,tp,boat,0.7404706478118896,0.802667959718384,prediction_jsonl
radar_bounded_crops,226,train,buoy,tp,b1,0.3205861747264862,0.804757366244485,prediction_jsonl
radar_bounded_crops,226,train,buoy,fp,,0.26131367683410645,,prediction_jsonl
radar_bounded_crops,226,train,buoy,fn,b3,,,prediction_jsonl
radar_bounded_crops,226,train,buoy,fn,b4,,,prediction_jsonl
radar_bounded_crops,226,train,buoy,fn,b5,,,prediction_jsonl
radar_bounded_crops,226,train,buoy,fn,b6,,,prediction_jsonl
radar_bounded_crops,226,train,buoy,fn,b7,,,prediction_jsonl
radar_bounded_crops,226,train,buoy,fn,b8,,,prediction_jsonl
radar_bounded_crops,227,train,boat,tp,boat,0.7384355068206787,0.8210109057091717,prediction_jsonl
radar_bounded_crops,227,train,buoy,tp,b1,0.2956434488296509,0.8032484252374792,prediction_jsonl
radar_bounded_crops,227,train,buoy,fn,b3,,,prediction_jsonl
radar_bounded_crops,227,train,buoy,fn,b4,,,prediction_jsonl
radar_bounded_crops,227,train,buoy,fn,b5,,,prediction_jsonl
radar_bounded_crops,227,train,buoy,fn,b6,,,prediction_jsonl
radar_bounded_crops,227,train,buoy,fn,b7,,,prediction_jsonl
radar_bounded_crops,227,train,buoy,fn,b8,,,prediction_jsonl
radar_bounded_crops,228,train,boat,tp,boat,0.7164310812950134,0.8265877968396786,prediction_jsonl
radar_bounded_crops,228,train,buoy,tp,b1,0.3027111887931824,0.8240566151896691,prediction_jsonl
radar_bounded_crops,228,train,buoy,fp,,0.24892467260360718,,prediction_jsonl
radar_bounded_crops,228,train,buoy,fn,b3,,,prediction_jsonl
radar_bounded_crops,228,train,buoy,fn,b4,,,prediction_jsonl
radar_bounded_crops,228,train,buoy,fn,b5,,,prediction_jsonl
radar_bounded_crops,228,train,buoy,fn,b6,,,prediction_jsonl
radar_bounded_crops,228,train,buoy,fn,b7,,,prediction_jsonl
radar_bounded_crops,228,train,buoy,fn,b8,,,prediction_jsonl
radar_bounded_crops,229,train,boat,tp,boat,0.7072107195854187,0.7827698123180397,prediction_jsonl
radar_bounded_crops,229,train,buoy,tp,b1,0.2576007544994354,0.8402638933260671,prediction_jsonl
radar_bounded_crops,229,train,buoy,fp,,0.21193522214889526,,prediction_jsonl
radar_bounded_crops,229,train,buoy,fn,b3,,,prediction_jsonl
radar_bounded_crops,229,train,buoy,fn,b4,,,prediction_jsonl
radar_bounded_crops,229,train,buoy,fn,b5,,,prediction_jsonl
radar_bounded_crops,229,train,buoy,fn,b6,,,prediction_jsonl
radar_bounded_crops,229,train,buoy,fn,b7,,,prediction_jsonl
radar_bounded_crops,229,train,buoy,fn,b8,,,prediction_jsonl
radar_bounded_crops,230,train,boat,tp,boat,0.7202956676483154,0.7890482018283905,prediction_jsonl
radar_bounded_crops,230,train,buoy,tp,b1,0.2634906470775604,0.8185878645077034,prediction_jsonl
radar_bounded_crops,230,train,buoy,fn,b3,,,prediction_jsonl
radar_bounded_crops,230,train,buoy,fn,b4,,,prediction_jsonl
radar_bounded_crops,230,train,buoy,fn,b5,,,prediction_jsonl
radar_bounded_crops,230,train,buoy,fn,b6,,,prediction_jsonl
radar_bounded_crops,230,train,buoy,fn,b7,,,prediction_jsonl
radar_bounded_crops,230,train,buoy,fn,b8,,,prediction_jsonl
radar_bounded_crops,231,train,boat,tp,boat,0.7068428993225098,0.7278823810095778,prediction_jsonl
radar_bounded_crops,231,train,buoy,tp,b1,0.25380298495292664,0.8607150669864673,prediction_jsonl
radar_bounded_crops,231,train,buoy,fp,,0.20003968477249146,,prediction_jsonl
radar_bounded_crops,231,train,buoy,fn,b3,,,prediction_jsonl
radar_bounded_crops,231,train,buoy,fn,b4,,,prediction_jsonl
radar_bounded_crops,231,train,buoy,fn,b5,,,prediction_jsonl
radar_bounded_crops,231,train,buoy,fn,b6,,,prediction_jsonl
radar_bounded_crops,231,train,buoy,fn,b7,,,prediction_jsonl
radar_bounded_crops,231,train,buoy,fn,b8,,,prediction_jsonl
radar_bounded_crops,232,train,boat,tp,boat,0.7221649289131165,0.7722738304985877,prediction_jsonl
radar_bounded_crops,232,train,buoy,tp,b1,0.2536124289035797,0.872771714760265,prediction_jsonl
radar_bounded_crops,232,train,buoy,fp,,0.20685085654258728,,prediction_jsonl
radar_bounded_crops,232,train,buoy,fn,b3,,,prediction_jsonl
radar_bounded_crops,232,train,buoy,fn,b4,,,prediction_jsonl
radar_bounded_crops,232,train,buoy,fn,b5,,,prediction_jsonl
radar_bounded_crops,232,train,buoy,fn,b6,,,prediction_jsonl
radar_bounded_crops,232,train,buoy,fn,b7,,,prediction_jsonl
radar_bounded_crops,232,train,buoy,fn,b8,,,prediction_jsonl
radar_bounded_crops,233,train,boat,tp,boat,0.7161043882369995,0.776044174860697,prediction_jsonl
radar_bounded_crops,233,train,buoy,tp,b1,0.2556588649749756,0.8590051454800308,prediction_jsonl
radar_bounded_crops,233,train,buoy,fp,,0.1984749734401703,,prediction_jsonl
radar_bounded_crops,233,train,buoy,fn,b3,,,prediction_jsonl
radar_bounded_crops,233,train,buoy,fn,b4,,,prediction_jsonl
radar_bounded_crops,233,train,buoy,fn,b5,,,prediction_jsonl
radar_bounded_crops,233,train,buoy,fn,b6,,,prediction_jsonl
radar_bounded_crops,233,train,buoy,fn,b7,,,prediction_jsonl
radar_bounded_crops,233,train,buoy,fn,b8,,,prediction_jsonl
radar_bounded_crops,234,train,boat,tp,boat,0.7223182320594788,0.7395944058406586,prediction_jsonl
radar_bounded_crops,234,train,buoy,tp,b1,0.243117555975914,0.8176580007374524,prediction_jsonl
radar_bounded_crops,234,train,buoy,fp,,0.1964566856622696,,prediction_jsonl
radar_bounded_crops,234,train,buoy,fn,b3,,,prediction_jsonl
radar_bounded_crops,234,train,buoy,fn,b4,,,prediction_jsonl
radar_bounded_crops,234,train,buoy,fn,b5,,,prediction_jsonl
radar_bounded_crops,234,train,buoy,fn,b6,,,prediction_jsonl
radar_bounded_crops,234,train,buoy,fn,b7,,,prediction_jsonl
radar_bounded_crops,234,train,buoy,fn,b8,,,prediction_jsonl
radar_bounded_crops,235,train,boat,tp,boat,0.7267025113105774,0.7672239096579313,prediction_jsonl
radar_bounded_crops,235,train,buoy,tp,b1,0.2565684914588928,0.8452913130194344,prediction_jsonl
radar_bounded_crops,235,train,buoy,fp,,0.2097814530134201,,prediction_jsonl
radar_bounded_crops,235,train,buoy,fn,b3,,,prediction_jsonl
radar_bounded_crops,235,train,buoy,fn,b4,,,prediction_jsonl
radar_bounded_crops,235,train,buoy,fn,b5,,,prediction_jsonl
radar_bounded_crops,235,train,buoy,fn,b6,,,prediction_jsonl
radar_bounded_crops,235,train,buoy,fn,b7,,,prediction_jsonl
radar_bounded_crops,235,train,buoy,fn,b8,,,prediction_jsonl
radar_bounded_crops,236,train,boat,tp,boat,0.7150877118110657,0.7360975074011077,prediction_jsonl
radar_bounded_crops,236,train,buoy,tp,b1,0.25699546933174133,0.8444326986494696,prediction_jsonl
radar_bounded_crops,236,train,buoy,fp,,0.2076452225446701,,prediction_jsonl
radar_bounded_crops,236,train,buoy,fn,b3,,,prediction_jsonl
radar_bounded_crops,236,train,buoy,fn,b4,,,prediction_jsonl
radar_bounded_crops,236,train,buoy,fn,b5,,,prediction_jsonl
radar_bounded_crops,236,train,buoy,fn,b6,,,prediction_jsonl
radar_bounded_crops,236,train,buoy,fn,b7,,,prediction_jsonl
radar_bounded_crops,236,train,buoy,fn,b8,,,prediction_jsonl
radar_bounded_crops,237,train,boat,tp,boat,0.7011222243309021,0.7782563051828971,prediction_jsonl
radar_bounded_crops,237,train,buoy,tp,b1,0.25773224234580994,0.8416472430501463,prediction_jsonl
radar_bounded_crops,237,train,buoy,fp,,0.20910196006298065,,prediction_jsonl
radar_bounded_crops,237,train,buoy,fn,b3,,,prediction_jsonl
radar_bounded_crops,237,train,buoy,fn,b4,,,prediction_jsonl
radar_bounded_crops,237,train,buoy,fn,b5,,,prediction_jsonl
radar_bounded_crops,237,train,buoy,fn,b6,,,prediction_jsonl
radar_bounded_crops,237,train,buoy,fn,b7,,,prediction_jsonl
radar_bounded_crops,237,train,buoy,fn,b8,,,prediction_jsonl
radar_bounded_crops,238,train,boat,tp,boat,0.7116549611091614,0.7916849241162895,prediction_jsonl
radar_bounded_crops,238,train,buoy,tp,b1,0.2857465445995331,0.8387802556238703,prediction_jsonl
radar_bounded_crops,238,train,buoy,fp,,0.24653524160385132,,prediction_jsonl
radar_bounded_crops,238,train,buoy,fn,b3,,,prediction_jsonl
radar_bounded_crops,238,train,buoy,fn,b4,,,prediction_jsonl
radar_bounded_crops,238,train,buoy,fn,b5,,,prediction_jsonl
radar_bounded_crops,238,train,buoy,fn,b6,,,prediction_jsonl
radar_bounded_crops,238,train,buoy,fn,b7,,,prediction_jsonl
radar_bounded_crops,238,train,buoy,fn,b8,,,prediction_jsonl
radar_bounded_crops,239,train,boat,tp,boat,0.7553214430809021,0.7992355659340395,prediction_jsonl
radar_bounded_crops,239,train,buoy,tp,b1,0.3053085505962372,0.8487080122025904,prediction_jsonl
radar_bounded_crops,239,train,buoy,fp,,0.24553871154785156,,prediction_jsonl
radar_bounded_crops,239,train,buoy,fn,b3,,,prediction_jsonl
radar_bounded_crops,239,train,buoy,fn,b4,,,prediction_jsonl
radar_bounded_crops,239,train,buoy,fn,b5,,,prediction_jsonl
radar_bounded_crops,239,train,buoy,fn,b6,,,prediction_jsonl
radar_bounded_crops,239,train,buoy,fn,b7,,,prediction_jsonl
radar_bounded_crops,239,train,buoy,fn,b8,,,prediction_jsonl
radar_bounded_crops,240,train,boat,tp,boat,0.735369861125946,0.8022093834786824,prediction_jsonl
radar_bounded_crops,240,train,boat,fp,,0.20799387991428375,,prediction_jsonl
radar_bounded_crops,240,train,buoy,tp,b1,0.32316964864730835,0.8026893284376165,prediction_jsonl
radar_bounded_crops,240,train,buoy,fp,,0.26064568758010864,,prediction_jsonl
radar_bounded_crops,240,train,buoy,fn,b3,,,prediction_jsonl
radar_bounded_crops,240,train,buoy,fn,b4,,,prediction_jsonl
radar_bounded_crops,240,train,buoy,fn,b5,,,prediction_jsonl
radar_bounded_crops,240,train,buoy,fn,b6,,,prediction_jsonl
radar_bounded_crops,240,train,buoy,fn,b7,,,prediction_jsonl
radar_bounded_crops,240,train,buoy,fn,b8,,,prediction_jsonl
radar_bounded_crops,241,train,boat,tp,boat,0.7533588409423828,0.8028302173589429,prediction_jsonl
radar_bounded_crops,241,train,buoy,tp,b1,0.31688904762268066,0.7831902800936175,prediction_jsonl
radar_bounded_crops,241,train,buoy,fp,,0.25449907779693604,,prediction_jsonl
radar_bounded_crops,241,train,buoy,fn,b3,,,prediction_jsonl
radar_bounded_crops,241,train,buoy,fn,b4,,,prediction_jsonl
radar_bounded_crops,241,train,buoy,fn,b5,,,prediction_jsonl
radar_bounded_crops,241,train,buoy,fn,b6,,,prediction_jsonl
radar_bounded_crops,241,train,buoy,fn,b7,,,prediction_jsonl
radar_bounded_crops,241,train,buoy,fn,b8,,,prediction_jsonl
radar_bounded_crops,242,train,boat,tp,boat,0.7599049806594849,0.7860442674362763,prediction_jsonl
radar_bounded_crops,242,train,buoy,tp,b1,0.32794657349586487,0.8202840667014486,prediction_jsonl
radar_bounded_crops,242,train,buoy,fn,b3,,,prediction_jsonl
radar_bounded_crops,242,train,buoy,fn,b4,,,prediction_jsonl
radar_bounded_crops,242,train,buoy,fn,b5,,,prediction_jsonl
radar_bounded_crops,242,train,buoy,fn,b6,,,prediction_jsonl
radar_bounded_crops,242,train,buoy,fn,b7,,,prediction_jsonl
radar_bounded_crops,242,train,buoy,fn,b8,,,prediction_jsonl
radar_bounded_crops,243,train,boat,tp,boat,0.7684122323989868,0.7995492966028261,prediction_jsonl
radar_bounded_crops,243,train,buoy,tp,b1,0.3335380256175995,0.8037801331950538,prediction_jsonl
radar_bounded_crops,243,train,buoy,fp,,0.27911585569381714,,prediction_jsonl
radar_bounded_crops,243,train,buoy,fn,b3,,,prediction_jsonl
radar_bounded_crops,243,train,buoy,fn,b4,,,prediction_jsonl
radar_bounded_crops,243,train,buoy,fn,b5,,,prediction_jsonl
radar_bounded_crops,243,train,buoy,fn,b6,,,prediction_jsonl
radar_bounded_crops,243,train,buoy,fn,b7,,,prediction_jsonl
radar_bounded_crops,243,train,buoy,fn,b8,,,prediction_jsonl
radar_bounded_crops,244,train,boat,tp,boat,0.7454611659049988,0.8222451291882661,prediction_jsonl
radar_bounded_crops,244,train,buoy,tp,b1,0.33155253529548645,0.824186193740324,prediction_jsonl
radar_bounded_crops,244,train,buoy,fn,b3,,,prediction_jsonl
radar_bounded_crops,244,train,buoy,fn,b4,,,prediction_jsonl
radar_bounded_crops,244,train,buoy,fn,b5,,,prediction_jsonl
radar_bounded_crops,244,train,buoy,fn,b6,,,prediction_jsonl
radar_bounded_crops,244,train,buoy,fn,b7,,,prediction_jsonl
radar_bounded_crops,244,train,buoy,fn,b8,,,prediction_jsonl
radar_bounded_crops,245,train,boat,tp,boat,0.7235379219055176,0.8204461393207839,prediction_jsonl
radar_bounded_crops,245,train,buoy,tp,b1,0.31066790223121643,0.7954512876143753,prediction_jsonl
radar_bounded_crops,245,train,buoy,fn,b3,,,prediction_jsonl
radar_bounded_crops,245,train,buoy,fn,b4,,,prediction_jsonl
radar_bounded_crops,245,train,buoy,fn,b5,,,prediction_jsonl
radar_bounded_crops,245,train,buoy,fn,b6,,,prediction_jsonl
radar_bounded_crops,245,train,buoy,fn,b7,,,prediction_jsonl
radar_bounded_crops,245,train,buoy,fn,b8,,,prediction_jsonl
radar_bounded_crops,246,train,boat,tp,boat,0.7727932333946228,0.8197812593775906,prediction_jsonl
radar_bounded_crops,246,train,buoy,tp,b1,0.33644065260887146,0.8241242457202944,prediction_jsonl
radar_bounded_crops,246,train,buoy,fp,,0.26585662364959717,,prediction_jsonl
radar_bounded_crops,246,train,buoy,fn,b3,,,prediction_jsonl
radar_bounded_crops,246,train,buoy,fn,b4,,,prediction_jsonl
radar_bounded_crops,246,train,buoy,fn,b5,,,prediction_jsonl
radar_bounded_crops,246,train,buoy,fn,b6,,,prediction_jsonl
radar_bounded_crops,246,train,buoy,fn,b7,,,prediction_jsonl
radar_bounded_crops,246,train,buoy,fn,b8,,,prediction_jsonl
radar_bounded_crops,247,train,boat,tp,boat,0.7644630074501038,0.8258785578786362,prediction_jsonl
radar_bounded_crops,247,train,buoy,tp,b1,0.32032668590545654,0.7900057839682536,prediction_jsonl
radar_bounded_crops,247,train,buoy,fp,,0.2588759958744049,,prediction_jsonl
radar_bounded_crops,247,train,buoy,fn,b3,,,prediction_jsonl
radar_bounded_crops,247,train,buoy,fn,b4,,,prediction_jsonl
radar_bounded_crops,247,train,buoy,fn,b5,,,prediction_jsonl
radar_bounded_crops,247,train,buoy,fn,b6,,,prediction_jsonl
radar_bounded_crops,247,train,buoy,fn,b7,,,prediction_jsonl
radar_bounded_crops,247,train,buoy,fn,b8,,,prediction_jsonl
radar_bounded_crops,248,train,boat,tp,boat,0.740050733089447,0.7858317667274929,prediction_jsonl
radar_bounded_crops,248,train,buoy,tp,b1,0.31329354643821716,0.809432116219384,prediction_jsonl
radar_bounded_crops,248,train,buoy,fp,,0.25758087635040283,,prediction_jsonl
radar_bounded_crops,248,train,buoy,fn,b3,,,prediction_jsonl
radar_bounded_crops,248,train,buoy,fn,b4,,,prediction_jsonl
radar_bounded_crops,248,train,buoy,fn,b5,,,prediction_jsonl
radar_bounded_crops,248,train,buoy,fn,b6,,,prediction_jsonl
radar_bounded_crops,248,train,buoy,fn,b7,,,prediction_jsonl
radar_bounded_crops,248,train,buoy,fn,b8,,,prediction_jsonl
radar_bounded_crops,249,train,boat,tp,boat,0.6401236057281494,0.7169904382133306,prediction_jsonl
radar_bounded_crops,249,train,buoy,tp,b1,0.3460690379142761,0.8995234409235701,prediction_jsonl
radar_bounded_crops,249,train,buoy,fp,,0.18735553324222565,,prediction_jsonl
radar_bounded_crops,249,train,buoy,fn,b3,,,prediction_jsonl
radar_bounded_crops,249,train,buoy,fn,b4,,,prediction_jsonl
radar_bounded_crops,249,train,buoy,fn,b5,,,prediction_jsonl
radar_bounded_crops,249,train,buoy,fn,b6,,,prediction_jsonl
radar_bounded_crops,249,train,buoy,fn,b7,,,prediction_jsonl
radar_bounded_crops,249,train,buoy,fn,b8,,,prediction_jsonl
radar_bounded_crops,250,train,boat,tp,boat,0.7523784637451172,0.7801547261491452,prediction_jsonl
radar_bounded_crops,250,train,buoy,tp,b1,0.34286147356033325,0.8779160516609429,prediction_jsonl
radar_bounded_crops,250,train,buoy,fn,b3,,,prediction_jsonl
radar_bounded_crops,250,train,buoy,fn,b4,,,prediction_jsonl
radar_bounded_crops,250,train,buoy,fn,b5,,,prediction_jsonl
radar_bounded_crops,250,train,buoy,fn,b6,,,prediction_jsonl
radar_bounded_crops,250,train,buoy,fn,b7,,,prediction_jsonl
radar_bounded_crops,250,train,buoy,fn,b8,,,prediction_jsonl
radar_bounded_crops,251,train,boat,tp,boat,0.757890522480011,0.7950663397672723,prediction_jsonl
radar_bounded_crops,251,train,buoy,tp,b1,0.3356049358844757,0.8433326161086659,prediction_jsonl
radar_bounded_crops,251,train,buoy,fn,b3,,,prediction_jsonl
radar_bounded_crops,251,train,buoy,fn,b4,,,prediction_jsonl
radar_bounded_crops,251,train,buoy,fn,b5,,,prediction_jsonl
radar_bounded_crops,251,train,buoy,fn,b6,,,prediction_jsonl
radar_bounded_crops,251,train,buoy,fn,b7,,,prediction_jsonl
radar_bounded_crops,251,train,buoy,fn,b8,,,prediction_jsonl
radar_bounded_crops,252,train,boat,tp,boat,0.7619993090629578,0.7815798624744282,prediction_jsonl
radar_bounded_crops,252,train,buoy,tp,b1,0.3076482117176056,0.8519102790967754,prediction_jsonl
radar_bounded_crops,252,train,buoy,fn,b3,,,prediction_jsonl
radar_bounded_crops,252,train,buoy,fn,b4,,,prediction_jsonl
radar_bounded_crops,252,train,buoy,fn,b5,,,prediction_jsonl
radar_bounded_crops,252,train,buoy,fn,b6,,,prediction_jsonl
radar_bounded_crops,252,train,buoy,fn,b7,,,prediction_jsonl
radar_bounded_crops,252,train,buoy,fn,b8,,,prediction_jsonl
radar_bounded_crops,253,train,boat,tp,boat,0.6565136909484863,0.80286306330654,prediction_jsonl
radar_bounded_crops,253,train,boat,fp,,0.1910262554883957,,prediction_jsonl
radar_bounded_crops,253,train,buoy,tp,b1,0.34520748257637024,0.8480372224586181,prediction_jsonl
radar_bounded_crops,253,train,buoy,fn,b3,,,prediction_jsonl
radar_bounded_crops,253,train,buoy,fn,b4,,,prediction_jsonl
radar_bounded_crops,253,train,buoy,fn,b5,,,prediction_jsonl
radar_bounded_crops,253,train,buoy,fn,b6,,,prediction_jsonl
radar_bounded_crops,253,train,buoy,fn,b7,,,prediction_jsonl
radar_bounded_crops,253,train,buoy,fn,b8,,,prediction_jsonl
radar_bounded_crops,254,train,boat,tp,boat,0.627284586429596,0.8126805115418313,prediction_jsonl
radar_bounded_crops,254,train,boat,fp,,0.22598353028297424,,prediction_jsonl
radar_bounded_crops,254,train,buoy,tp,b1,0.32273679971694946,0.8679547599819462,prediction_jsonl
radar_bounded_crops,254,train,buoy,fp,,0.18598845601081848,,prediction_jsonl
radar_bounded_crops,254,train,buoy,fn,b3,,,prediction_jsonl
radar_bounded_crops,254,train,buoy,fn,b4,,,prediction_jsonl
radar_bounded_crops,254,train,buoy,fn,b5,,,prediction_jsonl
radar_bounded_crops,254,train,buoy,fn,b6,,,prediction_jsonl
radar_bounded_crops,254,train,buoy,fn,b7,,,prediction_jsonl
radar_bounded_crops,254,train,buoy,fn,b8,,,prediction_jsonl
radar_bounded_crops,255,train,boat,tp,boat,0.5383461117744446,0.6905803415673802,prediction_jsonl
radar_bounded_crops,255,train,buoy,tp,b1,0.32514482736587524,0.8751469186519862,prediction_jsonl
radar_bounded_crops,255,train,buoy,fp,,0.24621325731277466,,prediction_jsonl
radar_bounded_crops,255,train,buoy,fn,b3,,,prediction_jsonl
radar_bounded_crops,255,train,buoy,fn,b4,,,prediction_jsonl
radar_bounded_crops,255,train,buoy,fn,b5,,,prediction_jsonl
radar_bounded_crops,255,train,buoy,fn,b6,,,prediction_jsonl
radar_bounded_crops,255,train,buoy,fn,b7,,,prediction_jsonl
radar_bounded_crops,255,train,buoy,fn,b8,,,prediction_jsonl
radar_bounded_crops,256,train,boat,tp,boat,0.7007552981376648,0.7415307470444177,prediction_jsonl
radar_bounded_crops,256,train,buoy,tp,b1,0.3212847411632538,0.9001026990666692,prediction_jsonl
radar_bounded_crops,256,train,buoy,fp,,0.20469596982002258,,prediction_jsonl
radar_bounded_crops,256,train,buoy,fn,b3,,,prediction_jsonl
radar_bounded_crops,256,train,buoy,fn,b4,,,prediction_jsonl
radar_bounded_crops,256,train,buoy,fn,b5,,,prediction_jsonl
radar_bounded_crops,256,train,buoy,fn,b6,,,prediction_jsonl
radar_bounded_crops,256,train,buoy,fn,b7,,,prediction_jsonl
radar_bounded_crops,256,train,buoy,fn,b8,,,prediction_jsonl
radar_bounded_crops,257,train,boat,tp,boat,0.7470043897628784,0.7790671795329749,prediction_jsonl
radar_bounded_crops,257,train,buoy,tp,b1,0.35141342878341675,0.8715474402771677,prediction_jsonl
radar_bounded_crops,257,train,buoy,fp,,0.27004870772361755,,prediction_jsonl
radar_bounded_crops,257,train,buoy,fn,b3,,,prediction_jsonl
radar_bounded_crops,257,train,buoy,fn,b4,,,prediction_jsonl
radar_bounded_crops,257,train,buoy,fn,b5,,,prediction_jsonl
radar_bounded_crops,257,train,buoy,fn,b6,,,prediction_jsonl
radar_bounded_crops,257,train,buoy,fn,b7,,,prediction_jsonl
radar_bounded_crops,257,train,buoy,fn,b8,,,prediction_jsonl
radar_bounded_crops,258,train,boat,tp,boat,0.6398736834526062,0.6861004825149747,prediction_jsonl
radar_bounded_crops,258,train,boat,fp,,0.18937870860099792,,prediction_jsonl
radar_bounded_crops,258,train,buoy,tp,b1,0.32817694544792175,0.8633717992990355,prediction_jsonl
radar_bounded_crops,258,train,buoy,fp,,0.25415194034576416,,prediction_jsonl
radar_bounded_crops,258,train,buoy,fn,b3,,,prediction_jsonl
radar_bounded_crops,258,train,buoy,fn,b4,,,prediction_jsonl
radar_bounded_crops,258,train,buoy,fn,b5,,,prediction_jsonl
radar_bounded_crops,258,train,buoy,fn,b6,,,prediction_jsonl
radar_bounded_crops,258,train,buoy,fn,b7,,,prediction_jsonl
radar_bounded_crops,258,train,buoy,fn,b8,,,prediction_jsonl
radar_bounded_crops,259,train,boat,tp,boat,0.66645747423172,0.8297992347863176,prediction_jsonl
radar_bounded_crops,259,train,buoy,tp,b1,0.28340351581573486,0.8095573760849979,prediction_jsonl
radar_bounded_crops,259,train,buoy,fp,,0.21400178968906403,,prediction_jsonl
radar_bounded_crops,259,train,buoy,fn,b3,,,prediction_jsonl
radar_bounded_crops,259,train,buoy,fn,b4,,,prediction_jsonl
radar_bounded_crops,259,train,buoy,fn,b5,,,prediction_jsonl
radar_bounded_crops,259,train,buoy,fn,b6,,,prediction_jsonl
radar_bounded_crops,259,train,buoy,fn,b7,,,prediction_jsonl
radar_bounded_crops,259,train,buoy,fn,b8,,,prediction_jsonl
radar_bounded_crops,260,train,boat,tp,boat,0.7169514298439026,0.8442944706831703,prediction_jsonl
radar_bounded_crops,260,train,buoy,tp,b1,0.29972970485687256,0.8002474181675229,prediction_jsonl
radar_bounded_crops,260,train,buoy,fn,b3,,,prediction_jsonl
radar_bounded_crops,260,train,buoy,fn,b4,,,prediction_jsonl
radar_bounded_crops,260,train,buoy,fn,b5,,,prediction_jsonl
radar_bounded_crops,260,train,buoy,fn,b6,,,prediction_jsonl
radar_bounded_crops,260,train,buoy,fn,b7,,,prediction_jsonl
radar_bounded_crops,260,train,buoy,fn,b8,,,prediction_jsonl
radar_bounded_crops,261,train,boat,tp,boat,0.7001144289970398,0.8125579305651675,prediction_jsonl
radar_bounded_crops,261,train,buoy,tp,b1,0.3229808211326599,0.7746714973364177,prediction_jsonl
radar_bounded_crops,261,train,buoy,fn,b3,,,prediction_jsonl
radar_bounded_crops,261,train,buoy,fn,b4,,,prediction_jsonl
radar_bounded_crops,261,train,buoy,fn,b5,,,prediction_jsonl
radar_bounded_crops,261,train,buoy,fn,b6,,,prediction_jsonl
radar_bounded_crops,261,train,buoy,fn,b7,,,prediction_jsonl
radar_bounded_crops,261,train,buoy,fn,b8,,,prediction_jsonl
radar_bounded_crops,262,train,boat,tp,boat,0.4360148310661316,0.7122166374517549,prediction_jsonl
radar_bounded_crops,262,train,buoy,tp,b1,0.31988656520843506,0.7687902082534342,prediction_jsonl
radar_bounded_crops,262,train,buoy,fn,b3,,,prediction_jsonl
radar_bounded_crops,262,train,buoy,fn,b4,,,prediction_jsonl
radar_bounded_crops,262,train,buoy,fn,b5,,,prediction_jsonl
radar_bounded_crops,262,train,buoy,fn,b6,,,prediction_jsonl
radar_bounded_crops,262,train,buoy,fn,b7,,,prediction_jsonl
radar_bounded_crops,262,train,buoy,fn,b8,,,prediction_jsonl
radar_bounded_crops,263,train,boat,tp,boat,0.4180646538734436,0.6866449561770651,prediction_jsonl
radar_bounded_crops,263,train,buoy,tp,b1,0.3303030729293823,0.7806279392920596,prediction_jsonl
radar_bounded_crops,263,train,buoy,fp,,0.24470800161361694,,prediction_jsonl
radar_bounded_crops,263,train,buoy,fn,b3,,,prediction_jsonl
radar_bounded_crops,263,train,buoy,fn,b4,,,prediction_jsonl
radar_bounded_crops,263,train,buoy,fn,b5,,,prediction_jsonl
radar_bounded_crops,263,train,buoy,fn,b6,,,prediction_jsonl
radar_bounded_crops,263,train,buoy,fn,b7,,,prediction_jsonl
radar_bounded_crops,263,train,buoy,fn,b8,,,prediction_jsonl
radar_bounded_crops,264,train,boat,tp,boat,0.4345416724681854,0.6922739870220259,prediction_jsonl
radar_bounded_crops,264,train,boat,fp,,0.22698965668678284,,prediction_jsonl
radar_bounded_crops,264,train,buoy,tp,b1,0.32041534781455994,0.7746140483307271,prediction_jsonl
radar_bounded_crops,264,train,buoy,fn,b3,,,prediction_jsonl
radar_bounded_crops,264,train,buoy,fn,b4,,,prediction_jsonl
radar_bounded_crops,264,train,buoy,fn,b5,,,prediction_jsonl
radar_bounded_crops,264,train,buoy,fn,b6,,,prediction_jsonl
radar_bounded_crops,264,train,buoy,fn,b7,,,prediction_jsonl
radar_bounded_crops,264,train,buoy,fn,b8,,,prediction_jsonl
radar_bounded_crops,265,train,boat,tp,boat,0.7088339328765869,0.790448792051521,prediction_jsonl
radar_bounded_crops,265,train,buoy,tp,b1,0.308998167514801,0.7712452782656287,prediction_jsonl
radar_bounded_crops,265,train,buoy,fp,,0.24480992555618286,,prediction_jsonl
radar_bounded_crops,265,train,buoy,fn,b3,,,prediction_jsonl
radar_bounded_crops,265,train,buoy,fn,b4,,,prediction_jsonl
radar_bounded_crops,265,train,buoy,fn,b5,,,prediction_jsonl
radar_bounded_crops,265,train,buoy,fn,b6,,,prediction_jsonl
radar_bounded_crops,265,train,buoy,fn,b7,,,prediction_jsonl
radar_bounded_crops,265,train,buoy,fn,b8,,,prediction_jsonl
radar_bounded_crops,266,train,boat,tp,boat,0.6445987820625305,0.7684749323074161,prediction_jsonl
radar_bounded_crops,266,train,buoy,tp,b1,0.31584590673446655,0.7640256400783401,prediction_jsonl
radar_bounded_crops,266,train,buoy,fp,,0.23718659579753876,,prediction_jsonl
radar_bounded_crops,266,train,buoy,fn,b3,,,prediction_jsonl
radar_bounded_crops,266,train,buoy,fn,b4,,,prediction_jsonl
radar_bounded_crops,266,train,buoy,fn,b5,,,prediction_jsonl
radar_bounded_crops,266,train,buoy,fn,b6,,,prediction_jsonl
radar_bounded_crops,266,train,buoy,fn,b7,,,prediction_jsonl
radar_bounded_crops,266,train,buoy,fn,b8,,,prediction_jsonl
radar_bounded_crops,267,train,boat,tp,boat,0.6912513971328735,0.79184040280075,prediction_jsonl
radar_bounded_crops,267,train,buoy,tp,b1,0.31540346145629883,0.7597208374363928,prediction_jsonl
radar_bounded_crops,267,train,buoy,fn,b3,,,prediction_jsonl
radar_bounded_crops,267,train,buoy,fn,b4,,,prediction_jsonl
radar_bounded_crops,267,train,buoy,fn,b5,,,prediction_jsonl
radar_bounded_crops,267,train,buoy,fn,b6,,,prediction_jsonl
radar_bounded_crops,267,train,buoy,fn,b7,,,prediction_jsonl
radar_bounded_crops,267,train,buoy,fn,b8,,,prediction_jsonl
radar_bounded_crops,268,train,boat,tp,boat,0.4988630712032318,0.7128733662570721,prediction_jsonl
radar_bounded_crops,268,train,buoy,tp,b1,0.32097846269607544,0.7582851414712901,prediction_jsonl
radar_bounded_crops,268,train,buoy,fp,,0.24752584099769592,,prediction_jsonl
radar_bounded_crops,268,train,buoy,fn,b3,,,prediction_jsonl
radar_bounded_crops,268,train,buoy,fn,b4,,,prediction_jsonl
radar_bounded_crops,268,train,buoy,fn,b5,,,prediction_jsonl
radar_bounded_crops,268,train,buoy,fn,b6,,,prediction_jsonl
radar_bounded_crops,268,train,buoy,fn,b7,,,prediction_jsonl
radar_bounded_crops,268,train,buoy,fn,b8,,,prediction_jsonl
radar_bounded_crops,269,train,boat,tp,boat,0.5211571455001831,0.6646104794018842,prediction_jsonl
radar_bounded_crops,269,train,boat,fp,,0.19630663096904755,,prediction_jsonl
radar_bounded_crops,269,train,buoy,tp,b1,0.32314103841781616,0.7804366105518495,prediction_jsonl
radar_bounded_crops,269,train,buoy,fp,,0.23472602665424347,,prediction_jsonl
radar_bounded_crops,269,train,buoy,fn,b3,,,prediction_jsonl
radar_bounded_crops,269,train,buoy,fn,b4,,,prediction_jsonl
radar_bounded_crops,269,train,buoy,fn,b5,,,prediction_jsonl
radar_bounded_crops,269,train,buoy,fn,b6,,,prediction_jsonl
radar_bounded_crops,269,train,buoy,fn,b7,,,prediction_jsonl
radar_bounded_crops,269,train,buoy,fn,b8,,,prediction_jsonl
radar_bounded_crops,270,train,boat,tp,boat,0.6012591123580933,0.6825298133955898,prediction_jsonl
radar_bounded_crops,270,train,buoy,tp,b1,0.3205859661102295,0.7688052423330648,prediction_jsonl
radar_bounded_crops,270,train,buoy,fp,,0.23594307899475098,,prediction_jsonl
radar_bounded_crops,270,train,buoy,fn,b3,,,prediction_jsonl
radar_bounded_crops,270,train,buoy,fn,b4,,,prediction_jsonl
radar_bounded_crops,270,train,buoy,fn,b5,,,prediction_jsonl
radar_bounded_crops,270,train,buoy,fn,b6,,,prediction_jsonl
radar_bounded_crops,270,train,buoy,fn,b7,,,prediction_jsonl
radar_bounded_crops,270,train,buoy,fn,b8,,,prediction_jsonl
radar_bounded_crops,271,train,boat,tp,boat,0.496221125125885,0.7624536886929498,prediction_jsonl
radar_bounded_crops,271,train,buoy,tp,b1,0.31961050629615784,0.7528952077207246,prediction_jsonl
radar_bounded_crops,271,train,buoy,fp,,0.2534169554710388,,prediction_jsonl
radar_bounded_crops,271,train,buoy,fn,b3,,,prediction_jsonl
radar_bounded_crops,271,train,buoy,fn,b4,,,prediction_jsonl
radar_bounded_crops,271,train,buoy,fn,b5,,,prediction_jsonl
radar_bounded_crops,271,train,buoy,fn,b6,,,prediction_jsonl
radar_bounded_crops,271,train,buoy,fn,b7,,,prediction_jsonl
radar_bounded_crops,271,train,buoy,fn,b8,,,prediction_jsonl
radar_bounded_crops,272,train,boat,tp,boat,0.7283350825309753,0.7941229102062354,prediction_jsonl
radar_bounded_crops,272,train,buoy,tp,b1,0.2952955961227417,0.7740385474211166,prediction_jsonl
radar_bounded_crops,272,train,buoy,fn,b3,,,prediction_jsonl
radar_bounded_crops,272,train,buoy,fn,b4,,,prediction_jsonl
radar_bounded_crops,272,train,buoy,fn,b5,,,prediction_jsonl
radar_bounded_crops,272,train,buoy,fn,b6,,,prediction_jsonl
radar_bounded_crops,272,train,buoy,fn,b7,,,prediction_jsonl
radar_bounded_crops,272,train,buoy,fn,b8,,,prediction_jsonl
radar_bounded_crops,273,train,boat,tp,boat,0.6914631724357605,0.8101848386218276,prediction_jsonl
radar_bounded_crops,273,train,boat,fp,,0.21798638999462128,,prediction_jsonl
radar_bounded_crops,273,train,buoy,tp,b1,0.31338444352149963,0.7934890799680456,prediction_jsonl
radar_bounded_crops,273,train,buoy,fn,b3,,,prediction_jsonl
radar_bounded_crops,273,train,buoy,fn,b4,,,prediction_jsonl
radar_bounded_crops,273,train,buoy,fn,b5,,,prediction_jsonl
radar_bounded_crops,273,train,buoy,fn,b6,,,prediction_jsonl
radar_bounded_crops,273,train,buoy,fn,b7,,,prediction_jsonl
radar_bounded_crops,273,train,buoy,fn,b8,,,prediction_jsonl
radar_bounded_crops,274,train,boat,tp,boat,0.744597852230072,0.7871962241391027,prediction_jsonl
radar_bounded_crops,274,train,buoy,tp,b1,0.32011809945106506,0.8026844843083994,prediction_jsonl
radar_bounded_crops,274,train,buoy,fp,,0.2597728967666626,,prediction_jsonl
radar_bounded_crops,274,train,buoy,fn,b3,,,prediction_jsonl
radar_bounded_crops,274,train,buoy,fn,b4,,,prediction_jsonl
radar_bounded_crops,274,train,buoy,fn,b5,,,prediction_jsonl
radar_bounded_crops,274,train,buoy,fn,b6,,,prediction_jsonl
radar_bounded_crops,274,train,buoy,fn,b7,,,prediction_jsonl
radar_bounded_crops,274,train,buoy,fn,b8,,,prediction_jsonl
radar_bounded_crops,275,train,boat,tp,boat,0.7488148808479309,0.7793222375383624,prediction_jsonl
radar_bounded_crops,275,train,boat,fp,,0.1822400987148285,,prediction_jsonl
radar_bounded_crops,275,train,buoy,tp,b1,0.30532774329185486,0.8214471037026013,prediction_jsonl
radar_bounded_crops,275,train,buoy,fp,,0.24374143779277802,,prediction_jsonl
radar_bounded_crops,275,train,buoy,fn,b3,,,prediction_jsonl
radar_bounded_crops,275,train,buoy,fn,b4,,,prediction_jsonl
radar_bounded_crops,275,train,buoy,fn,b5,,,prediction_jsonl
radar_bounded_crops,275,train,buoy,fn,b6,,,prediction_jsonl
radar_bounded_crops,275,train,buoy,fn,b7,,,prediction_jsonl
radar_bounded_crops,275,train,buoy,fn,b8,,,prediction_jsonl
radar_bounded_crops,276,train,boat,tp,boat,0.7173520922660828,0.8201571382882509,prediction_jsonl
radar_bounded_crops,276,train,boat,fp,,0.27038049697875977,,prediction_jsonl
radar_bounded_crops,276,train,buoy,tp,b1,0.31909823417663574,0.840189040697987,prediction_jsonl
radar_bounded_crops,276,train,buoy,fp,,0.24662795662879944,,prediction_jsonl
radar_bounded_crops,276,train,buoy,fn,b3,,,prediction_jsonl
radar_bounded_crops,276,train,buoy,fn,b4,,,prediction_jsonl
radar_bounded_crops,276,train,buoy,fn,b5,,,prediction_jsonl
radar_bounded_crops,276,train,buoy,fn,b6,,,prediction_jsonl
radar_bounded_crops,276,train,buoy,fn,b7,,,prediction_jsonl
radar_bounded_crops,276,train,buoy,fn,b8,,,prediction_jsonl
radar_bounded_crops,277,train,boat,tp,boat,0.506420373916626,0.6762652363683596,prediction_jsonl
radar_bounded_crops,277,train,boat,fp,,0.26653146743774414,,prediction_jsonl
radar_bounded_crops,277,train,buoy,tp,b1,0.30952244997024536,0.8361600769655707,prediction_jsonl
radar_bounded_crops,277,train,buoy,fp,,0.2543700337409973,,prediction_jsonl
radar_bounded_crops,277,train,buoy,fn,b3,,,prediction_jsonl
radar_bounded_crops,277,train,buoy,fn,b4,,,prediction_jsonl
radar_bounded_crops,277,train,buoy,fn,b5,,,prediction_jsonl
radar_bounded_crops,277,train,buoy,fn,b6,,,prediction_jsonl
radar_bounded_crops,277,train,buoy,fn,b7,,,prediction_jsonl
radar_bounded_crops,277,train,buoy,fn,b8,,,prediction_jsonl
radar_bounded_crops,278,train,boat,tp,boat,0.5348939299583435,0.762843068813029,prediction_jsonl
radar_bounded_crops,278,train,boat,fp,,0.19314900040626526,,prediction_jsonl
radar_bounded_crops,278,train,buoy,tp,b1,0.3110806941986084,0.8174773429217503,prediction_jsonl
radar_bounded_crops,278,train,buoy,fp,,0.2501423954963684,,prediction_jsonl
radar_bounded_crops,278,train,buoy,fn,b3,,,prediction_jsonl
radar_bounded_crops,278,train,buoy,fn,b4,,,prediction_jsonl
radar_bounded_crops,278,train,buoy,fn,b5,,,prediction_jsonl
radar_bounded_crops,278,train,buoy,fn,b6,,,prediction_jsonl
radar_bounded_crops,278,train,buoy,fn,b7,,,prediction_jsonl
radar_bounded_crops,278,train,buoy,fn,b8,,,prediction_jsonl
radar_bounded_crops,279,train,boat,tp,boat,0.7225968241691589,0.7882293693971412,prediction_jsonl
radar_bounded_crops,279,train,boat,fp,,0.25165989995002747,,prediction_jsonl
radar_bounded_crops,279,train,buoy,tp,b1,0.2852018475532532,0.8478157292751094,prediction_jsonl
radar_bounded_crops,279,train,buoy,fp,,0.2051221877336502,,prediction_jsonl
radar_bounded_crops,279,train,buoy,fn,b3,,,prediction_jsonl
radar_bounded_crops,279,train,buoy,fn,b4,,,prediction_jsonl
radar_bounded_crops,279,train,buoy,fn,b5,,,prediction_jsonl
radar_bounded_crops,279,train,buoy,fn,b6,,,prediction_jsonl
radar_bounded_crops,279,train,buoy,fn,b7,,,prediction_jsonl
radar_bounded_crops,279,train,buoy,fn,b8,,,prediction_jsonl
radar_bounded_crops,280,train,boat,tp,boat,0.7164709568023682,0.7993176951027438,prediction_jsonl
radar_bounded_crops,280,train,buoy,tp,b1,0.31649893522262573,0.8299735999874904,prediction_jsonl
radar_bounded_crops,280,train,buoy,fp,,0.2107318937778473,,prediction_jsonl
radar_bounded_crops,280,train,buoy,fn,b3,,,prediction_jsonl
radar_bounded_crops,280,train,buoy,fn,b4,,,prediction_jsonl
radar_bounded_crops,280,train,buoy,fn,b5,,,prediction_jsonl
radar_bounded_crops,280,train,buoy,fn,b6,,,prediction_jsonl
radar_bounded_crops,280,train,buoy,fn,b7,,,prediction_jsonl
radar_bounded_crops,280,train,buoy,fn,b8,,,prediction_jsonl
radar_bounded_crops,281,train,boat,tp,boat,0.7536870837211609,0.798822252878164,prediction_jsonl
radar_bounded_crops,281,train,buoy,tp,b1,0.3407430350780487,0.7859163431735339,prediction_jsonl
radar_bounded_crops,281,train,buoy,fp,,0.25175273418426514,,prediction_jsonl
radar_bounded_crops,281,train,buoy,fn,b3,,,prediction_jsonl
radar_bounded_crops,281,train,buoy,fn,b4,,,prediction_jsonl
radar_bounded_crops,281,train,buoy,fn,b5,,,prediction_jsonl
radar_bounded_crops,281,train,buoy,fn,b6,,,prediction_jsonl
radar_bounded_crops,281,train,buoy,fn,b7,,,prediction_jsonl
radar_bounded_crops,281,train,buoy,fn,b8,,,prediction_jsonl
radar_bounded_crops,282,train,boat,tp,boat,0.7338681221008301,0.8276893820385774,prediction_jsonl
radar_bounded_crops,282,train,boat,fp,,0.21416057646274567,,prediction_jsonl
radar_bounded_crops,282,train,buoy,tp,b1,0.33065101504325867,0.7979404878036169,prediction_jsonl
radar_bounded_crops,282,train,buoy,fp,,0.22056135535240173,,prediction_jsonl
radar_bounded_crops,282,train,buoy,fn,b3,,,prediction_jsonl
radar_bounded_crops,282,train,buoy,fn,b4,,,prediction_jsonl
radar_bounded_crops,282,train,buoy,fn,b5,,,prediction_jsonl
radar_bounded_crops,282,train,buoy,fn,b6,,,prediction_jsonl
radar_bounded_crops,282,train,buoy,fn,b7,,,prediction_jsonl
radar_bounded_crops,282,train,buoy,fn,b8,,,prediction_jsonl
radar_bounded_crops,283,train,boat,tp,boat,0.7353659868240356,0.8259679415717687,prediction_jsonl
radar_bounded_crops,283,train,boat,fp,,0.18045559525489807,,prediction_jsonl
radar_bounded_crops,283,train,buoy,tp,b1,0.3107950985431671,0.8298945400720998,prediction_jsonl
radar_bounded_crops,283,train,buoy,fp,,0.22940491139888763,,prediction_jsonl
radar_bounded_crops,283,train,buoy,fn,b3,,,prediction_jsonl
radar_bounded_crops,283,train,buoy,fn,b4,,,prediction_jsonl
radar_bounded_crops,283,train,buoy,fn,b5,,,prediction_jsonl
radar_bounded_crops,283,train,buoy,fn,b6,,,prediction_jsonl
radar_bounded_crops,283,train,buoy,fn,b7,,,prediction_jsonl
radar_bounded_crops,283,train,buoy,fn,b8,,,prediction_jsonl
radar_bounded_crops,284,train,boat,tp,boat,0.7318596839904785,0.8304688025988508,prediction_jsonl
radar_bounded_crops,284,train,boat,fp,,0.2394184023141861,,prediction_jsonl
radar_bounded_crops,284,train,buoy,tp,b1,0.3222790062427521,0.8094365371722779,prediction_jsonl
radar_bounded_crops,284,train,buoy,fp,,0.22595833241939545,,prediction_jsonl
radar_bounded_crops,284,train,buoy,fn,b3,,,prediction_jsonl
radar_bounded_crops,284,train,buoy,fn,b4,,,prediction_jsonl
radar_bounded_crops,284,train,buoy,fn,b5,,,prediction_jsonl
radar_bounded_crops,284,train,buoy,fn,b6,,,prediction_jsonl
radar_bounded_crops,284,train,buoy,fn,b7,,,prediction_jsonl
radar_bounded_crops,284,train,buoy,fn,b8,,,prediction_jsonl
radar_bounded_crops,285,train,boat,tp,boat,0.444885790348053,0.6776654957977316,prediction_jsonl
radar_bounded_crops,285,train,boat,fp,,0.2077573984861374,,prediction_jsonl
radar_bounded_crops,285,train,buoy,tp,b1,0.32988056540489197,0.8432268009508674,prediction_jsonl
radar_bounded_crops,285,train,buoy,fp,,0.23506788909435272,,prediction_jsonl
radar_bounded_crops,285,train,buoy,fn,b3,,,prediction_jsonl
radar_bounded_crops,285,train,buoy,fn,b4,,,prediction_jsonl
radar_bounded_crops,285,train,buoy,fn,b5,,,prediction_jsonl
radar_bounded_crops,285,train,buoy,fn,b6,,,prediction_jsonl
radar_bounded_crops,285,train,buoy,fn,b7,,,prediction_jsonl
radar_bounded_crops,285,train,buoy,fn,b8,,,prediction_jsonl
radar_bounded_crops,286,train,boat,tp,boat,0.4436294138431549,0.6673174132974459,prediction_jsonl
radar_bounded_crops,286,train,buoy,tp,b1,0.309104859828949,0.8317211124305326,prediction_jsonl
radar_bounded_crops,286,train,buoy,fp,,0.22664031386375427,,prediction_jsonl
radar_bounded_crops,286,train,buoy,fn,b3,,,prediction_jsonl
radar_bounded_crops,286,train,buoy,fn,b4,,,prediction_jsonl
radar_bounded_crops,286,train,buoy,fn,b5,,,prediction_jsonl
radar_bounded_crops,286,train,buoy,fn,b6,,,prediction_jsonl
radar_bounded_crops,286,train,buoy,fn,b7,,,prediction_jsonl
radar_bounded_crops,286,train,buoy,fn,b8,,,prediction_jsonl
radar_bounded_crops,287,train,boat,tp,boat,0.4438943862915039,0.6779366668926748,prediction_jsonl
radar_bounded_crops,287,train,boat,fp,,0.2188062071800232,,prediction_jsonl
radar_bounded_crops,287,train,buoy,tp,b1,0.3201599419116974,0.8222819272464801,prediction_jsonl
radar_bounded_crops,287,train,buoy,fp,,0.23435932397842407,,prediction_jsonl
radar_bounded_crops,287,train,buoy,fn,b3,,,prediction_jsonl
radar_bounded_crops,287,train,buoy,fn,b4,,,prediction_jsonl
radar_bounded_crops,287,train,buoy,fn,b5,,,prediction_jsonl
radar_bounded_crops,287,train,buoy,fn,b6,,,prediction_jsonl
radar_bounded_crops,287,train,buoy,fn,b7,,,prediction_jsonl
radar_bounded_crops,287,train,buoy,fn,b8,,,prediction_jsonl
radar_bounded_crops,288,train,boat,tp,boat,0.4298713803291321,0.6620792958516509,prediction_jsonl
radar_bounded_crops,288,train,boat,fp,,0.18311096727848053,,prediction_jsonl
radar_bounded_crops,288,train,buoy,tp,b1,0.29280734062194824,0.8436000539193955,prediction_jsonl
radar_bounded_crops,288,train,buoy,fp,,0.21744918823242188,,prediction_jsonl
radar_bounded_crops,288,train,buoy,fn,b3,,,prediction_jsonl
radar_bounded_crops,288,train,buoy,fn,b4,,,prediction_jsonl
radar_bounded_crops,288,train,buoy,fn,b5,,,prediction_jsonl
radar_bounded_crops,288,train,buoy,fn,b6,,,prediction_jsonl
radar_bounded_crops,288,train,buoy,fn,b7,,,prediction_jsonl
radar_bounded_crops,288,train,buoy,fn,b8,,,prediction_jsonl
radar_bounded_crops,289,train,boat,tp,boat,0.4329332411289215,0.7553998701260977,prediction_jsonl
radar_bounded_crops,289,train,boat,fp,,0.18498261272907257,,prediction_jsonl
radar_bounded_crops,289,train,buoy,tp,b1,0.2662163972854614,0.8247124004969387,prediction_jsonl
radar_bounded_crops,289,train,buoy,fp,,0.1965789794921875,,prediction_jsonl
radar_bounded_crops,289,train,buoy,fn,b3,,,prediction_jsonl
radar_bounded_crops,289,train,buoy,fn,b4,,,prediction_jsonl
radar_bounded_crops,289,train,buoy,fn,b5,,,prediction_jsonl
radar_bounded_crops,289,train,buoy,fn,b6,,,prediction_jsonl
radar_bounded_crops,289,train,buoy,fn,b7,,,prediction_jsonl
radar_bounded_crops,289,train,buoy,fn,b8,,,prediction_jsonl
radar_bounded_crops,290,train,boat,tp,boat,0.5513023138046265,0.674459843392542,prediction_jsonl
radar_bounded_crops,290,train,buoy,tp,b1,0.307329386472702,0.8409704882133838,prediction_jsonl
radar_bounded_crops,290,train,buoy,fp,,0.22357361018657684,,prediction_jsonl
radar_bounded_crops,290,train,buoy,fn,b3,,,prediction_jsonl
radar_bounded_crops,290,train,buoy,fn,b4,,,prediction_jsonl
radar_bounded_crops,290,train,buoy,fn,b5,,,prediction_jsonl
radar_bounded_crops,290,train,buoy,fn,b6,,,prediction_jsonl
radar_bounded_crops,290,train,buoy,fn,b7,,,prediction_jsonl
radar_bounded_crops,290,train,buoy,fn,b8,,,prediction_jsonl
radar_bounded_crops,291,train,boat,tp,boat,0.5042378306388855,0.6718232209822985,prediction_jsonl
radar_bounded_crops,291,train,boat,fp,,0.1961461454629898,,prediction_jsonl
radar_bounded_crops,291,train,buoy,tp,b1,0.2850143015384674,0.8297157426668309,prediction_jsonl
radar_bounded_crops,291,train,buoy,fp,,0.20153237879276276,,prediction_jsonl
radar_bounded_crops,291,train,buoy,fn,b3,,,prediction_jsonl
radar_bounded_crops,291,train,buoy,fn,b4,,,prediction_jsonl
radar_bounded_crops,291,train,buoy,fn,b5,,,prediction_jsonl
radar_bounded_crops,291,train,buoy,fn,b6,,,prediction_jsonl
radar_bounded_crops,291,train,buoy,fn,b7,,,prediction_jsonl
radar_bounded_crops,291,train,buoy,fn,b8,,,prediction_jsonl
radar_bounded_crops,292,train,boat,tp,boat,0.41266751289367676,0.6503573711301621,prediction_jsonl
radar_bounded_crops,292,train,boat,fp,,0.2458023875951767,,prediction_jsonl
radar_bounded_crops,292,train,buoy,tp,b1,0.2760336995124817,0.8419300969169897,prediction_jsonl
radar_bounded_crops,292,train,buoy,fp,,0.20258869230747223,,prediction_jsonl
radar_bounded_crops,292,train,buoy,fn,b3,,,prediction_jsonl
radar_bounded_crops,292,train,buoy,fn,b4,,,prediction_jsonl
radar_bounded_crops,292,train,buoy,fn,b5,,,prediction_jsonl
radar_bounded_crops,292,train,buoy,fn,b6,,,prediction_jsonl
radar_bounded_crops,292,train,buoy,fn,b7,,,prediction_jsonl
radar_bounded_crops,292,train,buoy,fn,b8,,,prediction_jsonl
radar_bounded_crops,293,train,boat,tp,boat,0.4636994004249573,0.7528223539935046,prediction_jsonl
radar_bounded_crops,293,train,boat,fp,,0.18061989545822144,,prediction_jsonl
radar_bounded_crops,293,train,buoy,tp,b1,0.2665019631385803,0.8211313858622641,prediction_jsonl
radar_bounded_crops,293,train,buoy,fp,,0.19439563155174255,,prediction_jsonl
radar_bounded_crops,293,train,buoy,fn,b3,,,prediction_jsonl
radar_bounded_crops,293,train,buoy,fn,b4,,,prediction_jsonl
radar_bounded_crops,293,train,buoy,fn,b5,,,prediction_jsonl
radar_bounded_crops,293,train,buoy,fn,b6,,,prediction_jsonl
radar_bounded_crops,293,train,buoy,fn,b7,,,prediction_jsonl
radar_bounded_crops,293,train,buoy,fn,b8,,,prediction_jsonl
radar_bounded_crops,294,train,boat,tp,boat,0.7136874794960022,0.7989820015198584,prediction_jsonl
radar_bounded_crops,294,train,boat,fp,,0.2384967803955078,,prediction_jsonl
radar_bounded_crops,294,train,buoy,tp,b1,0.2615055739879608,0.8344010567586215,prediction_jsonl
radar_bounded_crops,294,train,buoy,fn,b3,,,prediction_jsonl
radar_bounded_crops,294,train,buoy,fn,b4,,,prediction_jsonl
radar_bounded_crops,294,train,buoy,fn,b5,,,prediction_jsonl
radar_bounded_crops,294,train,buoy,fn,b6,,,prediction_jsonl
radar_bounded_crops,294,train,buoy,fn,b7,,,prediction_jsonl
radar_bounded_crops,294,train,buoy,fn,b8,,,prediction_jsonl
radar_bounded_crops,295,train,boat,tp,boat,0.724555253982544,0.8085188988487415,prediction_jsonl
radar_bounded_crops,295,train,buoy,tp,b1,0.2642984688282013,0.8300642574402642,prediction_jsonl
radar_bounded_crops,295,train,buoy,fp,,0.20127636194229126,,prediction_jsonl
radar_bounded_crops,295,train,buoy,fn,b3,,,prediction_jsonl
radar_bounded_crops,295,train,buoy,fn,b4,,,prediction_jsonl
radar_bounded_crops,295,train,buoy,fn,b5,,,prediction_jsonl
radar_bounded_crops,295,train,buoy,fn,b6,,,prediction_jsonl
radar_bounded_crops,295,train,buoy,fn,b7,,,prediction_jsonl
radar_bounded_crops,295,train,buoy,fn,b8,,,prediction_jsonl
radar_bounded_crops,296,train,boat,tp,boat,0.7026922702789307,0.7318943787418809,prediction_jsonl
radar_bounded_crops,296,train,boat,fp,,0.24836386740207672,,prediction_jsonl
radar_bounded_crops,296,train,buoy,tp,b1,0.22643297910690308,0.8353209169125795,prediction_jsonl
radar_bounded_crops,296,train,buoy,fn,b3,,,prediction_jsonl
radar_bounded_crops,296,train,buoy,fn,b4,,,prediction_jsonl
radar_bounded_crops,296,train,buoy,fn,b5,,,prediction_jsonl
radar_bounded_crops,296,train,buoy,fn,b6,,,prediction_jsonl
radar_bounded_crops,296,train,buoy,fn,b7,,,prediction_jsonl
radar_bounded_crops,296,train,buoy,fn,b8,,,prediction_jsonl
radar_bounded_crops,297,train,boat,tp,boat,0.7166079878807068,0.8214740569981237,prediction_jsonl
radar_bounded_crops,297,train,boat,fp,,0.1817730963230133,,prediction_jsonl
radar_bounded_crops,297,train,buoy,tp,b1,0.27960312366485596,0.8556699846447359,prediction_jsonl
radar_bounded_crops,297,train,buoy,fp,,0.2055225372314453,,prediction_jsonl
radar_bounded_crops,297,train,buoy,fn,b3,,,prediction_jsonl
radar_bounded_crops,297,train,buoy,fn,b4,,,prediction_jsonl
radar_bounded_crops,297,train,buoy,fn,b5,,,prediction_jsonl
radar_bounded_crops,297,train,buoy,fn,b6,,,prediction_jsonl
radar_bounded_crops,297,train,buoy,fn,b7,,,prediction_jsonl
radar_bounded_crops,297,train,buoy,fn,b8,,,prediction_jsonl
radar_bounded_crops,298,train,boat,tp,boat,0.41163018345832825,0.6419140554198961,prediction_jsonl
radar_bounded_crops,298,train,boat,fp,,0.20515431463718414,,prediction_jsonl
radar_bounded_crops,298,train,buoy,tp,b1,0.27191033959388733,0.8692228742734489,prediction_jsonl
radar_bounded_crops,298,train,buoy,fn,b3,,,prediction_jsonl
radar_bounded_crops,298,train,buoy,fn,b4,,,prediction_jsonl
radar_bounded_crops,298,train,buoy,fn,b5,,,prediction_jsonl
radar_bounded_crops,298,train,buoy,fn,b6,,,prediction_jsonl
radar_bounded_crops,298,train,buoy,fn,b7,,,prediction_jsonl
radar_bounded_crops,298,train,buoy,fn,b8,,,prediction_jsonl
radar_bounded_crops,299,train,boat,tp,boat,0.7395797371864319,0.8130589154816271,prediction_jsonl
radar_bounded_crops,299,train,buoy,tp,b1,0.3229294717311859,0.8276773427576262,prediction_jsonl
radar_bounded_crops,299,train,buoy,fn,b3,,,prediction_jsonl
radar_bounded_crops,299,train,buoy,fn,b4,,,prediction_jsonl
radar_bounded_crops,299,train,buoy,fn,b5,,,prediction_jsonl
radar_bounded_crops,299,train,buoy,fn,b6,,,prediction_jsonl
radar_bounded_crops,299,train,buoy,fn,b7,,,prediction_jsonl
radar_bounded_crops,299,train,buoy,fn,b8,,,prediction_jsonl
radar_bounded_crops,300,train,boat,tp,boat,0.7456457018852234,0.7905418769083137,prediction_jsonl
radar_bounded_crops,300,train,buoy,tp,b1,0.32826951146125793,0.8310390622931222,prediction_jsonl
radar_bounded_crops,300,train,buoy,fn,b3,,,prediction_jsonl
radar_bounded_crops,300,train,buoy,fn,b4,,,prediction_jsonl
radar_bounded_crops,300,train,buoy,fn,b5,,,prediction_jsonl
radar_bounded_crops,300,train,buoy,fn,b6,,,prediction_jsonl
radar_bounded_crops,300,train,buoy,fn,b7,,,prediction_jsonl
radar_bounded_crops,300,train,buoy,fn,b8,,,prediction_jsonl
radar_bounded_crops,301,train,boat,tp,boat,0.7716860175132751,0.826006326100655,prediction_jsonl
radar_bounded_crops,301,train,buoy,tp,b1,0.3395940065383911,0.8361799843183609,prediction_jsonl
radar_bounded_crops,301,train,buoy,fn,b3,,,prediction_jsonl
radar_bounded_crops,301,train,buoy,fn,b4,,,prediction_jsonl
radar_bounded_crops,301,train,buoy,fn,b5,,,prediction_jsonl
radar_bounded_crops,301,train,buoy,fn,b6,,,prediction_jsonl
radar_bounded_crops,301,train,buoy,fn,b7,,,prediction_jsonl
radar_bounded_crops,301,train,buoy,fn,b8,,,prediction_jsonl
radar_bounded_crops,302,train,boat,tp,boat,0.768009603023529,0.8245983214906262,prediction_jsonl
radar_bounded_crops,302,train,boat,fp,,0.18017694354057312,,prediction_jsonl
radar_bounded_crops,302,train,buoy,tp,b1,0.2717902362346649,0.8339964756228989,prediction_jsonl
radar_bounded_crops,302,train,buoy,fn,b3,,,prediction_jsonl
radar_bounded_crops,302,train,buoy,fn,b4,,,prediction_jsonl
radar_bounded_crops,302,train,buoy,fn,b5,,,prediction_jsonl
radar_bounded_crops,302,train,buoy,fn,b6,,,prediction_jsonl
radar_bounded_crops,302,train,buoy,fn,b7,,,prediction_jsonl
radar_bounded_crops,302,train,buoy,fn,b8,,,prediction_jsonl
radar_bounded_crops,303,train,boat,tp,boat,0.7542446851730347,0.8312724987325365,prediction_jsonl
radar_bounded_crops,303,train,buoy,tp,b1,0.3291264474391937,0.827366638630789,prediction_jsonl
radar_bounded_crops,303,train,buoy,fn,b3,,,prediction_jsonl
radar_bounded_crops,303,train,buoy,fn,b4,,,prediction_jsonl
radar_bounded_crops,303,train,buoy,fn,b5,,,prediction_jsonl
radar_bounded_crops,303,train,buoy,fn,b6,,,prediction_jsonl
radar_bounded_crops,303,train,buoy,fn,b7,,,prediction_jsonl
radar_bounded_crops,303,train,buoy,fn,b8,,,prediction_jsonl
radar_bounded_crops,304,train,boat,tp,boat,0.6023983955383301,0.8141537481707205,prediction_jsonl
radar_bounded_crops,304,train,buoy,tp,b1,0.3487693965435028,0.818658865980928,prediction_jsonl
radar_bounded_crops,304,train,buoy,fn,b3,,,prediction_jsonl
radar_bounded_crops,304,train,buoy,fn,b4,,,prediction_jsonl
radar_bounded_crops,304,train,buoy,fn,b5,,,prediction_jsonl
radar_bounded_crops,304,train,buoy,fn,b6,,,prediction_jsonl
radar_bounded_crops,304,train,buoy,fn,b7,,,prediction_jsonl
radar_bounded_crops,304,train,buoy,fn,b8,,,prediction_jsonl
radar_bounded_crops,305,train,boat,tp,boat,0.6716980338096619,0.8314968830291616,prediction_jsonl
radar_bounded_crops,305,train,boat,fp,,0.2057601660490036,,prediction_jsonl
radar_bounded_crops,305,train,buoy,tp,b1,0.3484759032726288,0.8108950178134603,prediction_jsonl
radar_bounded_crops,305,train,buoy,fp,,0.18994563817977905,,prediction_jsonl
radar_bounded_crops,305,train,buoy,fn,b3,,,prediction_jsonl
radar_bounded_crops,305,train,buoy,fn,b4,,,prediction_jsonl
radar_bounded_crops,305,train,buoy,fn,b5,,,prediction_jsonl
radar_bounded_crops,305,train,buoy,fn,b6,,,prediction_jsonl
radar_bounded_crops,305,train,buoy,fn,b7,,,prediction_jsonl
radar_bounded_crops,305,train,buoy,fn,b8,,,prediction_jsonl
radar_bounded_crops,306,train,boat,tp,boat,0.40328481793403625,0.7470224171570355,prediction_jsonl
radar_bounded_crops,306,train,boat,fp,,0.23454491794109344,,prediction_jsonl
radar_bounded_crops,306,train,buoy,tp,b1,0.3445237874984741,0.8081088053293893,prediction_jsonl
radar_bounded_crops,306,train,buoy,fp,,0.23330426216125488,,prediction_jsonl
radar_bounded_crops,306,train,buoy,fn,b3,,,prediction_jsonl
radar_bounded_crops,306,train,buoy,fn,b4,,,prediction_jsonl
radar_bounded_crops,306,train,buoy,fn,b5,,,prediction_jsonl
radar_bounded_crops,306,train,buoy,fn,b6,,,prediction_jsonl
radar_bounded_crops,306,train,buoy,fn,b7,,,prediction_jsonl
radar_bounded_crops,306,train,buoy,fn,b8,,,prediction_jsonl
radar_bounded_crops,307,train,boat,tp,boat,0.6624000072479248,0.8113873386554027,prediction_jsonl
radar_bounded_crops,307,train,boat,fp,,0.1848343014717102,,prediction_jsonl
radar_bounded_crops,307,train,buoy,tp,b1,0.3561084270477295,0.8048227027849835,prediction_jsonl
radar_bounded_crops,307,train,buoy,fn,b3,,,prediction_jsonl
radar_bounded_crops,307,train,buoy,fn,b4,,,prediction_jsonl
radar_bounded_crops,307,train,buoy,fn,b5,,,prediction_jsonl
radar_bounded_crops,307,train,buoy,fn,b6,,,prediction_jsonl
radar_bounded_crops,307,train,buoy,fn,b7,,,prediction_jsonl
radar_bounded_crops,307,train,buoy,fn,b8,,,prediction_jsonl
radar_bounded_crops,308,train,boat,tp,boat,0.6480764150619507,0.8037294676702272,prediction_jsonl
radar_bounded_crops,308,train,buoy,tp,b1,0.32848700881004333,0.80590649266593,prediction_jsonl
radar_bounded_crops,308,train,buoy,fp,,0.23263168334960938,,prediction_jsonl
radar_bounded_crops,308,train,buoy,fn,b3,,,prediction_jsonl
radar_bounded_crops,308,train,buoy,fn,b4,,,prediction_jsonl
radar_bounded_crops,308,train,buoy,fn,b5,,,prediction_jsonl
radar_bounded_crops,308,train,buoy,fn,b6,,,prediction_jsonl
radar_bounded_crops,308,train,buoy,fn,b7,,,prediction_jsonl
radar_bounded_crops,308,train,buoy,fn,b8,,,prediction_jsonl
radar_bounded_crops,309,train,boat,tp,boat,0.6991596817970276,0.7748620598245644,prediction_jsonl
radar_bounded_crops,309,train,buoy,tp,b1,0.3099895417690277,0.7908032130953914,prediction_jsonl
radar_bounded_crops,309,train,buoy,fn,b3,,,prediction_jsonl
radar_bounded_crops,309,train,buoy,fn,b4,,,prediction_jsonl
radar_bounded_crops,309,train,buoy,fn,b5,,,prediction_jsonl
radar_bounded_crops,309,train,buoy,fn,b6,,,prediction_jsonl
radar_bounded_crops,309,train,buoy,fn,b7,,,prediction_jsonl
radar_bounded_crops,309,train,buoy,fn,b8,,,prediction_jsonl
radar_bounded_crops,310,train,boat,tp,boat,0.6161249876022339,0.7498740961621074,prediction_jsonl
radar_bounded_crops,310,train,boat,fp,,0.21578337252140045,,prediction_jsonl
radar_bounded_crops,310,train,boat,fp,,0.2031373679637909,,prediction_jsonl
radar_bounded_crops,310,train,buoy,tp,b1,0.2968859374523163,0.8056710686432617,prediction_jsonl
radar_bounded_crops,310,train,buoy,fn,b3,,,prediction_jsonl
radar_bounded_crops,310,train,buoy,fn,b4,,,prediction_jsonl
radar_bounded_crops,310,train,buoy,fn,b5,,,prediction_jsonl
radar_bounded_crops,310,train,buoy,fn,b6,,,prediction_jsonl
radar_bounded_crops,310,train,buoy,fn,b7,,,prediction_jsonl
radar_bounded_crops,310,train,buoy,fn,b8,,,prediction_jsonl
radar_bounded_crops,311,train,boat,tp,boat,0.6853289604187012,0.7540219010823723,prediction_jsonl
radar_bounded_crops,311,train,boat,fp,,0.21572881937026978,,prediction_jsonl
radar_bounded_crops,311,train,buoy,tp,b1,0.2881661653518677,0.7998008695407617,prediction_jsonl
radar_bounded_crops,311,train,buoy,fn,b3,,,prediction_jsonl
radar_bounded_crops,311,train,buoy,fn,b4,,,prediction_jsonl
radar_bounded_crops,311,train,buoy,fn,b5,,,prediction_jsonl
radar_bounded_crops,311,train,buoy,fn,b6,,,prediction_jsonl
radar_bounded_crops,311,train,buoy,fn,b7,,,prediction_jsonl
radar_bounded_crops,311,train,buoy,fn,b8,,,prediction_jsonl
radar_bounded_crops,312,train,boat,tp,boat,0.6371507048606873,0.7494642769494407,prediction_jsonl
radar_bounded_crops,312,train,boat,fp,,0.2216237485408783,,prediction_jsonl
radar_bounded_crops,312,train,boat,fp,,0.21987783908843994,,prediction_jsonl
radar_bounded_crops,312,train,buoy,tp,b1,0.30671343207359314,0.7603004396963073,prediction_jsonl
radar_bounded_crops,312,train,buoy,fp,,0.23001514375209808,,prediction_jsonl
radar_bounded_crops,312,train,buoy,fn,b3,,,prediction_jsonl
radar_bounded_crops,312,train,buoy,fn,b4,,,prediction_jsonl
radar_bounded_crops,312,train,buoy,fn,b5,,,prediction_jsonl
radar_bounded_crops,312,train,buoy,fn,b6,,,prediction_jsonl
radar_bounded_crops,312,train,buoy,fn,b7,,,prediction_jsonl
radar_bounded_crops,312,train,buoy,fn,b8,,,prediction_jsonl
radar_bounded_crops,313,train,boat,tp,boat,0.6767251491546631,0.7699682889728764,prediction_jsonl
radar_bounded_crops,313,train,boat,fp,,0.19461794197559357,,prediction_jsonl
radar_bounded_crops,313,train,buoy,tp,b1,0.332000732421875,0.7992193778375389,prediction_jsonl
radar_bounded_crops,313,train,buoy,fp,,0.25908470153808594,,prediction_jsonl
radar_bounded_crops,313,train,buoy,fn,b3,,,prediction_jsonl
radar_bounded_crops,313,train,buoy,fn,b4,,,prediction_jsonl
radar_bounded_crops,313,train,buoy,fn,b5,,,prediction_jsonl
radar_bounded_crops,313,train,buoy,fn,b6,,,prediction_jsonl
radar_bounded_crops,313,train,buoy,fn,b7,,,prediction_jsonl
radar_bounded_crops,313,train,buoy,fn,b8,,,prediction_jsonl
radar_bounded_crops,314,train,boat,tp,boat,0.7285320162773132,0.7818580047390681,prediction_jsonl
radar_bounded_crops,314,train,buoy,tp,b1,0.32168298959732056,0.7947188987730576,prediction_jsonl
radar_bounded_crops,314,train,buoy,fn,b3,,,prediction_jsonl
radar_bounded_crops,314,train,buoy,fn,b4,,,prediction_jsonl
radar_bounded_crops,314,train,buoy,fn,b5,,,prediction_jsonl
radar_bounded_crops,314,train,buoy,fn,b6,,,prediction_jsonl
radar_bounded_crops,314,train,buoy,fn,b7,,,prediction_jsonl
radar_bounded_crops,314,train,buoy,fn,b8,,,prediction_jsonl
radar_bounded_crops,315,train,boat,tp,boat,0.5206137895584106,0.7263291693159069,prediction_jsonl
radar_bounded_crops,315,train,boat,fp,,0.239347904920578,,prediction_jsonl
radar_bounded_crops,315,train,buoy,tp,b1,0.3188629150390625,0.777052930206845,prediction_jsonl
radar_bounded_crops,315,train,buoy,fn,b3,,,prediction_jsonl
radar_bounded_crops,315,train,buoy,fn,b4,,,prediction_jsonl
radar_bounded_crops,315,train,buoy,fn,b5,,,prediction_jsonl
radar_bounded_crops,315,train,buoy,fn,b6,,,prediction_jsonl
radar_bounded_crops,315,train,buoy,fn,b7,,,prediction_jsonl
radar_bounded_crops,315,train,buoy,fn,b8,,,prediction_jsonl
radar_bounded_crops,316,train,boat,tp,boat,0.5342221260070801,0.728947026022943,prediction_jsonl
radar_bounded_crops,316,train,boat,fp,,0.22038084268569946,,prediction_jsonl
radar_bounded_crops,316,train,buoy,tp,b1,0.32053667306900024,0.7805160192958855,prediction_jsonl
radar_bounded_crops,316,train,buoy,fn,b3,,,prediction_jsonl
radar_bounded_crops,316,train,buoy,fn,b4,,,prediction_jsonl
radar_bounded_crops,316,train,buoy,fn,b5,,,prediction_jsonl
radar_bounded_crops,316,train,buoy,fn,b6,,,prediction_jsonl
radar_bounded_crops,316,train,buoy,fn,b7,,,prediction_jsonl
radar_bounded_crops,316,train,buoy,fn,b8,,,prediction_jsonl
radar_bounded_crops,317,train,boat,tp,boat,0.7428721785545349,0.7686703232624079,prediction_jsonl
radar_bounded_crops,317,train,buoy,tp,b1,0.323994904756546,0.798858621158381,prediction_jsonl
radar_bounded_crops,317,train,buoy,fn,b3,,,prediction_jsonl
radar_bounded_crops,317,train,buoy,fn,b4,,,prediction_jsonl
radar_bounded_crops,317,train,buoy,fn,b5,,,prediction_jsonl
radar_bounded_crops,317,train,buoy,fn,b6,,,prediction_jsonl
radar_bounded_crops,317,train,buoy,fn,b7,,,prediction_jsonl
radar_bounded_crops,317,train,buoy,fn,b8,,,prediction_jsonl
radar_bounded_crops,318,train,boat,tp,boat,0.7352251410484314,0.7833264877855717,prediction_jsonl
radar_bounded_crops,318,train,buoy,tp,b1,0.31104275584220886,0.782124035291434,prediction_jsonl
radar_bounded_crops,318,train,buoy,fp,,0.27973321080207825,,prediction_jsonl
radar_bounded_crops,318,train,buoy,fn,b3,,,prediction_jsonl
radar_bounded_crops,318,train,buoy,fn,b4,,,prediction_jsonl
radar_bounded_crops,318,train,buoy,fn,b5,,,prediction_jsonl
radar_bounded_crops,318,train,buoy,fn,b6,,,prediction_jsonl
radar_bounded_crops,318,train,buoy,fn,b7,,,prediction_jsonl
radar_bounded_crops,318,train,buoy,fn,b8,,,prediction_jsonl
radar_bounded_crops,319,train,boat,tp,boat,0.47342735528945923,0.6437784722066064,prediction_jsonl
radar_bounded_crops,319,train,buoy,tp,b1,0.32620641589164734,0.8771736451250299,prediction_jsonl
radar_bounded_crops,319,train,buoy,fn,b3,,,prediction_jsonl
radar_bounded_crops,319,train,buoy,fn,b4,,,prediction_jsonl
radar_bounded_crops,319,train,buoy,fn,b5,,,prediction_jsonl
radar_bounded_crops,319,train,buoy,fn,b6,,,prediction_jsonl
radar_bounded_crops,319,train,buoy,fn,b7,,,prediction_jsonl
radar_bounded_crops,319,train,buoy,fn,b8,,,prediction_jsonl
radar_bounded_crops,320,train,boat,tp,boat,0.4656733572483063,0.6495280498068288,prediction_jsonl
radar_bounded_crops,320,train,buoy,tp,b1,0.32329654693603516,0.8634208298947768,prediction_jsonl
radar_bounded_crops,320,train,buoy,fp,,0.262043297290802,,prediction_jsonl
radar_bounded_crops,320,train,buoy,fn,b3,,,prediction_jsonl
radar_bounded_crops,320,train,buoy,fn,b4,,,prediction_jsonl
radar_bounded_crops,320,train,buoy,fn,b5,,,prediction_jsonl
radar_bounded_crops,320,train,buoy,fn,b6,,,prediction_jsonl
radar_bounded_crops,320,train,buoy,fn,b7,,,prediction_jsonl
radar_bounded_crops,320,train,buoy,fn,b8,,,prediction_jsonl
radar_bounded_crops,321,train,boat,tp,boat,0.5280674695968628,0.650974533004528,prediction_jsonl
radar_bounded_crops,321,train,buoy,tp,b1,0.3217637538909912,0.8595374325438623,prediction_jsonl
radar_bounded_crops,321,train,buoy,fp,,0.25843027234077454,,prediction_jsonl
radar_bounded_crops,321,train,buoy,fn,b3,,,prediction_jsonl
radar_bounded_crops,321,train,buoy,fn,b4,,,prediction_jsonl
radar_bounded_crops,321,train,buoy,fn,b5,,,prediction_jsonl
radar_bounded_crops,321,train,buoy,fn,b6,,,prediction_jsonl
radar_bounded_crops,321,train,buoy,fn,b7,,,prediction_jsonl
radar_bounded_crops,321,train,buoy,fn,b8,,,prediction_jsonl
radar_bounded_crops,322,train,boat,tp,boat,0.6239807605743408,0.6439891029760193,prediction_jsonl
radar_bounded_crops,322,train,buoy,tp,b1,0.31288236379623413,0.8928339665587613,prediction_jsonl
radar_bounded_crops,322,train,buoy,fp,,0.25782838463783264,,prediction_jsonl
radar_bounded_crops,322,train,buoy,fn,b3,,,prediction_jsonl
radar_bounded_crops,322,train,buoy,fn,b4,,,prediction_jsonl
radar_bounded_crops,322,train,buoy,fn,b5,,,prediction_jsonl
radar_bounded_crops,322,train,buoy,fn,b6,,,prediction_jsonl
radar_bounded_crops,322,train,buoy,fn,b7,,,prediction_jsonl
radar_bounded_crops,322,train,buoy,fn,b8,,,prediction_jsonl
radar_bounded_crops,323,train,boat,tp,boat,0.684027910232544,0.6484476811360392,prediction_jsonl
radar_bounded_crops,323,train,buoy,tp,b1,0.30948513746261597,0.892839766296252,prediction_jsonl
radar_bounded_crops,323,train,buoy,fp,,0.25878727436065674,,prediction_jsonl
radar_bounded_crops,323,train,buoy,fn,b3,,,prediction_jsonl
radar_bounded_crops,323,train,buoy,fn,b4,,,prediction_jsonl
radar_bounded_crops,323,train,buoy,fn,b5,,,prediction_jsonl
radar_bounded_crops,323,train,buoy,fn,b6,,,prediction_jsonl
radar_bounded_crops,323,train,buoy,fn,b7,,,prediction_jsonl
radar_bounded_crops,323,train,buoy,fn,b8,,,prediction_jsonl
radar_bounded_crops,324,train,boat,tp,boat,0.5889374017715454,0.6435309625737898,prediction_jsonl
radar_bounded_crops,324,train,buoy,tp,b1,0.31499168276786804,0.8622118739782978,prediction_jsonl
radar_bounded_crops,324,train,buoy,fp,,0.22028303146362305,,prediction_jsonl
radar_bounded_crops,324,train,buoy,fn,b3,,,prediction_jsonl
radar_bounded_crops,324,train,buoy,fn,b4,,,prediction_jsonl
radar_bounded_crops,324,train,buoy,fn,b5,,,prediction_jsonl
radar_bounded_crops,324,train,buoy,fn,b6,,,prediction_jsonl
radar_bounded_crops,324,train,buoy,fn,b7,,,prediction_jsonl
radar_bounded_crops,324,train,buoy,fn,b8,,,prediction_jsonl
radar_bounded_crops,325,train,boat,tp,boat,0.47082585096359253,0.6350732049174304,prediction_jsonl
radar_bounded_crops,325,train,buoy,tp,b1,0.34236517548561096,0.8790223323540562,prediction_jsonl
radar_bounded_crops,325,train,buoy,fp,,0.27015864849090576,,prediction_jsonl
radar_bounded_crops,325,train,buoy,fn,b3,,,prediction_jsonl
radar_bounded_crops,325,train,buoy,fn,b4,,,prediction_jsonl
radar_bounded_crops,325,train,buoy,fn,b5,,,prediction_jsonl
radar_bounded_crops,325,train,buoy,fn,b6,,,prediction_jsonl
radar_bounded_crops,325,train,buoy,fn,b7,,,prediction_jsonl
radar_bounded_crops,325,train,buoy,fn,b8,,,prediction_jsonl
radar_bounded_crops,326,train,boat,tp,boat,0.526214599609375,0.6383155155148964,prediction_jsonl
radar_bounded_crops,326,train,buoy,tp,b1,0.3156508803367615,0.9097911175440941,prediction_jsonl
radar_bounded_crops,326,train,buoy,fn,b3,,,prediction_jsonl
radar_bounded_crops,326,train,buoy,fn,b4,,,prediction_jsonl
radar_bounded_crops,326,train,buoy,fn,b5,,,prediction_jsonl
radar_bounded_crops,326,train,buoy,fn,b6,,,prediction_jsonl
radar_bounded_crops,326,train,buoy,fn,b7,,,prediction_jsonl
radar_bounded_crops,326,train,buoy,fn,b8,,,prediction_jsonl
radar_bounded_crops,327,train,boat,tp,boat,0.48601099848747253,0.6430573147313107,prediction_jsonl
radar_bounded_crops,327,train,buoy,tp,b1,0.3424672484397888,0.8942825188872181,prediction_jsonl
radar_bounded_crops,327,train,buoy,fn,b3,,,prediction_jsonl
radar_bounded_crops,327,train,buoy,fn,b4,,,prediction_jsonl
radar_bounded_crops,327,train,buoy,fn,b5,,,prediction_jsonl
radar_bounded_crops,327,train,buoy,fn,b6,,,prediction_jsonl
radar_bounded_crops,327,train,buoy,fn,b7,,,prediction_jsonl
radar_bounded_crops,327,train,buoy,fn,b8,,,prediction_jsonl
radar_bounded_crops,328,train,boat,tp,boat,0.584623396396637,0.7725940387719981,prediction_jsonl
radar_bounded_crops,328,train,boat,fp,,0.23186129331588745,,prediction_jsonl
radar_bounded_crops,328,train,buoy,tp,b1,0.32504335045814514,0.8533762599687879,prediction_jsonl
radar_bounded_crops,328,train,buoy,fn,b3,,,prediction_jsonl
radar_bounded_crops,328,train,buoy,fn,b4,,,prediction_jsonl
radar_bounded_crops,328,train,buoy,fn,b5,,,prediction_jsonl
radar_bounded_crops,328,train,buoy,fn,b6,,,prediction_jsonl
radar_bounded_crops,328,train,buoy,fn,b7,,,prediction_jsonl
radar_bounded_crops,328,train,buoy,fn,b8,,,prediction_jsonl
radar_bounded_crops,329,val,boat,tp,boat,0.7368794083595276,0.7927343923596244,prediction_jsonl
radar_bounded_crops,329,val,buoy,tp,b1,0.2867097854614258,0.8159385917666052,prediction_jsonl
radar_bounded_crops,329,val,buoy,fp,,0.22817206382751465,,prediction_jsonl
radar_bounded_crops,329,val,buoy,fn,b3,,,prediction_jsonl
radar_bounded_crops,329,val,buoy,fn,b4,,,prediction_jsonl
radar_bounded_crops,329,val,buoy,fn,b5,,,prediction_jsonl
radar_bounded_crops,329,val,buoy,fn,b6,,,prediction_jsonl
radar_bounded_crops,329,val,buoy,fn,b7,,,prediction_jsonl
radar_bounded_crops,329,val,buoy,fn,b8,,,prediction_jsonl
radar_bounded_crops,330,val,boat,tp,boat,0.726219654083252,0.7642077229641138,prediction_jsonl
radar_bounded_crops,330,val,buoy,tp,b1,0.29422134160995483,0.8258222164036241,prediction_jsonl
radar_bounded_crops,330,val,buoy,fp,,0.23512929677963257,,prediction_jsonl
radar_bounded_crops,330,val,buoy,fn,b3,,,prediction_jsonl
radar_bounded_crops,330,val,buoy,fn,b4,,,prediction_jsonl
radar_bounded_crops,330,val,buoy,fn,b5,,,prediction_jsonl
radar_bounded_crops,330,val,buoy,fn,b6,,,prediction_jsonl
radar_bounded_crops,330,val,buoy,fn,b7,,,prediction_jsonl
radar_bounded_crops,330,val,buoy,fn,b8,,,prediction_jsonl
radar_bounded_crops,331,val,boat,tp,boat,0.45168688893318176,0.6824176452632905,prediction_jsonl
radar_bounded_crops,331,val,buoy,tp,b1,0.28522464632987976,0.8545062554579544,prediction_jsonl
radar_bounded_crops,331,val,buoy,fp,,0.2236805111169815,,prediction_jsonl
radar_bounded_crops,331,val,buoy,fn,b3,,,prediction_jsonl
radar_bounded_crops,331,val,buoy,fn,b4,,,prediction_jsonl
radar_bounded_crops,331,val,buoy,fn,b5,,,prediction_jsonl
radar_bounded_crops,331,val,buoy,fn,b6,,,prediction_jsonl
radar_bounded_crops,331,val,buoy,fn,b7,,,prediction_jsonl
radar_bounded_crops,331,val,buoy,fn,b8,,,prediction_jsonl
radar_bounded_crops,332,val,boat,tp,boat,0.6354435086250305,0.797622022052719,prediction_jsonl
radar_bounded_crops,332,val,boat,fp,,0.21493929624557495,,prediction_jsonl
radar_bounded_crops,332,val,buoy,tp,b1,0.26563599705696106,0.8725590335214098,prediction_jsonl
radar_bounded_crops,332,val,buoy,fp,,0.2193845957517624,,prediction_jsonl
radar_bounded_crops,332,val,buoy,fn,b3,,,prediction_jsonl
radar_bounded_crops,332,val,buoy,fn,b4,,,prediction_jsonl
radar_bounded_crops,332,val,buoy,fn,b5,,,prediction_jsonl
radar_bounded_crops,332,val,buoy,fn,b6,,,prediction_jsonl
radar_bounded_crops,332,val,buoy,fn,b7,,,prediction_jsonl
radar_bounded_crops,332,val,buoy,fn,b8,,,prediction_jsonl
radar_bounded_crops,333,val,boat,tp,boat,0.701492428779602,0.7935813793324688,prediction_jsonl
radar_bounded_crops,333,val,buoy,tp,b1,0.31849852204322815,0.8025579949959306,prediction_jsonl
radar_bounded_crops,333,val,buoy,fp,,0.24736855924129486,,prediction_jsonl
radar_bounded_crops,333,val,buoy,fn,b3,,,prediction_jsonl
radar_bounded_crops,333,val,buoy,fn,b4,,,prediction_jsonl
radar_bounded_crops,333,val,buoy,fn,b5,,,prediction_jsonl
radar_bounded_crops,333,val,buoy,fn,b6,,,prediction_jsonl
radar_bounded_crops,333,val,buoy,fn,b7,,,prediction_jsonl
radar_bounded_crops,333,val,buoy,fn,b8,,,prediction_jsonl
radar_bounded_crops,334,val,boat,tp,boat,0.7280545234680176,0.7507954819887338,prediction_jsonl
radar_bounded_crops,334,val,buoy,tp,b1,0.31941279768943787,0.8080605417652151,prediction_jsonl
radar_bounded_crops,334,val,buoy,fp,,0.25517016649246216,,prediction_jsonl
radar_bounded_crops,334,val,buoy,fn,b3,,,prediction_jsonl
radar_bounded_crops,334,val,buoy,fn,b4,,,prediction_jsonl
radar_bounded_crops,334,val,buoy,fn,b5,,,prediction_jsonl
radar_bounded_crops,334,val,buoy,fn,b6,,,prediction_jsonl
radar_bounded_crops,334,val,buoy,fn,b7,,,prediction_jsonl
radar_bounded_crops,334,val,buoy,fn,b8,,,prediction_jsonl
radar_bounded_crops,335,val,boat,tp,boat,0.6996689438819885,0.7351881727196243,prediction_jsonl
radar_bounded_crops,335,val,buoy,tp,b1,0.31103336811065674,0.7830095317872969,prediction_jsonl
radar_bounded_crops,335,val,buoy,fp,,0.20175188779830933,,prediction_jsonl
radar_bounded_crops,335,val,buoy,fn,b3,,,prediction_jsonl
radar_bounded_crops,335,val,buoy,fn,b4,,,prediction_jsonl
radar_bounded_crops,335,val,buoy,fn,b5,,,prediction_jsonl
radar_bounded_crops,335,val,buoy,fn,b6,,,prediction_jsonl
radar_bounded_crops,335,val,buoy,fn,b7,,,prediction_jsonl
radar_bounded_crops,335,val,buoy,fn,b8,,,prediction_jsonl
radar_bounded_crops,336,val,boat,tp,boat,0.6357377767562866,0.8251811319036623,prediction_jsonl
radar_bounded_crops,336,val,boat,fp,,0.22345347702503204,,prediction_jsonl
radar_bounded_crops,336,val,buoy,tp,b1,0.30567851662635803,0.8110571060291761,prediction_jsonl
radar_bounded_crops,336,val,buoy,fp,,0.235675647854805,,prediction_jsonl
radar_bounded_crops,336,val,buoy,fn,b3,,,prediction_jsonl
radar_bounded_crops,336,val,buoy,fn,b4,,,prediction_jsonl
radar_bounded_crops,336,val,buoy,fn,b5,,,prediction_jsonl
radar_bounded_crops,336,val,buoy,fn,b6,,,prediction_jsonl
radar_bounded_crops,336,val,buoy,fn,b7,,,prediction_jsonl
radar_bounded_crops,336,val,buoy,fn,b8,,,prediction_jsonl
radar_bounded_crops,337,val,boat,tp,boat,0.732082188129425,0.8107045761743923,prediction_jsonl
radar_bounded_crops,337,val,buoy,tp,b1,0.31553536653518677,0.8194605844536265,prediction_jsonl
radar_bounded_crops,337,val,buoy,fp,,0.2505532503128052,,prediction_jsonl
radar_bounded_crops,337,val,buoy,fn,b3,,,prediction_jsonl
radar_bounded_crops,337,val,buoy,fn,b4,,,prediction_jsonl
radar_bounded_crops,337,val,buoy,fn,b5,,,prediction_jsonl
radar_bounded_crops,337,val,buoy,fn,b6,,,prediction_jsonl
radar_bounded_crops,337,val,buoy,fn,b7,,,prediction_jsonl
radar_bounded_crops,337,val,buoy,fn,b8,,,prediction_jsonl
radar_bounded_crops,338,val,boat,tp,boat,0.4602753221988678,0.6484909641822336,prediction_jsonl
radar_bounded_crops,338,val,buoy,tp,b1,0.3019716143608093,0.8191959994425548,prediction_jsonl
radar_bounded_crops,338,val,buoy,fp,,0.2312038391828537,,prediction_jsonl
radar_bounded_crops,338,val,buoy,fn,b3,,,prediction_jsonl
radar_bounded_crops,338,val,buoy,fn,b4,,,prediction_jsonl
radar_bounded_crops,338,val,buoy,fn,b5,,,prediction_jsonl
radar_bounded_crops,338,val,buoy,fn,b6,,,prediction_jsonl
radar_bounded_crops,338,val,buoy,fn,b7,,,prediction_jsonl
radar_bounded_crops,338,val,buoy,fn,b8,,,prediction_jsonl
radar_bounded_crops,339,val,boat,tp,boat,0.713650643825531,0.7317276723207028,prediction_jsonl
radar_bounded_crops,339,val,boat,fp,,0.18333664536476135,,prediction_jsonl
radar_bounded_crops,339,val,buoy,tp,b1,0.3160492777824402,0.83461552197206,prediction_jsonl
radar_bounded_crops,339,val,buoy,fn,b3,,,prediction_jsonl
radar_bounded_crops,339,val,buoy,fn,b4,,,prediction_jsonl
radar_bounded_crops,339,val,buoy,fn,b5,,,prediction_jsonl
radar_bounded_crops,339,val,buoy,fn,b6,,,prediction_jsonl
radar_bounded_crops,339,val,buoy,fn,b7,,,prediction_jsonl
radar_bounded_crops,339,val,buoy,fn,b8,,,prediction_jsonl
radar_bounded_crops,340,val,boat,tp,boat,0.675652801990509,0.7936930001722472,prediction_jsonl
radar_bounded_crops,340,val,boat,fp,,0.18456780910491943,,prediction_jsonl
radar_bounded_crops,340,val,buoy,tp,b1,0.31436726450920105,0.8127117087896881,prediction_jsonl
radar_bounded_crops,340,val,buoy,fn,b3,,,prediction_jsonl
radar_bounded_crops,340,val,buoy,fn,b4,,,prediction_jsonl
radar_bounded_crops,340,val,buoy,fn,b5,,,prediction_jsonl
radar_bounded_crops,340,val,buoy,fn,b6,,,prediction_jsonl
radar_bounded_crops,340,val,buoy,fn,b7,,,prediction_jsonl
radar_bounded_crops,340,val,buoy,fn,b8,,,prediction_jsonl
radar_bounded_crops,341,val,boat,tp,boat,0.6801155209541321,0.7111455273502477,prediction_jsonl
radar_bounded_crops,341,val,boat,fp,,0.1905810832977295,,prediction_jsonl
radar_bounded_crops,341,val,buoy,tp,b1,0.31764113903045654,0.8178459345395718,prediction_jsonl
radar_bounded_crops,341,val,buoy,fp,,0.2585834562778473,,prediction_jsonl
radar_bounded_crops,341,val,buoy,fn,b3,,,prediction_jsonl
radar_bounded_crops,341,val,buoy,fn,b4,,,prediction_jsonl
radar_bounded_crops,341,val,buoy,fn,b5,,,prediction_jsonl
radar_bounded_crops,341,val,buoy,fn,b6,,,prediction_jsonl
radar_bounded_crops,341,val,buoy,fn,b7,,,prediction_jsonl
radar_bounded_crops,341,val,buoy,fn,b8,,,prediction_jsonl
radar_bounded_crops,342,val,boat,tp,boat,0.7022047638893127,0.8277844931885563,prediction_jsonl
radar_bounded_crops,342,val,boat,fp,,0.18828178942203522,,prediction_jsonl
radar_bounded_crops,342,val,buoy,tp,b1,0.3212622106075287,0.8400499644515258,prediction_jsonl
radar_bounded_crops,342,val,buoy,fp,,0.2528570592403412,,prediction_jsonl
radar_bounded_crops,342,val,buoy,fn,b3,,,prediction_jsonl
radar_bounded_crops,342,val,buoy,fn,b4,,,prediction_jsonl
radar_bounded_crops,342,val,buoy,fn,b5,,,prediction_jsonl
radar_bounded_crops,342,val,buoy,fn,b6,,,prediction_jsonl
radar_bounded_crops,342,val,buoy,fn,b7,,,prediction_jsonl
radar_bounded_crops,342,val,buoy,fn,b8,,,prediction_jsonl
radar_bounded_crops,343,val,boat,tp,boat,0.6745676398277283,0.8007050968201153,prediction_jsonl
radar_bounded_crops,343,val,boat,fp,,0.1978662610054016,,prediction_jsonl
radar_bounded_crops,343,val,buoy,tp,b1,0.32148298621177673,0.8694034887881744,prediction_jsonl
radar_bounded_crops,343,val,buoy,fp,,0.24581921100616455,,prediction_jsonl
radar_bounded_crops,343,val,buoy,fn,b3,,,prediction_jsonl
radar_bounded_crops,343,val,buoy,fn,b4,,,prediction_jsonl
radar_bounded_crops,343,val,buoy,fn,b5,,,prediction_jsonl
radar_bounded_crops,343,val,buoy,fn,b6,,,prediction_jsonl
radar_bounded_crops,343,val,buoy,fn,b7,,,prediction_jsonl
radar_bounded_crops,343,val,buoy,fn,b8,,,prediction_jsonl
radar_bounded_crops,344,val,boat,tp,boat,0.6071333289146423,0.7420551012402906,prediction_jsonl
radar_bounded_crops,344,val,buoy,tp,b1,0.33126336336135864,0.8584991870820202,prediction_jsonl
radar_bounded_crops,344,val,buoy,fp,,0.271352082490921,,prediction_jsonl
radar_bounded_crops,344,val,buoy,fn,b3,,,prediction_jsonl
radar_bounded_crops,344,val,buoy,fn,b4,,,prediction_jsonl
radar_bounded_crops,344,val,buoy,fn,b5,,,prediction_jsonl
radar_bounded_crops,344,val,buoy,fn,b6,,,prediction_jsonl
radar_bounded_crops,344,val,buoy,fn,b7,,,prediction_jsonl
radar_bounded_crops,344,val,buoy,fn,b8,,,prediction_jsonl
radar_bounded_crops,345,val,boat,tp,boat,0.6990007162094116,0.8340821673526184,prediction_jsonl
radar_bounded_crops,345,val,buoy,tp,b1,0.32824084162712097,0.8593019774544131,prediction_jsonl
radar_bounded_crops,345,val,buoy,fp,,0.24729977548122406,,prediction_jsonl
radar_bounded_crops,345,val,buoy,fn,b3,,,prediction_jsonl
radar_bounded_crops,345,val,buoy,fn,b4,,,prediction_jsonl
radar_bounded_crops,345,val,buoy,fn,b5,,,prediction_jsonl
radar_bounded_crops,345,val,buoy,fn,b6,,,prediction_jsonl
radar_bounded_crops,345,val,buoy,fn,b7,,,prediction_jsonl
radar_bounded_crops,345,val,buoy,fn,b8,,,prediction_jsonl
radar_bounded_crops,346,val,boat,tp,boat,0.6954145431518555,0.788248073341229,prediction_jsonl
radar_bounded_crops,346,val,buoy,tp,b1,0.33636850118637085,0.8794113299651137,prediction_jsonl
radar_bounded_crops,346,val,buoy,fp,,0.26268982887268066,,prediction_jsonl
radar_bounded_crops,346,val,buoy,fn,b3,,,prediction_jsonl
radar_bounded_crops,346,val,buoy,fn,b4,,,prediction_jsonl
radar_bounded_crops,346,val,buoy,fn,b5,,,prediction_jsonl
radar_bounded_crops,346,val,buoy,fn,b6,,,prediction_jsonl
radar_bounded_crops,346,val,buoy,fn,b7,,,prediction_jsonl
radar_bounded_crops,346,val,buoy,fn,b8,,,prediction_jsonl
radar_bounded_crops,347,val,boat,tp,boat,0.7383514046669006,0.7431470353692622,prediction_jsonl
radar_bounded_crops,347,val,buoy,tp,b1,0.29226791858673096,0.833392487869749,prediction_jsonl
radar_bounded_crops,347,val,buoy,fp,,0.2542487382888794,,prediction_jsonl
radar_bounded_crops,347,val,buoy,fn,b3,,,prediction_jsonl
radar_bounded_crops,347,val,buoy,fn,b4,,,prediction_jsonl
radar_bounded_crops,347,val,buoy,fn,b5,,,prediction_jsonl
radar_bounded_crops,347,val,buoy,fn,b6,,,prediction_jsonl
radar_bounded_crops,347,val,buoy,fn,b7,,,prediction_jsonl
radar_bounded_crops,347,val,buoy,fn,b8,,,prediction_jsonl
radar_bounded_crops,348,val,boat,tp,boat,0.7202394604682922,0.7359642308874303,prediction_jsonl
radar_bounded_crops,348,val,buoy,tp,b1,0.32584279775619507,0.8311779502814356,prediction_jsonl
radar_bounded_crops,348,val,buoy,fp,,0.25904396176338196,,prediction_jsonl
radar_bounded_crops,348,val,buoy,fn,b3,,,prediction_jsonl
radar_bounded_crops,348,val,buoy,fn,b4,,,prediction_jsonl
radar_bounded_crops,348,val,buoy,fn,b5,,,prediction_jsonl
radar_bounded_crops,348,val,buoy,fn,b6,,,prediction_jsonl
radar_bounded_crops,348,val,buoy,fn,b7,,,prediction_jsonl
radar_bounded_crops,348,val,buoy,fn,b8,,,prediction_jsonl
radar_bounded_crops,349,val,boat,tp,boat,0.6983734369277954,0.7021347855337242,prediction_jsonl
radar_bounded_crops,349,val,buoy,tp,b1,0.32564327120780945,0.8993777451089888,prediction_jsonl
radar_bounded_crops,349,val,buoy,fn,b3,,,prediction_jsonl
radar_bounded_crops,349,val,buoy,fn,b4,,,prediction_jsonl
radar_bounded_crops,349,val,buoy,fn,b5,,,prediction_jsonl
radar_bounded_crops,349,val,buoy,fn,b6,,,prediction_jsonl
radar_bounded_crops,349,val,buoy,fn,b7,,,prediction_jsonl
radar_bounded_crops,349,val,buoy,fn,b8,,,prediction_jsonl
radar_bounded_crops,350,val,boat,tp,boat,0.6422414183616638,0.7372582526566135,prediction_jsonl
radar_bounded_crops,350,val,boat,fp,,0.18135586380958557,,prediction_jsonl
radar_bounded_crops,350,val,buoy,tp,b1,0.31895118951797485,0.9079490566818419,prediction_jsonl
radar_bounded_crops,350,val,buoy,fn,b3,,,prediction_jsonl
radar_bounded_crops,350,val,buoy,fn,b4,,,prediction_jsonl
radar_bounded_crops,350,val,buoy,fn,b5,,,prediction_jsonl
radar_bounded_crops,350,val,buoy,fn,b6,,,prediction_jsonl
radar_bounded_crops,350,val,buoy,fn,b7,,,prediction_jsonl
radar_bounded_crops,350,val,buoy,fn,b8,,,prediction_jsonl
radar_bounded_crops,351,val,boat,tp,boat,0.4785890281200409,0.6407787391783382,prediction_jsonl
radar_bounded_crops,351,val,buoy,tp,b1,0.3135805130004883,0.9357407078021892,prediction_jsonl
radar_bounded_crops,351,val,buoy,fn,b3,,,prediction_jsonl
radar_bounded_crops,351,val,buoy,fn,b4,,,prediction_jsonl
radar_bounded_crops,351,val,buoy,fn,b5,,,prediction_jsonl
radar_bounded_crops,351,val,buoy,fn,b6,,,prediction_jsonl
radar_bounded_crops,351,val,buoy,fn,b7,,,prediction_jsonl
radar_bounded_crops,351,val,buoy,fn,b8,,,prediction_jsonl
radar_bounded_crops,352,val,boat,tp,boat,0.4923705756664276,0.6400844998167191,prediction_jsonl
radar_bounded_crops,352,val,buoy,tp,b1,0.31906867027282715,0.9110606985127373,prediction_jsonl
radar_bounded_crops,352,val,buoy,fn,b3,,,prediction_jsonl
radar_bounded_crops,352,val,buoy,fn,b4,,,prediction_jsonl
radar_bounded_crops,352,val,buoy,fn,b5,,,prediction_jsonl
radar_bounded_crops,352,val,buoy,fn,b6,,,prediction_jsonl
radar_bounded_crops,352,val,buoy,fn,b7,,,prediction_jsonl
radar_bounded_crops,352,val,buoy,fn,b8,,,prediction_jsonl
radar_bounded_crops,353,val,boat,tp,boat,0.4314820468425751,0.819474032825452,prediction_jsonl
radar_bounded_crops,353,val,boat,fp,,0.22002606093883514,,prediction_jsonl
radar_bounded_crops,353,val,buoy,tp,b1,0.3210880756378174,0.912195170282544,prediction_jsonl
radar_bounded_crops,353,val,buoy,fn,b3,,,prediction_jsonl
radar_bounded_crops,353,val,buoy,fn,b4,,,prediction_jsonl
radar_bounded_crops,353,val,buoy,fn,b5,,,prediction_jsonl
radar_bounded_crops,353,val,buoy,fn,b6,,,prediction_jsonl
radar_bounded_crops,353,val,buoy,fn,b7,,,prediction_jsonl
radar_bounded_crops,353,val,buoy,fn,b8,,,prediction_jsonl
radar_bounded_crops,354,val,boat,tp,boat,0.435635507106781,0.8317645873824309,prediction_jsonl
radar_bounded_crops,354,val,boat,fp,,0.21600529551506042,,prediction_jsonl
radar_bounded_crops,354,val,buoy,tp,b1,0.30846983194351196,0.9303186626638391,prediction_jsonl
radar_bounded_crops,354,val,buoy,fn,b3,,,prediction_jsonl
radar_bounded_crops,354,val,buoy,fn,b4,,,prediction_jsonl
radar_bounded_crops,354,val,buoy,fn,b5,,,prediction_jsonl
radar_bounded_crops,354,val,buoy,fn,b6,,,prediction_jsonl
radar_bounded_crops,354,val,buoy,fn,b7,,,prediction_jsonl
radar_bounded_crops,354,val,buoy,fn,b8,,,prediction_jsonl
radar_bounded_crops,355,val,boat,tp,boat,0.4308271110057831,0.6145310190926341,prediction_jsonl
radar_bounded_crops,355,val,buoy,tp,b1,0.3142563998699188,0.9093288331091016,prediction_jsonl
radar_bounded_crops,355,val,buoy,fp,,0.2049647867679596,,prediction_jsonl
radar_bounded_crops,355,val,buoy,fn,b3,,,prediction_jsonl
radar_bounded_crops,355,val,buoy,fn,b4,,,prediction_jsonl
radar_bounded_crops,355,val,buoy,fn,b5,,,prediction_jsonl
radar_bounded_crops,355,val,buoy,fn,b6,,,prediction_jsonl
radar_bounded_crops,355,val,buoy,fn,b7,,,prediction_jsonl
radar_bounded_crops,355,val,buoy,fn,b8,,,prediction_jsonl
radar_bounded_crops,356,val,boat,tp,boat,0.42921674251556396,0.6396441339175731,prediction_jsonl
radar_bounded_crops,356,val,buoy,tp,b1,0.3063455820083618,0.8831499741878679,prediction_jsonl
radar_bounded_crops,356,val,buoy,fn,b3,,,prediction_jsonl
radar_bounded_crops,356,val,buoy,fn,b4,,,prediction_jsonl
radar_bounded_crops,356,val,buoy,fn,b5,,,prediction_jsonl
radar_bounded_crops,356,val,buoy,fn,b6,,,prediction_jsonl
radar_bounded_crops,356,val,buoy,fn,b7,,,prediction_jsonl
radar_bounded_crops,356,val,buoy,fn,b8,,,prediction_jsonl
radar_bounded_crops,357,val,boat,tp,boat,0.6567530632019043,0.6452578666648541,prediction_jsonl
radar_bounded_crops,357,val,buoy,tp,b1,0.3176238536834717,0.8927552061585883,prediction_jsonl
radar_bounded_crops,357,val,buoy,fn,b3,,,prediction_jsonl
radar_bounded_crops,357,val,buoy,fn,b4,,,prediction_jsonl
radar_bounded_crops,357,val,buoy,fn,b5,,,prediction_jsonl
radar_bounded_crops,357,val,buoy,fn,b6,,,prediction_jsonl
radar_bounded_crops,357,val,buoy,fn,b7,,,prediction_jsonl
radar_bounded_crops,357,val,buoy,fn,b8,,,prediction_jsonl
radar_bounded_crops,358,val,boat,tp,boat,0.4658413231372833,0.5779758365845266,prediction_jsonl
radar_bounded_crops,358,val,buoy,tp,b1,0.300791472196579,0.9053075652320068,prediction_jsonl
radar_bounded_crops,358,val,buoy,fn,b3,,,prediction_jsonl
radar_bounded_crops,358,val,buoy,fn,b4,,,prediction_jsonl
radar_bounded_crops,358,val,buoy,fn,b5,,,prediction_jsonl
radar_bounded_crops,358,val,buoy,fn,b6,,,prediction_jsonl
radar_bounded_crops,358,val,buoy,fn,b7,,,prediction_jsonl
radar_bounded_crops,358,val,buoy,fn,b8,,,prediction_jsonl
radar_bounded_crops,359,val,boat,tp,boat,0.5754364132881165,0.6535322177663845,prediction_jsonl
radar_bounded_crops,359,val,buoy,tp,b1,0.30032268166542053,0.8526817277450741,prediction_jsonl
radar_bounded_crops,359,val,buoy,fp,,0.2735603153705597,,prediction_jsonl
radar_bounded_crops,359,val,buoy,fn,b3,,,prediction_jsonl
radar_bounded_crops,359,val,buoy,fn,b4,,,prediction_jsonl
radar_bounded_crops,359,val,buoy,fn,b5,,,prediction_jsonl
radar_bounded_crops,359,val,buoy,fn,b6,,,prediction_jsonl
radar_bounded_crops,359,val,buoy,fn,b7,,,prediction_jsonl
radar_bounded_crops,359,val,buoy,fn,b8,,,prediction_jsonl
radar_bounded_crops,360,val,boat,tp,boat,0.6782686114311218,0.7225993063673215,prediction_jsonl
radar_bounded_crops,360,val,buoy,tp,b1,0.2855915427207947,0.8960768669763751,prediction_jsonl
radar_bounded_crops,360,val,buoy,fp,,0.1941666603088379,,prediction_jsonl
radar_bounded_crops,360,val,buoy,fn,b3,,,prediction_jsonl
radar_bounded_crops,360,val,buoy,fn,b4,,,prediction_jsonl
radar_bounded_crops,360,val,buoy,fn,b5,,,prediction_jsonl
radar_bounded_crops,360,val,buoy,fn,b6,,,prediction_jsonl
radar_bounded_crops,360,val,buoy,fn,b7,,,prediction_jsonl
radar_bounded_crops,360,val,buoy,fn,b8,,,prediction_jsonl
radar_bounded_crops,361,val,boat,tp,boat,0.6075006127357483,0.6504960960972312,prediction_jsonl
radar_bounded_crops,361,val,buoy,tp,b1,0.311176061630249,0.8705241950658299,prediction_jsonl
radar_bounded_crops,361,val,buoy,fn,b3,,,prediction_jsonl
radar_bounded_crops,361,val,buoy,fn,b4,,,prediction_jsonl
radar_bounded_crops,361,val,buoy,fn,b5,,,prediction_jsonl
radar_bounded_crops,361,val,buoy,fn,b6,,,prediction_jsonl
radar_bounded_crops,361,val,buoy,fn,b7,,,prediction_jsonl
radar_bounded_crops,361,val,buoy,fn,b8,,,prediction_jsonl
radar_bounded_crops,362,val,boat,tp,boat,0.625359058380127,0.6669543910370223,prediction_jsonl
radar_bounded_crops,362,val,buoy,tp,b1,0.3075490891933441,0.8792977458170772,prediction_jsonl
radar_bounded_crops,362,val,buoy,fp,,0.26886868476867676,,prediction_jsonl
radar_bounded_crops,362,val,buoy,fn,b3,,,prediction_jsonl
radar_bounded_crops,362,val,buoy,fn,b4,,,prediction_jsonl
radar_bounded_crops,362,val,buoy,fn,b5,,,prediction_jsonl
radar_bounded_crops,362,val,buoy,fn,b6,,,prediction_jsonl
radar_bounded_crops,362,val,buoy,fn,b7,,,prediction_jsonl
radar_bounded_crops,362,val,buoy,fn,b8,,,prediction_jsonl
radar_bounded_crops,363,val,boat,tp,boat,0.6195679306983948,0.6695697913583544,prediction_jsonl
radar_bounded_crops,363,val,buoy,tp,b1,0.3140525817871094,0.8558258862014346,prediction_jsonl
radar_bounded_crops,363,val,buoy,fp,,0.2615841329097748,,prediction_jsonl
radar_bounded_crops,363,val,buoy,fn,b3,,,prediction_jsonl
radar_bounded_crops,363,val,buoy,fn,b4,,,prediction_jsonl
radar_bounded_crops,363,val,buoy,fn,b5,,,prediction_jsonl
radar_bounded_crops,363,val,buoy,fn,b6,,,prediction_jsonl
radar_bounded_crops,363,val,buoy,fn,b7,,,prediction_jsonl
radar_bounded_crops,363,val,buoy,fn,b8,,,prediction_jsonl
radar_bounded_crops,364,val,boat,tp,boat,0.56341552734375,0.6486497798605774,prediction_jsonl
radar_bounded_crops,364,val,buoy,tp,b1,0.33063316345214844,0.8534082675289796,prediction_jsonl
radar_bounded_crops,364,val,buoy,fp,,0.1919904500246048,,prediction_jsonl
radar_bounded_crops,364,val,buoy,fn,b3,,,prediction_jsonl
radar_bounded_crops,364,val,buoy,fn,b4,,,prediction_jsonl
radar_bounded_crops,364,val,buoy,fn,b5,,,prediction_jsonl
radar_bounded_crops,364,val,buoy,fn,b6,,,prediction_jsonl
radar_bounded_crops,364,val,buoy,fn,b7,,,prediction_jsonl
radar_bounded_crops,364,val,buoy,fn,b8,,,prediction_jsonl
radar_bounded_crops,365,val,boat,tp,boat,0.5479505658149719,0.6602335154549988,prediction_jsonl
radar_bounded_crops,365,val,buoy,tp,b1,0.29953649640083313,0.8576588396188726,prediction_jsonl
radar_bounded_crops,365,val,buoy,fp,,0.20322555303573608,,prediction_jsonl
radar_bounded_crops,365,val,buoy,fn,b3,,,prediction_jsonl
radar_bounded_crops,365,val,buoy,fn,b4,,,prediction_jsonl
radar_bounded_crops,365,val,buoy,fn,b5,,,prediction_jsonl
radar_bounded_crops,365,val,buoy,fn,b6,,,prediction_jsonl
radar_bounded_crops,365,val,buoy,fn,b7,,,prediction_jsonl
radar_bounded_crops,365,val,buoy,fn,b8,,,prediction_jsonl
radar_bounded_crops,366,val,boat,tp,boat,0.6311977505683899,0.6558533651591527,prediction_jsonl
radar_bounded_crops,366,val,buoy,tp,b1,0.312608927488327,0.8519172611530419,prediction_jsonl
radar_bounded_crops,366,val,buoy,fp,,0.19038891792297363,,prediction_jsonl
radar_bounded_crops,366,val,buoy,fn,b3,,,prediction_jsonl
radar_bounded_crops,366,val,buoy,fn,b4,,,prediction_jsonl
radar_bounded_crops,366,val,buoy,fn,b5,,,prediction_jsonl
radar_bounded_crops,366,val,buoy,fn,b6,,,prediction_jsonl
radar_bounded_crops,366,val,buoy,fn,b7,,,prediction_jsonl
radar_bounded_crops,366,val,buoy,fn,b8,,,prediction_jsonl
radar_bounded_crops,367,val,boat,tp,boat,0.48832982778549194,0.6722879337143998,prediction_jsonl
radar_bounded_crops,367,val,buoy,tp,b1,0.30418500304222107,0.8473591947619529,prediction_jsonl
radar_bounded_crops,367,val,buoy,fp,,0.26967641711235046,,prediction_jsonl
radar_bounded_crops,367,val,buoy,fn,b3,,,prediction_jsonl
radar_bounded_crops,367,val,buoy,fn,b4,,,prediction_jsonl
radar_bounded_crops,367,val,buoy,fn,b5,,,prediction_jsonl
radar_bounded_crops,367,val,buoy,fn,b6,,,prediction_jsonl
radar_bounded_crops,367,val,buoy,fn,b7,,,prediction_jsonl
radar_bounded_crops,367,val,buoy,fn,b8,,,prediction_jsonl
radar_bounded_crops,368,val,boat,tp,boat,0.5566299557685852,0.6469233864040207,prediction_jsonl
radar_bounded_crops,368,val,buoy,tp,b1,0.3091598451137543,0.8403882401921535,prediction_jsonl
radar_bounded_crops,368,val,buoy,fp,,0.2743240296840668,,prediction_jsonl
radar_bounded_crops,368,val,buoy,fn,b3,,,prediction_jsonl
radar_bounded_crops,368,val,buoy,fn,b4,,,prediction_jsonl
radar_bounded_crops,368,val,buoy,fn,b5,,,prediction_jsonl
radar_bounded_crops,368,val,buoy,fn,b6,,,prediction_jsonl
radar_bounded_crops,368,val,buoy,fn,b7,,,prediction_jsonl
radar_bounded_crops,368,val,buoy,fn,b8,,,prediction_jsonl
radar_bounded_crops,369,val,boat,tp,boat,0.6397622227668762,0.6711079291522953,prediction_jsonl
radar_bounded_crops,369,val,buoy,tp,b1,0.3140142560005188,0.8566249665926677,prediction_jsonl
radar_bounded_crops,369,val,buoy,fp,,0.2672913670539856,,prediction_jsonl
radar_bounded_crops,369,val,buoy,fn,b3,,,prediction_jsonl
radar_bounded_crops,369,val,buoy,fn,b4,,,prediction_jsonl
radar_bounded_crops,369,val,buoy,fn,b5,,,prediction_jsonl
radar_bounded_crops,369,val,buoy,fn,b6,,,prediction_jsonl
radar_bounded_crops,369,val,buoy,fn,b7,,,prediction_jsonl
radar_bounded_crops,369,val,buoy,fn,b8,,,prediction_jsonl
radar_bounded_crops,370,val,boat,tp,boat,0.7202738523483276,0.696803381242854,prediction_jsonl
radar_bounded_crops,370,val,buoy,tp,b1,0.317518025636673,0.8401216084269902,prediction_jsonl
radar_bounded_crops,370,val,buoy,fp,,0.28847718238830566,,prediction_jsonl
radar_bounded_crops,370,val,buoy,fp,,0.18394756317138672,,prediction_jsonl
radar_bounded_crops,370,val,buoy,fn,b3,,,prediction_jsonl
radar_bounded_crops,370,val,buoy,fn,b4,,,prediction_jsonl
radar_bounded_crops,370,val,buoy,fn,b5,,,prediction_jsonl
radar_bounded_crops,370,val,buoy,fn,b6,,,prediction_jsonl
radar_bounded_crops,370,val,buoy,fn,b7,,,prediction_jsonl
radar_bounded_crops,370,val,buoy,fn,b8,,,prediction_jsonl
radar_bounded_crops,371,val,boat,tp,boat,0.775577962398529,0.8371083502509216,prediction_jsonl
radar_bounded_crops,371,val,buoy,tp,b1,0.3116116523742676,0.8594708327292859,prediction_jsonl
radar_bounded_crops,371,val,buoy,fn,b3,,,prediction_jsonl
radar_bounded_crops,371,val,buoy,fn,b4,,,prediction_jsonl
radar_bounded_crops,371,val,buoy,fn,b5,,,prediction_jsonl
radar_bounded_crops,371,val,buoy,fn,b6,,,prediction_jsonl
radar_bounded_crops,371,val,buoy,fn,b7,,,prediction_jsonl
radar_bounded_crops,371,val,buoy,fn,b8,,,prediction_jsonl
radar_bounded_crops,372,val,boat,tp,boat,0.7650747895240784,0.7545263261911486,prediction_jsonl
radar_bounded_crops,372,val,buoy,tp,b1,0.3032974898815155,0.8538667913448205,prediction_jsonl
radar_bounded_crops,372,val,buoy,fp,,0.2608652412891388,,prediction_jsonl
radar_bounded_crops,372,val,buoy,fn,b3,,,prediction_jsonl
radar_bounded_crops,372,val,buoy,fn,b4,,,prediction_jsonl
radar_bounded_crops,372,val,buoy,fn,b5,,,prediction_jsonl
radar_bounded_crops,372,val,buoy,fn,b6,,,prediction_jsonl
radar_bounded_crops,372,val,buoy,fn,b7,,,prediction_jsonl
radar_bounded_crops,372,val,buoy,fn,b8,,,prediction_jsonl
radar_bounded_crops,373,val,boat,tp,boat,0.7623183727264404,0.8313097463710409,prediction_jsonl
radar_bounded_crops,373,val,buoy,tp,b1,0.32371044158935547,0.8393831106066427,prediction_jsonl
radar_bounded_crops,373,val,buoy,fp,,0.2938374876976013,,prediction_jsonl
radar_bounded_crops,373,val,buoy,fp,,0.1802137941122055,,prediction_jsonl
radar_bounded_crops,373,val,buoy,fn,b3,,,prediction_jsonl
radar_bounded_crops,373,val,buoy,fn,b4,,,prediction_jsonl
radar_bounded_crops,373,val,buoy,fn,b5,,,prediction_jsonl
radar_bounded_crops,373,val,buoy,fn,b6,,,prediction_jsonl
radar_bounded_crops,373,val,buoy,fn,b7,,,prediction_jsonl
radar_bounded_crops,373,val,buoy,fn,b8,,,prediction_jsonl
radar_bounded_crops,374,test,boat,tp,boat,0.7321707606315613,0.7469846872969453,prediction_jsonl
radar_bounded_crops,374,test,buoy,tp,b1,0.3254876434803009,0.8650369805729154,prediction_jsonl
radar_bounded_crops,374,test,buoy,fp,,0.2717489004135132,,prediction_jsonl
radar_bounded_crops,374,test,buoy,fn,b3,,,prediction_jsonl
radar_bounded_crops,374,test,buoy,fn,b4,,,prediction_jsonl
radar_bounded_crops,374,test,buoy,fn,b5,,,prediction_jsonl
radar_bounded_crops,374,test,buoy,fn,b6,,,prediction_jsonl
radar_bounded_crops,374,test,buoy,fn,b7,,,prediction_jsonl
radar_bounded_crops,374,test,buoy,fn,b8,,,prediction_jsonl
radar_bounded_crops,375,test,boat,tp,boat,0.7523095607757568,0.7807737210371857,prediction_jsonl
radar_bounded_crops,375,test,buoy,tp,b1,0.3207775950431824,0.8989407638430474,prediction_jsonl
radar_bounded_crops,375,test,buoy,fp,,0.27746888995170593,,prediction_jsonl
radar_bounded_crops,375,test,buoy,fp,,0.18175476789474487,,prediction_jsonl
radar_bounded_crops,375,test,buoy,fn,b3,,,prediction_jsonl
radar_bounded_crops,375,test,buoy,fn,b4,,,prediction_jsonl
radar_bounded_crops,375,test,buoy,fn,b5,,,prediction_jsonl
radar_bounded_crops,375,test,buoy,fn,b6,,,prediction_jsonl
radar_bounded_crops,375,test,buoy,fn,b7,,,prediction_jsonl
radar_bounded_crops,375,test,buoy,fn,b8,,,prediction_jsonl
radar_bounded_crops,376,test,boat,tp,boat,0.7239060997962952,0.7409327019871883,prediction_jsonl
radar_bounded_crops,376,test,buoy,tp,b1,0.3278326094150543,0.8794511583783937,prediction_jsonl
radar_bounded_crops,376,test,buoy,fp,,0.29525625705718994,,prediction_jsonl
radar_bounded_crops,376,test,buoy,fp,,0.19066600501537323,,prediction_jsonl
radar_bounded_crops,376,test,buoy,fn,b3,,,prediction_jsonl
radar_bounded_crops,376,test,buoy,fn,b4,,,prediction_jsonl
radar_bounded_crops,376,test,buoy,fn,b5,,,prediction_jsonl
radar_bounded_crops,376,test,buoy,fn,b6,,,prediction_jsonl
radar_bounded_crops,376,test,buoy,fn,b7,,,prediction_jsonl
radar_bounded_crops,376,test,buoy,fn,b8,,,prediction_jsonl
radar_bounded_crops,377,test,boat,tp,boat,0.5971019864082336,0.6928685473992783,prediction_jsonl
radar_bounded_crops,377,test,buoy,tp,b1,0.3400847017765045,0.8671564110066001,prediction_jsonl
radar_bounded_crops,377,test,buoy,fp,,0.3092247545719147,,prediction_jsonl
radar_bounded_crops,377,test,buoy,fp,,0.19794641435146332,,prediction_jsonl
radar_bounded_crops,377,test,buoy,fn,b3,,,prediction_jsonl
radar_bounded_crops,377,test,buoy,fn,b4,,,prediction_jsonl
radar_bounded_crops,377,test,buoy,fn,b5,,,prediction_jsonl
radar_bounded_crops,377,test,buoy,fn,b6,,,prediction_jsonl
radar_bounded_crops,377,test,buoy,fn,b7,,,prediction_jsonl
radar_bounded_crops,377,test,buoy,fn,b8,,,prediction_jsonl
radar_bounded_crops,378,test,boat,tp,boat,0.47762900590896606,0.7642225207342965,prediction_jsonl
radar_bounded_crops,378,test,boat,fp,,0.1856163740158081,,prediction_jsonl
radar_bounded_crops,378,test,buoy,tp,b1,0.3078794479370117,0.8905397177453138,prediction_jsonl
radar_bounded_crops,378,test,buoy,fp,,0.18232564628124237,,prediction_jsonl
radar_bounded_crops,378,test,buoy,fn,b3,,,prediction_jsonl
radar_bounded_crops,378,test,buoy,fn,b4,,,prediction_jsonl
radar_bounded_crops,378,test,buoy,fn,b5,,,prediction_jsonl
radar_bounded_crops,378,test,buoy,fn,b6,,,prediction_jsonl
radar_bounded_crops,378,test,buoy,fn,b7,,,prediction_jsonl
radar_bounded_crops,378,test,buoy,fn,b8,,,prediction_jsonl
radar_bounded_crops,379,test,boat,tp,boat,0.5221271514892578,0.7190297914560998,prediction_jsonl
radar_bounded_crops,379,test,buoy,tp,b1,0.31365370750427246,0.8354971095184494,prediction_jsonl
radar_bounded_crops,379,test,buoy,fn,b3,,,prediction_jsonl
radar_bounded_crops,379,test,buoy,fn,b4,,,prediction_jsonl
radar_bounded_crops,379,test,buoy,fn,b5,,,prediction_jsonl
radar_bounded_crops,379,test,buoy,fn,b6,,,prediction_jsonl
radar_bounded_crops,379,test,buoy,fn,b7,,,prediction_jsonl
radar_bounded_crops,379,test,buoy,fn,b8,,,prediction_jsonl
radar_bounded_crops,380,test,boat,tp,boat,0.4318924844264984,0.6590249159295969,prediction_jsonl
radar_bounded_crops,380,test,buoy,tp,b1,0.3113808333873749,0.8634464467170178,prediction_jsonl
radar_bounded_crops,380,test,buoy,fn,b3,,,prediction_jsonl
radar_bounded_crops,380,test,buoy,fn,b4,,,prediction_jsonl
radar_bounded_crops,380,test,buoy,fn,b5,,,prediction_jsonl
radar_bounded_crops,380,test,buoy,fn,b6,,,prediction_jsonl
radar_bounded_crops,380,test,buoy,fn,b7,,,prediction_jsonl
radar_bounded_crops,380,test,buoy,fn,b8,,,prediction_jsonl
radar_bounded_crops,381,test,boat,tp,boat,0.4879305958747864,0.6849495556615972,prediction_jsonl
radar_bounded_crops,381,test,buoy,tp,b1,0.3067598044872284,0.82622924356032,prediction_jsonl
radar_bounded_crops,381,test,buoy,fn,b3,,,prediction_jsonl
radar_bounded_crops,381,test,buoy,fn,b4,,,prediction_jsonl
radar_bounded_crops,381,test,buoy,fn,b5,,,prediction_jsonl
radar_bounded_crops,381,test,buoy,fn,b6,,,prediction_jsonl
radar_bounded_crops,381,test,buoy,fn,b7,,,prediction_jsonl
radar_bounded_crops,381,test,buoy,fn,b8,,,prediction_jsonl
radar_bounded_crops,382,test,boat,tp,boat,0.7037365436553955,0.8235053941294624,prediction_jsonl
radar_bounded_crops,382,test,buoy,tp,b1,0.2610883414745331,0.8452180879366624,prediction_jsonl
radar_bounded_crops,382,test,buoy,fn,b3,,,prediction_jsonl
radar_bounded_crops,382,test,buoy,fn,b4,,,prediction_jsonl
radar_bounded_crops,382,test,buoy,fn,b5,,,prediction_jsonl
radar_bounded_crops,382,test,buoy,fn,b6,,,prediction_jsonl
radar_bounded_crops,382,test,buoy,fn,b7,,,prediction_jsonl
radar_bounded_crops,382,test,buoy,fn,b8,,,prediction_jsonl
radar_bounded_crops,383,test,boat,tp,boat,0.7125195264816284,0.84105378711837,prediction_jsonl
radar_bounded_crops,383,test,boat,fp,,0.21455100178718567,,prediction_jsonl
radar_bounded_crops,383,test,buoy,tp,b1,0.32176682353019714,0.8365118125182348,prediction_jsonl
radar_bounded_crops,383,test,buoy,fn,b3,,,prediction_jsonl
radar_bounded_crops,383,test,buoy,fn,b4,,,prediction_jsonl
radar_bounded_crops,383,test,buoy,fn,b5,,,prediction_jsonl
radar_bounded_crops,383,test,buoy,fn,b6,,,prediction_jsonl
radar_bounded_crops,383,test,buoy,fn,b7,,,prediction_jsonl
radar_bounded_crops,383,test,buoy,fn,b8,,,prediction_jsonl
radar_bounded_crops,384,test,boat,tp,boat,0.7414713501930237,0.8382858829879857,prediction_jsonl
radar_bounded_crops,384,test,buoy,tp,b1,0.28425246477127075,0.8338550261538837,prediction_jsonl
radar_bounded_crops,384,test,buoy,fn,b3,,,prediction_jsonl
radar_bounded_crops,384,test,buoy,fn,b4,,,prediction_jsonl
radar_bounded_crops,384,test,buoy,fn,b5,,,prediction_jsonl
radar_bounded_crops,384,test,buoy,fn,b6,,,prediction_jsonl
radar_bounded_crops,384,test,buoy,fn,b7,,,prediction_jsonl
radar_bounded_crops,384,test,buoy,fn,b8,,,prediction_jsonl
radar_bounded_crops,385,test,boat,tp,boat,0.5711463689804077,0.8231889295326894,prediction_jsonl
radar_bounded_crops,385,test,boat,fp,,0.3079772889614105,,prediction_jsonl
radar_bounded_crops,385,test,buoy,tp,b1,0.32109203934669495,0.8183611007103804,prediction_jsonl
radar_bounded_crops,385,test,buoy,fn,b3,,,prediction_jsonl
radar_bounded_crops,385,test,buoy,fn,b4,,,prediction_jsonl
radar_bounded_crops,385,test,buoy,fn,b5,,,prediction_jsonl
radar_bounded_crops,385,test,buoy,fn,b6,,,prediction_jsonl
radar_bounded_crops,385,test,buoy,fn,b7,,,prediction_jsonl
radar_bounded_crops,385,test,buoy,fn,b8,,,prediction_jsonl
radar_bounded_crops,386,test,boat,tp,boat,0.44190657138824463,0.7769548995604802,prediction_jsonl
radar_bounded_crops,386,test,buoy,tp,b1,0.3119235038757324,0.8292509270547012,prediction_jsonl
radar_bounded_crops,386,test,buoy,fp,,0.25454971194267273,,prediction_jsonl
radar_bounded_crops,386,test,buoy,fn,b3,,,prediction_jsonl
radar_bounded_crops,386,test,buoy,fn,b4,,,prediction_jsonl
radar_bounded_crops,386,test,buoy,fn,b5,,,prediction_jsonl
radar_bounded_crops,386,test,buoy,fn,b6,,,prediction_jsonl
radar_bounded_crops,386,test,buoy,fn,b7,,,prediction_jsonl
radar_bounded_crops,386,test,buoy,fn,b8,,,prediction_jsonl
radar_bounded_crops,387,test,boat,tp,boat,0.6182128190994263,0.823391041491317,prediction_jsonl
radar_bounded_crops,387,test,buoy,tp,b1,0.288461297750473,0.8152551820263507,prediction_jsonl
radar_bounded_crops,387,test,buoy,fn,b3,,,prediction_jsonl
radar_bounded_crops,387,test,buoy,fn,b4,,,prediction_jsonl
radar_bounded_crops,387,test,buoy,fn,b5,,,prediction_jsonl
radar_bounded_crops,387,test,buoy,fn,b6,,,prediction_jsonl
radar_bounded_crops,387,test,buoy,fn,b7,,,prediction_jsonl
radar_bounded_crops,387,test,buoy,fn,b8,,,prediction_jsonl
radar_bounded_crops,388,test,boat,tp,boat,0.425595760345459,0.6592555943757836,prediction_jsonl
radar_bounded_crops,388,test,buoy,tp,b1,0.2605443596839905,0.8630342472756453,prediction_jsonl
radar_bounded_crops,388,test,buoy,fn,b3,,,prediction_jsonl
radar_bounded_crops,388,test,buoy,fn,b4,,,prediction_jsonl
radar_bounded_crops,388,test,buoy,fn,b5,,,prediction_jsonl
radar_bounded_crops,388,test,buoy,fn,b6,,,prediction_jsonl
radar_bounded_crops,388,test,buoy,fn,b7,,,prediction_jsonl
radar_bounded_crops,388,test,buoy,fn,b8,,,prediction_jsonl
radar_bounded_crops,389,test,boat,tp,boat,0.5824685096740723,0.6802470254792571,prediction_jsonl
radar_bounded_crops,389,test,buoy,tp,b1,0.32408466935157776,0.8313476744528796,prediction_jsonl
radar_bounded_crops,389,test,buoy,fn,b3,,,prediction_jsonl
radar_bounded_crops,389,test,buoy,fn,b4,,,prediction_jsonl
radar_bounded_crops,389,test,buoy,fn,b5,,,prediction_jsonl
radar_bounded_crops,389,test,buoy,fn,b6,,,prediction_jsonl
radar_bounded_crops,389,test,buoy,fn,b7,,,prediction_jsonl
radar_bounded_crops,389,test,buoy,fn,b8,,,prediction_jsonl
radar_bounded_crops,390,test,boat,tp,boat,0.6446975469589233,0.6946057654804051,prediction_jsonl
radar_bounded_crops,390,test,buoy,tp,b1,0.3117164075374603,0.8291004143337831,prediction_jsonl
radar_bounded_crops,390,test,buoy,fn,b3,,,prediction_jsonl
radar_bounded_crops,390,test,buoy,fn,b4,,,prediction_jsonl
radar_bounded_crops,390,test,buoy,fn,b5,,,prediction_jsonl
radar_bounded_crops,390,test,buoy,fn,b6,,,prediction_jsonl
radar_bounded_crops,390,test,buoy,fn,b7,,,prediction_jsonl
radar_bounded_crops,390,test,buoy,fn,b8,,,prediction_jsonl
radar_bounded_crops,391,test,boat,tp,boat,0.7126497030258179,0.8236519916421406,prediction_jsonl
radar_bounded_crops,391,test,boat,fp,,0.18639883399009705,,prediction_jsonl
radar_bounded_crops,391,test,buoy,tp,b1,0.3441932499408722,0.8267842916690638,prediction_jsonl
radar_bounded_crops,391,test,buoy,fn,b3,,,prediction_jsonl
radar_bounded_crops,391,test,buoy,fn,b4,,,prediction_jsonl
radar_bounded_crops,391,test,buoy,fn,b5,,,prediction_jsonl
radar_bounded_crops,391,test,buoy,fn,b6,,,prediction_jsonl
radar_bounded_crops,391,test,buoy,fn,b7,,,prediction_jsonl
radar_bounded_crops,391,test,buoy,fn,b8,,,prediction_jsonl
radar_bounded_crops,392,test,boat,tp,boat,0.4360501766204834,0.78648921187604,prediction_jsonl
radar_bounded_crops,392,test,boat,fp,,0.18991351127624512,,prediction_jsonl
radar_bounded_crops,392,test,buoy,tp,b1,0.33443552255630493,0.8155807544088223,prediction_jsonl
radar_bounded_crops,392,test,buoy,fp,,0.28894782066345215,,prediction_jsonl
radar_bounded_crops,392,test,buoy,fn,b3,,,prediction_jsonl
radar_bounded_crops,392,test,buoy,fn,b4,,,prediction_jsonl
radar_bounded_crops,392,test,buoy,fn,b5,,,prediction_jsonl
radar_bounded_crops,392,test,buoy,fn,b6,,,prediction_jsonl
radar_bounded_crops,392,test,buoy,fn,b7,,,prediction_jsonl
radar_bounded_crops,392,test,buoy,fn,b8,,,prediction_jsonl
radar_bounded_crops,393,test,boat,tp,boat,0.42082104086875916,0.7817156041839954,prediction_jsonl
radar_bounded_crops,393,test,boat,fp,,0.19055084884166718,,prediction_jsonl
radar_bounded_crops,393,test,buoy,tp,b1,0.34136077761650085,0.8305548587225016,prediction_jsonl
radar_bounded_crops,393,test,buoy,fp,,0.1850072145462036,,prediction_jsonl
radar_bounded_crops,393,test,buoy,fn,b3,,,prediction_jsonl
radar_bounded_crops,393,test,buoy,fn,b4,,,prediction_jsonl
radar_bounded_crops,393,test,buoy,fn,b5,,,prediction_jsonl
radar_bounded_crops,393,test,buoy,fn,b6,,,prediction_jsonl
radar_bounded_crops,393,test,buoy,fn,b7,,,prediction_jsonl
radar_bounded_crops,393,test,buoy,fn,b8,,,prediction_jsonl
radar_bounded_crops,394,test,boat,tp,boat,0.42190563678741455,0.642314804143709,prediction_jsonl
radar_bounded_crops,394,test,buoy,tp,b1,0.34527623653411865,0.8545292524164849,prediction_jsonl
radar_bounded_crops,394,test,buoy,fn,b3,,,prediction_jsonl
radar_bounded_crops,394,test,buoy,fn,b4,,,prediction_jsonl
radar_bounded_crops,394,test,buoy,fn,b5,,,prediction_jsonl
radar_bounded_crops,394,test,buoy,fn,b6,,,prediction_jsonl
radar_bounded_crops,394,test,buoy,fn,b7,,,prediction_jsonl
radar_bounded_crops,394,test,buoy,fn,b8,,,prediction_jsonl
radar_bounded_crops,395,test,boat,tp,boat,0.4468494951725006,0.645733204405301,prediction_jsonl
radar_bounded_crops,395,test,buoy,tp,b1,0.3644648790359497,0.8546156766041991,prediction_jsonl
radar_bounded_crops,395,test,buoy,fn,b3,,,prediction_jsonl
radar_bounded_crops,395,test,buoy,fn,b4,,,prediction_jsonl
radar_bounded_crops,395,test,buoy,fn,b5,,,prediction_jsonl
radar_bounded_crops,395,test,buoy,fn,b6,,,prediction_jsonl
radar_bounded_crops,395,test,buoy,fn,b7,,,prediction_jsonl
radar_bounded_crops,395,test,buoy,fn,b8,,,prediction_jsonl
radar_bounded_crops,396,test,boat,tp,boat,0.6818010210990906,0.6900368536026058,prediction_jsonl
radar_bounded_crops,396,test,buoy,tp,b1,0.3295122981071472,0.8414246452996627,prediction_jsonl
radar_bounded_crops,396,test,buoy,fn,b3,,,prediction_jsonl
radar_bounded_crops,396,test,buoy,fn,b4,,,prediction_jsonl
radar_bounded_crops,396,test,buoy,fn,b5,,,prediction_jsonl
radar_bounded_crops,396,test,buoy,fn,b6,,,prediction_jsonl
radar_bounded_crops,396,test,buoy,fn,b7,,,prediction_jsonl
radar_bounded_crops,396,test,buoy,fn,b8,,,prediction_jsonl
radar_bounded_crops,397,test,boat,tp,boat,0.49570754170417786,0.6318113187545673,prediction_jsonl
radar_bounded_crops,397,test,buoy,tp,b1,0.3343854546546936,0.8216024373291292,prediction_jsonl
radar_bounded_crops,397,test,buoy,fn,b3,,,prediction_jsonl
radar_bounded_crops,397,test,buoy,fn,b4,,,prediction_jsonl
radar_bounded_crops,397,test,buoy,fn,b5,,,prediction_jsonl
radar_bounded_crops,397,test,buoy,fn,b6,,,prediction_jsonl
radar_bounded_crops,397,test,buoy,fn,b7,,,prediction_jsonl
radar_bounded_crops,397,test,buoy,fn,b8,,,prediction_jsonl
radar_bounded_crops,398,test,boat,tp,boat,0.44266295433044434,0.6279391536083628,prediction_jsonl
radar_bounded_crops,398,test,buoy,tp,b1,0.3239774703979492,0.8239284748566267,prediction_jsonl
radar_bounded_crops,398,test,buoy,fp,,0.18941442668437958,,prediction_jsonl
radar_bounded_crops,398,test,buoy,fn,b3,,,prediction_jsonl
radar_bounded_crops,398,test,buoy,fn,b4,,,prediction_jsonl
radar_bounded_crops,398,test,buoy,fn,b5,,,prediction_jsonl
radar_bounded_crops,398,test,buoy,fn,b6,,,prediction_jsonl
radar_bounded_crops,398,test,buoy,fn,b7,,,prediction_jsonl
radar_bounded_crops,398,test,buoy,fn,b8,,,prediction_jsonl
radar_bounded_crops,399,test,boat,tp,boat,0.6305598616600037,0.7574300603757125,prediction_jsonl
radar_bounded_crops,399,test,boat,fp,,0.5924124717712402,,prediction_jsonl
radar_bounded_crops,399,test,boat,fp,,0.22637829184532166,,prediction_jsonl
radar_bounded_crops,399,test,buoy,tp,b1,0.32919490337371826,0.884869916572618,prediction_jsonl
radar_bounded_crops,399,test,buoy,fp,,0.18970590829849243,,prediction_jsonl
radar_bounded_crops,399,test,buoy,fn,b3,,,prediction_jsonl
radar_bounded_crops,399,test,buoy,fn,b4,,,prediction_jsonl
radar_bounded_crops,399,test,buoy,fn,b5,,,prediction_jsonl
radar_bounded_crops,399,test,buoy,fn,b6,,,prediction_jsonl
radar_bounded_crops,399,test,buoy,fn,b7,,,prediction_jsonl
radar_bounded_crops,399,test,buoy,fn,b8,,,prediction_jsonl
radar_bounded_crops,400,test,boat,tp,boat,0.6244009137153625,0.8315736719270385,prediction_jsonl
radar_bounded_crops,400,test,boat,fp,,0.5428876280784607,,prediction_jsonl
radar_bounded_crops,400,test,boat,fp,,0.2410489022731781,,prediction_jsonl
radar_bounded_crops,400,test,boat,fp,,0.1892506629228592,,prediction_jsonl
radar_bounded_crops,400,test,buoy,tp,b1,0.3314287066459656,0.8761625777348874,prediction_jsonl
radar_bounded_crops,400,test,buoy,fn,b3,,,prediction_jsonl
radar_bounded_crops,400,test,buoy,fn,b4,,,prediction_jsonl
radar_bounded_crops,400,test,buoy,fn,b5,,,prediction_jsonl
radar_bounded_crops,400,test,buoy,fn,b6,,,prediction_jsonl
radar_bounded_crops,400,test,buoy,fn,b7,,,prediction_jsonl
radar_bounded_crops,400,test,buoy,fn,b8,,,prediction_jsonl
radar_bounded_crops,401,test,boat,tp,boat,0.6652513742446899,0.8070868696257929,prediction_jsonl
radar_bounded_crops,401,test,boat,fp,,0.5275230407714844,,prediction_jsonl
radar_bounded_crops,401,test,boat,fp,,0.20635487139225006,,prediction_jsonl
radar_bounded_crops,401,test,boat,fp,,0.1848330795764923,,prediction_jsonl
radar_bounded_crops,401,test,buoy,tp,b1,0.3602663576602936,0.8833686670977282,prediction_jsonl
radar_bounded_crops,401,test,buoy,fp,,0.2540856599807739,,prediction_jsonl
radar_bounded_crops,401,test,buoy,fn,b3,,,prediction_jsonl
radar_bounded_crops,401,test,buoy,fn,b4,,,prediction_jsonl
radar_bounded_crops,401,test,buoy,fn,b5,,,prediction_jsonl
radar_bounded_crops,401,test,buoy,fn,b6,,,prediction_jsonl
radar_bounded_crops,401,test,buoy,fn,b7,,,prediction_jsonl
radar_bounded_crops,401,test,buoy,fn,b8,,,prediction_jsonl
radar_bounded_crops,402,test,boat,tp,boat,0.6148781776428223,0.8015401826722324,prediction_jsonl
radar_bounded_crops,402,test,boat,fp,,0.5553320646286011,,prediction_jsonl
radar_bounded_crops,402,test,boat,fp,,0.2535994052886963,,prediction_jsonl
radar_bounded_crops,402,test,buoy,tp,b1,0.35337164998054504,0.8555099657391427,prediction_jsonl
radar_bounded_crops,402,test,buoy,fp,,0.2565614879131317,,prediction_jsonl
radar_bounded_crops,402,test,buoy,fn,b3,,,prediction_jsonl
radar_bounded_crops,402,test,buoy,fn,b4,,,prediction_jsonl
radar_bounded_crops,402,test,buoy,fn,b5,,,prediction_jsonl
radar_bounded_crops,402,test,buoy,fn,b6,,,prediction_jsonl
radar_bounded_crops,402,test,buoy,fn,b7,,,prediction_jsonl
radar_bounded_crops,402,test,buoy,fn,b8,,,prediction_jsonl
radar_bounded_crops,403,test,boat,tp,boat,0.5541679263114929,0.7702769647182223,prediction_jsonl
radar_bounded_crops,403,test,boat,fp,,0.5512439012527466,,prediction_jsonl
radar_bounded_crops,403,test,buoy,tp,b1,0.358136385679245,0.8482782301502373,prediction_jsonl
radar_bounded_crops,403,test,buoy,fn,b3,,,prediction_jsonl
radar_bounded_crops,403,test,buoy,fn,b4,,,prediction_jsonl
radar_bounded_crops,403,test,buoy,fn,b5,,,prediction_jsonl
radar_bounded_crops,403,test,buoy,fn,b6,,,prediction_jsonl
radar_bounded_crops,403,test,buoy,fn,b7,,,prediction_jsonl
radar_bounded_crops,403,test,buoy,fn,b8,,,prediction_jsonl
radar_bounded_crops,404,test,boat,tp,boat,0.4203212857246399,0.8002635546450811,prediction_jsonl
radar_bounded_crops,404,test,boat,fp,,0.5363442897796631,,prediction_jsonl
radar_bounded_crops,404,test,boat,fp,,0.1890290528535843,,prediction_jsonl
radar_bounded_crops,404,test,buoy,tp,b1,0.3568119704723358,0.8637119662105749,prediction_jsonl
radar_bounded_crops,404,test,buoy,fn,b3,,,prediction_jsonl
radar_bounded_crops,404,test,buoy,fn,b4,,,prediction_jsonl
radar_bounded_crops,404,test,buoy,fn,b5,,,prediction_jsonl
radar_bounded_crops,404,test,buoy,fn,b6,,,prediction_jsonl
radar_bounded_crops,404,test,buoy,fn,b7,,,prediction_jsonl
radar_bounded_crops,404,test,buoy,fn,b8,,,prediction_jsonl
radar_bounded_crops,405,test,boat,tp,boat,0.6090037822723389,0.8339610564752661,prediction_jsonl
radar_bounded_crops,405,test,boat,fp,,0.5773259401321411,,prediction_jsonl
radar_bounded_crops,405,test,boat,fp,,0.21593983471393585,,prediction_jsonl
radar_bounded_crops,405,test,buoy,tp,b1,0.34773802757263184,0.8380706623231464,prediction_jsonl
radar_bounded_crops,405,test,buoy,fp,,0.24805773794651031,,prediction_jsonl
radar_bounded_crops,405,test,buoy,fn,b3,,,prediction_jsonl
radar_bounded_crops,405,test,buoy,fn,b4,,,prediction_jsonl
radar_bounded_crops,405,test,buoy,fn,b5,,,prediction_jsonl
radar_bounded_crops,405,test,buoy,fn,b6,,,prediction_jsonl
radar_bounded_crops,405,test,buoy,fn,b7,,,prediction_jsonl
radar_bounded_crops,405,test,buoy,fn,b8,,,prediction_jsonl
radar_bounded_crops,406,test,boat,tp,boat,0.428286075592041,0.6425272158490183,prediction_jsonl
radar_bounded_crops,406,test,boat,fp,,0.4766572415828705,,prediction_jsonl
radar_bounded_crops,406,test,boat,fp,,0.3201979994773865,,prediction_jsonl
radar_bounded_crops,406,test,boat,fp,,0.2058398574590683,,prediction_jsonl
radar_bounded_crops,406,test,buoy,tp,b1,0.3421330451965332,0.8520132327359141,prediction_jsonl
radar_bounded_crops,406,test,buoy,fp,,0.18628959357738495,,prediction_jsonl
radar_bounded_crops,406,test,buoy,fn,b3,,,prediction_jsonl
radar_bounded_crops,406,test,buoy,fn,b4,,,prediction_jsonl
radar_bounded_crops,406,test,buoy,fn,b5,,,prediction_jsonl
radar_bounded_crops,406,test,buoy,fn,b6,,,prediction_jsonl
radar_bounded_crops,406,test,buoy,fn,b7,,,prediction_jsonl
radar_bounded_crops,406,test,buoy,fn,b8,,,prediction_jsonl
radar_bounded_crops,407,test,boat,tp,boat,0.6496399641036987,0.8453254750817233,prediction_jsonl
radar_bounded_crops,407,test,boat,fp,,0.40166175365448,,prediction_jsonl
radar_bounded_crops,407,test,boat,fp,,0.22791090607643127,,prediction_jsonl
radar_bounded_crops,407,test,boat,fp,,0.2268586903810501,,prediction_jsonl
radar_bounded_crops,407,test,buoy,tp,b1,0.3408151865005493,0.8866509007541061,prediction_jsonl
radar_bounded_crops,407,test,buoy,fp,,0.2516399621963501,,prediction_jsonl
radar_bounded_crops,407,test,buoy,fn,b3,,,prediction_jsonl
radar_bounded_crops,407,test,buoy,fn,b4,,,prediction_jsonl
radar_bounded_crops,407,test,buoy,fn,b5,,,prediction_jsonl
radar_bounded_crops,407,test,buoy,fn,b6,,,prediction_jsonl
radar_bounded_crops,407,test,buoy,fn,b7,,,prediction_jsonl
radar_bounded_crops,407,test,buoy,fn,b8,,,prediction_jsonl
radar_bounded_crops,408,test,boat,tp,boat,0.6044012308120728,0.8350922101075123,prediction_jsonl
radar_bounded_crops,408,test,boat,fp,,0.4016091525554657,,prediction_jsonl
radar_bounded_crops,408,test,boat,fp,,0.2715589106082916,,prediction_jsonl
radar_bounded_crops,408,test,boat,fp,,0.20619651675224304,,prediction_jsonl
radar_bounded_crops,408,test,buoy,tp,b1,0.35097235441207886,0.8576861737824142,prediction_jsonl
radar_bounded_crops,408,test,buoy,fp,,0.24300076067447662,,prediction_jsonl
radar_bounded_crops,408,test,buoy,fn,b3,,,prediction_jsonl
radar_bounded_crops,408,test,buoy,fn,b4,,,prediction_jsonl
radar_bounded_crops,408,test,buoy,fn,b5,,,prediction_jsonl
radar_bounded_crops,408,test,buoy,fn,b6,,,prediction_jsonl
radar_bounded_crops,408,test,buoy,fn,b7,,,prediction_jsonl
radar_bounded_crops,408,test,buoy,fn,b8,,,prediction_jsonl
radar_bounded_crops,409,test,boat,tp,boat,0.4502105414867401,0.6495987052960523,prediction_jsonl
radar_bounded_crops,409,test,buoy,tp,b1,0.30242908000946045,0.8606705154955825,prediction_jsonl
radar_bounded_crops,409,test,buoy,fp,,0.26317450404167175,,prediction_jsonl
radar_bounded_crops,409,test,buoy,fn,b3,,,prediction_jsonl
radar_bounded_crops,409,test,buoy,fn,b4,,,prediction_jsonl
radar_bounded_crops,409,test,buoy,fn,b5,,,prediction_jsonl
radar_bounded_crops,409,test,buoy,fn,b6,,,prediction_jsonl
radar_bounded_crops,409,test,buoy,fn,b7,,,prediction_jsonl
radar_bounded_crops,409,test,buoy,fn,b8,,,prediction_jsonl
radar_bounded_crops,410,test,boat,tp,boat,0.4683936536312103,0.6691111352319654,prediction_jsonl
radar_bounded_crops,410,test,boat,fp,,0.18440517783164978,,prediction_jsonl
radar_bounded_crops,410,test,buoy,tp,b1,0.3164101243019104,0.868655602788655,prediction_jsonl
radar_bounded_crops,410,test,buoy,fn,b3,,,prediction_jsonl
radar_bounded_crops,410,test,buoy,fn,b4,,,prediction_jsonl
radar_bounded_crops,410,test,buoy,fn,b5,,,prediction_jsonl
radar_bounded_crops,410,test,buoy,fn,b6,,,prediction_jsonl
radar_bounded_crops,410,test,buoy,fn,b7,,,prediction_jsonl
radar_bounded_crops,410,test,buoy,fn,b8,,,prediction_jsonl
radar_bounded_crops,411,test,boat,tp,boat,0.431591659784317,0.7574848985750994,prediction_jsonl
radar_bounded_crops,411,test,buoy,tp,b1,0.2999539375305176,0.8559912196856917,prediction_jsonl
radar_bounded_crops,411,test,buoy,fp,,0.2537236511707306,,prediction_jsonl
radar_bounded_crops,411,test,buoy,fn,b3,,,prediction_jsonl
radar_bounded_crops,411,test,buoy,fn,b4,,,prediction_jsonl
radar_bounded_crops,411,test,buoy,fn,b5,,,prediction_jsonl
radar_bounded_crops,411,test,buoy,fn,b6,,,prediction_jsonl
radar_bounded_crops,411,test,buoy,fn,b7,,,prediction_jsonl
radar_bounded_crops,411,test,buoy,fn,b8,,,prediction_jsonl
radar_bounded_crops,412,test,boat,tp,boat,0.45556676387786865,0.6000977041689006,prediction_jsonl
radar_bounded_crops,412,test,buoy,tp,b1,0.3014104962348938,0.826365620644629,prediction_jsonl
radar_bounded_crops,412,test,buoy,fp,,0.264059454202652,,prediction_jsonl
radar_bounded_crops,412,test,buoy,fn,b3,,,prediction_jsonl
radar_bounded_crops,412,test,buoy,fn,b4,,,prediction_jsonl
radar_bounded_crops,412,test,buoy,fn,b5,,,prediction_jsonl
radar_bounded_crops,412,test,buoy,fn,b6,,,prediction_jsonl
radar_bounded_crops,412,test,buoy,fn,b7,,,prediction_jsonl
radar_bounded_crops,412,test,buoy,fn,b8,,,prediction_jsonl
radar_bounded_crops,413,test,boat,tp,boat,0.5796301960945129,0.6753343851788997,prediction_jsonl
radar_bounded_crops,413,test,boat,fp,,0.18456734716892242,,prediction_jsonl
radar_bounded_crops,413,test,buoy,tp,b1,0.28549519181251526,0.849917315580863,prediction_jsonl
radar_bounded_crops,413,test,buoy,fp,,0.2649320363998413,,prediction_jsonl
radar_bounded_crops,413,test,buoy,fn,b3,,,prediction_jsonl
radar_bounded_crops,413,test,buoy,fn,b4,,,prediction_jsonl
radar_bounded_crops,413,test,buoy,fn,b5,,,prediction_jsonl
radar_bounded_crops,413,test,buoy,fn,b6,,,prediction_jsonl
radar_bounded_crops,413,test,buoy,fn,b7,,,prediction_jsonl
radar_bounded_crops,413,test,buoy,fn,b8,,,prediction_jsonl
radar_bounded_crops,414,test,boat,tp,boat,0.467278391122818,0.6432515861819368,prediction_jsonl
radar_bounded_crops,414,test,buoy,tp,b1,0.2994001507759094,0.8175960407142027,prediction_jsonl
radar_bounded_crops,414,test,buoy,fp,,0.2576611638069153,,prediction_jsonl
radar_bounded_crops,414,test,buoy,fn,b3,,,prediction_jsonl
radar_bounded_crops,414,test,buoy,fn,b4,,,prediction_jsonl
radar_bounded_crops,414,test,buoy,fn,b5,,,prediction_jsonl
radar_bounded_crops,414,test,buoy,fn,b6,,,prediction_jsonl
radar_bounded_crops,414,test,buoy,fn,b7,,,prediction_jsonl
radar_bounded_crops,414,test,buoy,fn,b8,,,prediction_jsonl
radar_bounded_crops,415,test,boat,tp,boat,0.49783816933631897,0.6651487519485776,prediction_jsonl
radar_bounded_crops,415,test,buoy,tp,b1,0.30256927013397217,0.837861578824683,prediction_jsonl
radar_bounded_crops,415,test,buoy,fp,,0.2630479335784912,,prediction_jsonl
radar_bounded_crops,415,test,buoy,fn,b3,,,prediction_jsonl
radar_bounded_crops,415,test,buoy,fn,b4,,,prediction_jsonl
radar_bounded_crops,415,test,buoy,fn,b5,,,prediction_jsonl
radar_bounded_crops,415,test,buoy,fn,b6,,,prediction_jsonl
radar_bounded_crops,415,test,buoy,fn,b7,,,prediction_jsonl
radar_bounded_crops,415,test,buoy,fn,b8,,,prediction_jsonl
radar_bounded_crops,416,test,boat,tp,boat,0.48995697498321533,0.6708640796097467,prediction_jsonl
radar_bounded_crops,416,test,buoy,tp,b1,0.292442262172699,0.837159364894229,prediction_jsonl
radar_bounded_crops,416,test,buoy,fp,,0.252584308385849,,prediction_jsonl
radar_bounded_crops,416,test,buoy,fn,b3,,,prediction_jsonl
radar_bounded_crops,416,test,buoy,fn,b4,,,prediction_jsonl
radar_bounded_crops,416,test,buoy,fn,b5,,,prediction_jsonl
radar_bounded_crops,416,test,buoy,fn,b6,,,prediction_jsonl
radar_bounded_crops,416,test,buoy,fn,b7,,,prediction_jsonl
radar_bounded_crops,416,test,buoy,fn,b8,,,prediction_jsonl
radar_bounded_crops,417,test,boat,tp,boat,0.45473581552505493,0.6500626441371977,prediction_jsonl
radar_bounded_crops,417,test,boat,fp,,0.1814880222082138,,prediction_jsonl
radar_bounded_crops,417,test,buoy,tp,b1,0.29577165842056274,0.8488563590961189,prediction_jsonl
radar_bounded_crops,417,test,buoy,fp,,0.2592892646789551,,prediction_jsonl
radar_bounded_crops,417,test,buoy,fn,b3,,,prediction_jsonl
radar_bounded_crops,417,test,buoy,fn,b4,,,prediction_jsonl
radar_bounded_crops,417,test,buoy,fn,b5,,,prediction_jsonl
radar_bounded_crops,417,test,buoy,fn,b6,,,prediction_jsonl
radar_bounded_crops,417,test,buoy,fn,b7,,,prediction_jsonl
radar_bounded_crops,417,test,buoy,fn,b8,,,prediction_jsonl
radar_bounded_crops,418,test,boat,tp,boat,0.4910554587841034,0.80731022973724,prediction_jsonl
radar_bounded_crops,418,test,buoy,tp,b1,0.29196855425834656,0.8340839415226169,prediction_jsonl
radar_bounded_crops,418,test,buoy,fp,,0.25462985038757324,,prediction_jsonl
radar_bounded_crops,418,test,buoy,fn,b3,,,prediction_jsonl
radar_bounded_crops,418,test,buoy,fn,b4,,,prediction_jsonl
radar_bounded_crops,418,test,buoy,fn,b5,,,prediction_jsonl
radar_bounded_crops,418,test,buoy,fn,b6,,,prediction_jsonl
radar_bounded_crops,418,test,buoy,fn,b7,,,prediction_jsonl
radar_bounded_crops,418,test,buoy,fn,b8,,,prediction_jsonl
radar_confidence_gated,119,train,boat,tp,boat,0.6370086073875427,0.7120108964510586,prediction_jsonl
radar_confidence_gated,119,train,buoy,tp,b1,0.22126361727714539,0.6020642336529316,prediction_jsonl
radar_confidence_gated,119,train,buoy,fn,b2,,,prediction_jsonl
radar_confidence_gated,119,train,buoy,fn,b3,,,prediction_jsonl
radar_confidence_gated,119,train,buoy,fn,b4,,,prediction_jsonl
radar_confidence_gated,119,train,buoy,fn,b5,,,prediction_jsonl
radar_confidence_gated,119,train,buoy,fn,b6,,,prediction_jsonl
radar_confidence_gated,119,train,buoy,fn,b7,,,prediction_jsonl
radar_confidence_gated,119,train,buoy,fn,b8,,,prediction_jsonl
radar_confidence_gated,120,train,boat,tp,boat,0.655012845993042,0.6856854640282276,prediction_jsonl
radar_confidence_gated,120,train,buoy,tp,b1,0.2248810976743698,0.5877413615845505,prediction_jsonl
radar_confidence_gated,120,train,buoy,fn,b2,,,prediction_jsonl
radar_confidence_gated,120,train,buoy,fn,b3,,,prediction_jsonl
radar_confidence_gated,120,train,buoy,fn,b4,,,prediction_jsonl
radar_confidence_gated,120,train,buoy,fn,b5,,,prediction_jsonl
radar_confidence_gated,120,train,buoy,fn,b6,,,prediction_jsonl
radar_confidence_gated,120,train,buoy,fn,b7,,,prediction_jsonl
radar_confidence_gated,120,train,buoy,fn,b8,,,prediction_jsonl
radar_confidence_gated,121,train,boat,tp,boat,0.6587588787078857,0.7192467297760078,prediction_jsonl
radar_confidence_gated,121,train,buoy,tp,b1,0.2042919397354126,0.6152168175328241,prediction_jsonl
radar_confidence_gated,121,train,buoy,fn,b2,,,prediction_jsonl
radar_confidence_gated,121,train,buoy,fn,b3,,,prediction_jsonl
radar_confidence_gated,121,train,buoy,fn,b4,,,prediction_jsonl
radar_confidence_gated,121,train,buoy,fn,b5,,,prediction_jsonl
radar_confidence_gated,121,train,buoy,fn,b6,,,prediction_jsonl
radar_confidence_gated,121,train,buoy,fn,b7,,,prediction_jsonl
radar_confidence_gated,121,train,buoy,fn,b8,,,prediction_jsonl
radar_confidence_gated,122,train,boat,tp,boat,0.643306314945221,0.719096177709124,prediction_jsonl
radar_confidence_gated,122,train,buoy,tp,b1,0.1826675683259964,0.6130984630354689,prediction_jsonl
radar_confidence_gated,122,train,buoy,fn,b2,,,prediction_jsonl
radar_confidence_gated,122,train,buoy,fn,b3,,,prediction_jsonl
radar_confidence_gated,122,train,buoy,fn,b4,,,prediction_jsonl
radar_confidence_gated,122,train,buoy,fn,b5,,,prediction_jsonl
radar_confidence_gated,122,train,buoy,fn,b6,,,prediction_jsonl
radar_confidence_gated,122,train,buoy,fn,b7,,,prediction_jsonl
radar_confidence_gated,122,train,buoy,fn,b8,,,prediction_jsonl
radar_confidence_gated,123,train,boat,tp,boat,0.6453753113746643,0.7033542515881489,prediction_jsonl
radar_confidence_gated,123,train,buoy,tp,b1,0.18542277812957764,0.5915504271007026,prediction_jsonl
radar_confidence_gated,123,train,buoy,fn,b2,,,prediction_jsonl
radar_confidence_gated,123,train,buoy,fn,b3,,,prediction_jsonl
radar_confidence_gated,123,train,buoy,fn,b4,,,prediction_jsonl
radar_confidence_gated,123,train,buoy,fn,b5,,,prediction_jsonl
radar_confidence_gated,123,train,buoy,fn,b6,,,prediction_jsonl
radar_confidence_gated,123,train,buoy,fn,b7,,,prediction_jsonl
radar_confidence_gated,123,train,buoy,fn,b8,,,prediction_jsonl
radar_confidence_gated,124,train,boat,tp,boat,0.6462193727493286,0.6930290229017684,prediction_jsonl
radar_confidence_gated,124,train,buoy,tp,b1,0.21214717626571655,0.5894453423182822,prediction_jsonl
radar_confidence_gated,124,train,buoy,fn,b2,,,prediction_jsonl
radar_confidence_gated,124,train,buoy,fn,b3,,,prediction_jsonl
radar_confidence_gated,124,train,buoy,fn,b4,,,prediction_jsonl
radar_confidence_gated,124,train,buoy,fn,b5,,,prediction_jsonl
radar_confidence_gated,124,train,buoy,fn,b6,,,prediction_jsonl
radar_confidence_gated,124,train,buoy,fn,b7,,,prediction_jsonl
radar_confidence_gated,124,train,buoy,fn,b8,,,prediction_jsonl
radar_confidence_gated,125,train,boat,tp,boat,0.6497337222099304,0.6918044949673002,prediction_jsonl
radar_confidence_gated,125,train,buoy,tp,b1,0.21629980206489563,0.5624013911815118,prediction_jsonl
radar_confidence_gated,125,train,buoy,fn,b2,,,prediction_jsonl
radar_confidence_gated,125,train,buoy,fn,b3,,,prediction_jsonl
radar_confidence_gated,125,train,buoy,fn,b4,,,prediction_jsonl
radar_confidence_gated,125,train,buoy,fn,b5,,,prediction_jsonl
radar_confidence_gated,125,train,buoy,fn,b6,,,prediction_jsonl
radar_confidence_gated,125,train,buoy,fn,b7,,,prediction_jsonl
radar_confidence_gated,125,train,buoy,fn,b8,,,prediction_jsonl
radar_confidence_gated,126,train,boat,tp,boat,0.6515589952468872,0.6804011795185697,prediction_jsonl
radar_confidence_gated,126,train,buoy,tp,b1,0.2300954908132553,0.573363082476747,prediction_jsonl
radar_confidence_gated,126,train,buoy,fn,b2,,,prediction_jsonl
radar_confidence_gated,126,train,buoy,fn,b3,,,prediction_jsonl
radar_confidence_gated,126,train,buoy,fn,b4,,,prediction_jsonl
radar_confidence_gated,126,train,buoy,fn,b5,,,prediction_jsonl
radar_confidence_gated,126,train,buoy,fn,b6,,,prediction_jsonl
radar_confidence_gated,126,train,buoy,fn,b7,,,prediction_jsonl
radar_confidence_gated,126,train,buoy,fn,b8,,,prediction_jsonl
radar_confidence_gated,127,train,boat,tp,boat,0.6536134481430054,0.6988795729831883,prediction_jsonl
radar_confidence_gated,127,train,buoy,tp,b1,0.21180063486099243,0.5714712242386483,prediction_jsonl
radar_confidence_gated,127,train,buoy,fn,b2,,,prediction_jsonl
radar_confidence_gated,127,train,buoy,fn,b3,,,prediction_jsonl
radar_confidence_gated,127,train,buoy,fn,b4,,,prediction_jsonl
radar_confidence_gated,127,train,buoy,fn,b5,,,prediction_jsonl
radar_confidence_gated,127,train,buoy,fn,b6,,,prediction_jsonl
radar_confidence_gated,127,train,buoy,fn,b7,,,prediction_jsonl
radar_confidence_gated,127,train,buoy,fn,b8,,,prediction_jsonl
radar_confidence_gated,128,train,boat,tp,boat,0.6426524519920349,0.6836999746987475,prediction_jsonl
radar_confidence_gated,128,train,buoy,tp,b1,0.21084536612033844,0.5761929778603454,prediction_jsonl
radar_confidence_gated,128,train,buoy,fn,b2,,,prediction_jsonl
radar_confidence_gated,128,train,buoy,fn,b3,,,prediction_jsonl
radar_confidence_gated,128,train,buoy,fn,b4,,,prediction_jsonl
radar_confidence_gated,128,train,buoy,fn,b5,,,prediction_jsonl
radar_confidence_gated,128,train,buoy,fn,b6,,,prediction_jsonl
radar_confidence_gated,128,train,buoy,fn,b7,,,prediction_jsonl
radar_confidence_gated,128,train,buoy,fn,b8,,,prediction_jsonl
radar_confidence_gated,129,train,boat,tp,boat,0.6453797221183777,0.647562432455728,prediction_jsonl
radar_confidence_gated,129,train,buoy,tp,b1,0.19362513720989227,0.592885139978452,prediction_jsonl
radar_confidence_gated,129,train,buoy,fn,b2,,,prediction_jsonl
radar_confidence_gated,129,train,buoy,fn,b3,,,prediction_jsonl
radar_confidence_gated,129,train,buoy,fn,b4,,,prediction_jsonl
radar_confidence_gated,129,train,buoy,fn,b5,,,prediction_jsonl
radar_confidence_gated,129,train,buoy,fn,b6,,,prediction_jsonl
radar_confidence_gated,129,train,buoy,fn,b7,,,prediction_jsonl
radar_confidence_gated,129,train,buoy,fn,b8,,,prediction_jsonl
radar_confidence_gated,130,train,boat,tp,boat,0.6446740627288818,0.7037801414742831,prediction_jsonl
radar_confidence_gated,130,train,buoy,tp,b1,0.2085561752319336,0.5792253991632815,prediction_jsonl
radar_confidence_gated,130,train,buoy,fn,b2,,,prediction_jsonl
radar_confidence_gated,130,train,buoy,fn,b3,,,prediction_jsonl
radar_confidence_gated,130,train,buoy,fn,b4,,,prediction_jsonl
radar_confidence_gated,130,train,buoy,fn,b5,,,prediction_jsonl
radar_confidence_gated,130,train,buoy,fn,b6,,,prediction_jsonl
radar_confidence_gated,130,train,buoy,fn,b7,,,prediction_jsonl
radar_confidence_gated,130,train,buoy,fn,b8,,,prediction_jsonl
radar_confidence_gated,131,train,boat,tp,boat,0.6508535742759705,0.690431951858827,prediction_jsonl
radar_confidence_gated,131,train,buoy,tp,b1,0.18980804085731506,0.560845482036759,prediction_jsonl
radar_confidence_gated,131,train,buoy,fn,b2,,,prediction_jsonl
radar_confidence_gated,131,train,buoy,fn,b3,,,prediction_jsonl
radar_confidence_gated,131,train,buoy,fn,b4,,,prediction_jsonl
radar_confidence_gated,131,train,buoy,fn,b5,,,prediction_jsonl
radar_confidence_gated,131,train,buoy,fn,b6,,,prediction_jsonl
radar_confidence_gated,131,train,buoy,fn,b7,,,prediction_jsonl
radar_confidence_gated,131,train,buoy,fn,b8,,,prediction_jsonl
radar_confidence_gated,132,train,boat,tp,boat,0.6543265581130981,0.6854023167154728,prediction_jsonl
radar_confidence_gated,132,train,buoy,tp,b1,0.20736883580684662,0.5691241221224944,prediction_jsonl
radar_confidence_gated,132,train,buoy,fn,b2,,,prediction_jsonl
radar_confidence_gated,132,train,buoy,fn,b3,,,prediction_jsonl
radar_confidence_gated,132,train,buoy,fn,b4,,,prediction_jsonl
radar_confidence_gated,132,train,buoy,fn,b5,,,prediction_jsonl
radar_confidence_gated,132,train,buoy,fn,b6,,,prediction_jsonl
radar_confidence_gated,132,train,buoy,fn,b7,,,prediction_jsonl
radar_confidence_gated,132,train,buoy,fn,b8,,,prediction_jsonl
radar_confidence_gated,133,train,boat,tp,boat,0.6430542469024658,0.6952911519263085,prediction_jsonl
radar_confidence_gated,133,train,buoy,tp,b1,0.2189377099275589,0.570155615471033,prediction_jsonl
radar_confidence_gated,133,train,buoy,fn,b2,,,prediction_jsonl
radar_confidence_gated,133,train,buoy,fn,b3,,,prediction_jsonl
radar_confidence_gated,133,train,buoy,fn,b4,,,prediction_jsonl
radar_confidence_gated,133,train,buoy,fn,b5,,,prediction_jsonl
radar_confidence_gated,133,train,buoy,fn,b6,,,prediction_jsonl
radar_confidence_gated,133,train,buoy,fn,b7,,,prediction_jsonl
radar_confidence_gated,133,train,buoy,fn,b8,,,prediction_jsonl
radar_confidence_gated,134,train,boat,tp,boat,0.6449906826019287,0.7009442717562744,prediction_jsonl
radar_confidence_gated,134,train,buoy,tp,b1,0.24370956420898438,0.5913083772789,prediction_jsonl
radar_confidence_gated,134,train,buoy,fn,b2,,,prediction_jsonl
radar_confidence_gated,134,train,buoy,fn,b3,,,prediction_jsonl
radar_confidence_gated,134,train,buoy,fn,b4,,,prediction_jsonl
radar_confidence_gated,134,train,buoy,fn,b5,,,prediction_jsonl
radar_confidence_gated,134,train,buoy,fn,b6,,,prediction_jsonl
radar_confidence_gated,134,train,buoy,fn,b7,,,prediction_jsonl
radar_confidence_gated,134,train,buoy,fn,b8,,,prediction_jsonl
radar_confidence_gated,135,train,boat,tp,boat,0.6496593356132507,0.6939822317113469,prediction_jsonl
radar_confidence_gated,135,train,buoy,tp,b1,0.22028958797454834,0.5618727387338853,prediction_jsonl
radar_confidence_gated,135,train,buoy,fn,b2,,,prediction_jsonl
radar_confidence_gated,135,train,buoy,fn,b3,,,prediction_jsonl
radar_confidence_gated,135,train,buoy,fn,b4,,,prediction_jsonl
radar_confidence_gated,135,train,buoy,fn,b5,,,prediction_jsonl
radar_confidence_gated,135,train,buoy,fn,b6,,,prediction_jsonl
radar_confidence_gated,135,train,buoy,fn,b7,,,prediction_jsonl
radar_confidence_gated,135,train,buoy,fn,b8,,,prediction_jsonl
radar_confidence_gated,136,train,boat,tp,boat,0.6427674889564514,0.6830215837881741,prediction_jsonl
radar_confidence_gated,136,train,buoy,tp,b1,0.21170048415660858,0.565103684288664,prediction_jsonl
radar_confidence_gated,136,train,buoy,fn,b2,,,prediction_jsonl
radar_confidence_gated,136,train,buoy,fn,b3,,,prediction_jsonl
radar_confidence_gated,136,train,buoy,fn,b4,,,prediction_jsonl
radar_confidence_gated,136,train,buoy,fn,b5,,,prediction_jsonl
radar_confidence_gated,136,train,buoy,fn,b6,,,prediction_jsonl
radar_confidence_gated,136,train,buoy,fn,b7,,,prediction_jsonl
radar_confidence_gated,136,train,buoy,fn,b8,,,prediction_jsonl
radar_confidence_gated,137,train,boat,tp,boat,0.6270310878753662,0.6750786168524444,prediction_jsonl
radar_confidence_gated,137,train,buoy,tp,b1,0.20767298340797424,0.54104298779246,prediction_jsonl
radar_confidence_gated,137,train,buoy,fn,b2,,,prediction_jsonl
radar_confidence_gated,137,train,buoy,fn,b3,,,prediction_jsonl
radar_confidence_gated,137,train,buoy,fn,b4,,,prediction_jsonl
radar_confidence_gated,137,train,buoy,fn,b5,,,prediction_jsonl
radar_confidence_gated,137,train,buoy,fn,b6,,,prediction_jsonl
radar_confidence_gated,137,train,buoy,fn,b7,,,prediction_jsonl
radar_confidence_gated,137,train,buoy,fn,b8,,,prediction_jsonl
radar_confidence_gated,138,train,boat,tp,boat,0.6362408995628357,0.680888519276641,prediction_jsonl
radar_confidence_gated,138,train,buoy,tp,b1,0.16822732985019684,0.6109283545079502,prediction_jsonl
radar_confidence_gated,138,train,buoy,fn,b2,,,prediction_jsonl
radar_confidence_gated,138,train,buoy,fn,b3,,,prediction_jsonl
radar_confidence_gated,138,train,buoy,fn,b4,,,prediction_jsonl
radar_confidence_gated,138,train,buoy,fn,b5,,,prediction_jsonl
radar_confidence_gated,138,train,buoy,fn,b6,,,prediction_jsonl
radar_confidence_gated,138,train,buoy,fn,b7,,,prediction_jsonl
radar_confidence_gated,138,train,buoy,fn,b8,,,prediction_jsonl
radar_confidence_gated,139,train,boat,tp,boat,0.6417778730392456,0.6953110324730051,prediction_jsonl
radar_confidence_gated,139,train,buoy,tp,b1,0.22081074118614197,0.6137371264738758,prediction_jsonl
radar_confidence_gated,139,train,buoy,fn,b2,,,prediction_jsonl
radar_confidence_gated,139,train,buoy,fn,b3,,,prediction_jsonl
radar_confidence_gated,139,train,buoy,fn,b4,,,prediction_jsonl
radar_confidence_gated,139,train,buoy,fn,b5,,,prediction_jsonl
radar_confidence_gated,139,train,buoy,fn,b6,,,prediction_jsonl
radar_confidence_gated,139,train,buoy,fn,b7,,,prediction_jsonl
radar_confidence_gated,139,train,buoy,fn,b8,,,prediction_jsonl
radar_confidence_gated,140,train,boat,tp,boat,0.6437845230102539,0.6748371153086252,prediction_jsonl
radar_confidence_gated,140,train,buoy,tp,b1,0.22478212416172028,0.5934746325808183,prediction_jsonl
radar_confidence_gated,140,train,buoy,fn,b2,,,prediction_jsonl
radar_confidence_gated,140,train,buoy,fn,b3,,,prediction_jsonl
radar_confidence_gated,140,train,buoy,fn,b4,,,prediction_jsonl
radar_confidence_gated,140,train,buoy,fn,b5,,,prediction_jsonl
radar_confidence_gated,140,train,buoy,fn,b6,,,prediction_jsonl
radar_confidence_gated,140,train,buoy,fn,b7,,,prediction_jsonl
radar_confidence_gated,140,train,buoy,fn,b8,,,prediction_jsonl
radar_confidence_gated,141,train,boat,tp,boat,0.6485875248908997,0.6919041676054788,prediction_jsonl
radar_confidence_gated,141,train,buoy,tp,b1,0.20324034988880157,0.6103234779019215,prediction_jsonl
radar_confidence_gated,141,train,buoy,fn,b2,,,prediction_jsonl
radar_confidence_gated,141,train,buoy,fn,b3,,,prediction_jsonl
radar_confidence_gated,141,train,buoy,fn,b4,,,prediction_jsonl
radar_confidence_gated,141,train,buoy,fn,b5,,,prediction_jsonl
radar_confidence_gated,141,train,buoy,fn,b6,,,prediction_jsonl
radar_confidence_gated,141,train,buoy,fn,b7,,,prediction_jsonl
radar_confidence_gated,141,train,buoy,fn,b8,,,prediction_jsonl
radar_confidence_gated,142,train,boat,tp,boat,0.6271960735321045,0.6879445550902944,prediction_jsonl
radar_confidence_gated,142,train,buoy,tp,b1,0.21831929683685303,0.6142735695176401,prediction_jsonl
radar_confidence_gated,142,train,buoy,fn,b2,,,prediction_jsonl
radar_confidence_gated,142,train,buoy,fn,b3,,,prediction_jsonl
radar_confidence_gated,142,train,buoy,fn,b4,,,prediction_jsonl
radar_confidence_gated,142,train,buoy,fn,b5,,,prediction_jsonl
radar_confidence_gated,142,train,buoy,fn,b6,,,prediction_jsonl
radar_confidence_gated,142,train,buoy,fn,b7,,,prediction_jsonl
radar_confidence_gated,142,train,buoy,fn,b8,,,prediction_jsonl
radar_confidence_gated,143,train,boat,tp,boat,0.6026223301887512,0.7054737097400727,prediction_jsonl
radar_confidence_gated,143,train,buoy,tp,b1,0.18123310804367065,0.6111912651750695,prediction_jsonl
radar_confidence_gated,143,train,buoy,fn,b2,,,prediction_jsonl
radar_confidence_gated,143,train,buoy,fn,b3,,,prediction_jsonl
radar_confidence_gated,143,train,buoy,fn,b4,,,prediction_jsonl
radar_confidence_gated,143,train,buoy,fn,b5,,,prediction_jsonl
radar_confidence_gated,143,train,buoy,fn,b6,,,prediction_jsonl
radar_confidence_gated,143,train,buoy,fn,b7,,,prediction_jsonl
radar_confidence_gated,143,train,buoy,fn,b8,,,prediction_jsonl
radar_confidence_gated,144,train,boat,tp,boat,0.6285107135772705,0.685931508244626,prediction_jsonl
radar_confidence_gated,144,train,buoy,tp,b1,0.22351211309432983,0.5737612851978566,prediction_jsonl
radar_confidence_gated,144,train,buoy,fn,b2,,,prediction_jsonl
radar_confidence_gated,144,train,buoy,fn,b3,,,prediction_jsonl
radar_confidence_gated,144,train,buoy,fn,b4,,,prediction_jsonl
radar_confidence_gated,144,train,buoy,fn,b5,,,prediction_jsonl
radar_confidence_gated,144,train,buoy,fn,b6,,,prediction_jsonl
radar_confidence_gated,144,train,buoy,fn,b7,,,prediction_jsonl
radar_confidence_gated,144,train,buoy,fn,b8,,,prediction_jsonl
radar_confidence_gated,145,train,boat,tp,boat,0.6186997890472412,0.6839157770702269,prediction_jsonl
radar_confidence_gated,145,train,buoy,tp,b1,0.18512338399887085,0.6145591355786939,prediction_jsonl
radar_confidence_gated,145,train,buoy,fn,b2,,,prediction_jsonl
radar_confidence_gated,145,train,buoy,fn,b3,,,prediction_jsonl
radar_confidence_gated,145,train,buoy,fn,b4,,,prediction_jsonl
radar_confidence_gated,145,train,buoy,fn,b5,,,prediction_jsonl
radar_confidence_gated,145,train,buoy,fn,b6,,,prediction_jsonl
radar_confidence_gated,145,train,buoy,fn,b7,,,prediction_jsonl
radar_confidence_gated,145,train,buoy,fn,b8,,,prediction_jsonl
radar_confidence_gated,146,train,boat,tp,boat,0.6295648813247681,0.7143946811297361,prediction_jsonl
radar_confidence_gated,146,train,buoy,tp,b1,0.18499189615249634,0.5878433551983643,prediction_jsonl
radar_confidence_gated,146,train,buoy,fn,b2,,,prediction_jsonl
radar_confidence_gated,146,train,buoy,fn,b3,,,prediction_jsonl
radar_confidence_gated,146,train,buoy,fn,b4,,,prediction_jsonl
radar_confidence_gated,146,train,buoy,fn,b5,,,prediction_jsonl
radar_confidence_gated,146,train,buoy,fn,b6,,,prediction_jsonl
radar_confidence_gated,146,train,buoy,fn,b7,,,prediction_jsonl
radar_confidence_gated,146,train,buoy,fn,b8,,,prediction_jsonl
radar_confidence_gated,147,train,boat,tp,boat,0.6461994051933289,0.6801109869561159,prediction_jsonl
radar_confidence_gated,147,train,buoy,tp,b1,0.21555869281291962,0.592721727925992,prediction_jsonl
radar_confidence_gated,147,train,buoy,fn,b2,,,prediction_jsonl
radar_confidence_gated,147,train,buoy,fn,b3,,,prediction_jsonl
radar_confidence_gated,147,train,buoy,fn,b4,,,prediction_jsonl
radar_confidence_gated,147,train,buoy,fn,b5,,,prediction_jsonl
radar_confidence_gated,147,train,buoy,fn,b6,,,prediction_jsonl
radar_confidence_gated,147,train,buoy,fn,b7,,,prediction_jsonl
radar_confidence_gated,147,train,buoy,fn,b8,,,prediction_jsonl
radar_confidence_gated,148,train,boat,tp,boat,0.6341513395309448,0.6911454574424297,prediction_jsonl
radar_confidence_gated,148,train,buoy,tp,b1,0.2015482634305954,0.5967979897387892,prediction_jsonl
radar_confidence_gated,148,train,buoy,fn,b2,,,prediction_jsonl
radar_confidence_gated,148,train,buoy,fn,b3,,,prediction_jsonl
radar_confidence_gated,148,train,buoy,fn,b4,,,prediction_jsonl
radar_confidence_gated,148,train,buoy,fn,b5,,,prediction_jsonl
radar_confidence_gated,148,train,buoy,fn,b6,,,prediction_jsonl
radar_confidence_gated,148,train,buoy,fn,b7,,,prediction_jsonl
radar_confidence_gated,148,train,buoy,fn,b8,,,prediction_jsonl
radar_confidence_gated,149,train,boat,tp,boat,0.6432569026947021,0.6653062941600991,prediction_jsonl
radar_confidence_gated,149,train,buoy,tp,b1,0.21019130945205688,0.5840486297713385,prediction_jsonl
radar_confidence_gated,149,train,buoy,fn,b2,,,prediction_jsonl
radar_confidence_gated,149,train,buoy,fn,b3,,,prediction_jsonl
radar_confidence_gated,149,train,buoy,fn,b4,,,prediction_jsonl
radar_confidence_gated,149,train,buoy,fn,b5,,,prediction_jsonl
radar_confidence_gated,149,train,buoy,fn,b6,,,prediction_jsonl
radar_confidence_gated,149,train,buoy,fn,b7,,,prediction_jsonl
radar_confidence_gated,149,train,buoy,fn,b8,,,prediction_jsonl
radar_confidence_gated,150,train,boat,tp,boat,0.6470515727996826,0.6991517258187376,prediction_jsonl
radar_confidence_gated,150,train,buoy,tp,b1,0.22384387254714966,0.5683594378745134,prediction_jsonl
radar_confidence_gated,150,train,buoy,fn,b2,,,prediction_jsonl
radar_confidence_gated,150,train,buoy,fn,b3,,,prediction_jsonl
radar_confidence_gated,150,train,buoy,fn,b4,,,prediction_jsonl
radar_confidence_gated,150,train,buoy,fn,b5,,,prediction_jsonl
radar_confidence_gated,150,train,buoy,fn,b6,,,prediction_jsonl
radar_confidence_gated,150,train,buoy,fn,b7,,,prediction_jsonl
radar_confidence_gated,150,train,buoy,fn,b8,,,prediction_jsonl
radar_confidence_gated,151,train,boat,tp,boat,0.6482003331184387,0.6647968239154793,prediction_jsonl
radar_confidence_gated,151,train,buoy,tp,b1,0.24217049777507782,0.5943562349737533,prediction_jsonl
radar_confidence_gated,151,train,buoy,fn,b2,,,prediction_jsonl
radar_confidence_gated,151,train,buoy,fn,b3,,,prediction_jsonl
radar_confidence_gated,151,train,buoy,fn,b4,,,prediction_jsonl
radar_confidence_gated,151,train,buoy,fn,b5,,,prediction_jsonl
radar_confidence_gated,151,train,buoy,fn,b6,,,prediction_jsonl
radar_confidence_gated,151,train,buoy,fn,b7,,,prediction_jsonl
radar_confidence_gated,151,train,buoy,fn,b8,,,prediction_jsonl
radar_confidence_gated,152,train,boat,tp,boat,0.6412693858146667,0.6881159146800623,prediction_jsonl
radar_confidence_gated,152,train,buoy,tp,b1,0.21215176582336426,0.604555575292083,prediction_jsonl
radar_confidence_gated,152,train,buoy,fn,b2,,,prediction_jsonl
radar_confidence_gated,152,train,buoy,fn,b3,,,prediction_jsonl
radar_confidence_gated,152,train,buoy,fn,b4,,,prediction_jsonl
radar_confidence_gated,152,train,buoy,fn,b5,,,prediction_jsonl
radar_confidence_gated,152,train,buoy,fn,b6,,,prediction_jsonl
radar_confidence_gated,152,train,buoy,fn,b7,,,prediction_jsonl
radar_confidence_gated,152,train,buoy,fn,b8,,,prediction_jsonl
radar_confidence_gated,153,train,boat,tp,boat,0.6361167430877686,0.683038268896538,prediction_jsonl
radar_confidence_gated,153,train,buoy,tp,b1,0.22442135214805603,0.6122402740714519,prediction_jsonl
radar_confidence_gated,153,train,buoy,fn,b2,,,prediction_jsonl
radar_confidence_gated,153,train,buoy,fn,b3,,,prediction_jsonl
radar_confidence_gated,153,train,buoy,fn,b4,,,prediction_jsonl
radar_confidence_gated,153,train,buoy,fn,b5,,,prediction_jsonl
radar_confidence_gated,153,train,buoy,fn,b6,,,prediction_jsonl
radar_confidence_gated,153,train,buoy,fn,b7,,,prediction_jsonl
radar_confidence_gated,153,train,buoy,fn,b8,,,prediction_jsonl
radar_confidence_gated,154,train,boat,tp,boat,0.6319398283958435,0.6717903113468187,prediction_jsonl
radar_confidence_gated,154,train,buoy,tp,b1,0.18477442860603333,0.6222369911619584,prediction_jsonl
radar_confidence_gated,154,train,buoy,fn,b2,,,prediction_jsonl
radar_confidence_gated,154,train,buoy,fn,b3,,,prediction_jsonl
radar_confidence_gated,154,train,buoy,fn,b4,,,prediction_jsonl
radar_confidence_gated,154,train,buoy,fn,b5,,,prediction_jsonl
radar_confidence_gated,154,train,buoy,fn,b6,,,prediction_jsonl
radar_confidence_gated,154,train,buoy,fn,b7,,,prediction_jsonl
radar_confidence_gated,154,train,buoy,fn,b8,,,prediction_jsonl
radar_confidence_gated,155,train,boat,tp,boat,0.6527012586593628,0.655592530257073,prediction_jsonl
radar_confidence_gated,155,train,buoy,tp,b1,0.23722724616527557,0.6306132682694983,prediction_jsonl
radar_confidence_gated,155,train,buoy,fn,b2,,,prediction_jsonl
radar_confidence_gated,155,train,buoy,fn,b3,,,prediction_jsonl
radar_confidence_gated,155,train,buoy,fn,b4,,,prediction_jsonl
radar_confidence_gated,155,train,buoy,fn,b5,,,prediction_jsonl
radar_confidence_gated,155,train,buoy,fn,b6,,,prediction_jsonl
radar_confidence_gated,155,train,buoy,fn,b7,,,prediction_jsonl
radar_confidence_gated,155,train,buoy,fn,b8,,,prediction_jsonl
radar_confidence_gated,156,train,boat,tp,boat,0.6498709321022034,0.6784774168248577,prediction_jsonl
radar_confidence_gated,156,train,buoy,tp,b1,0.20170022547245026,0.6234998146725338,prediction_jsonl
radar_confidence_gated,156,train,buoy,fn,b2,,,prediction_jsonl
radar_confidence_gated,156,train,buoy,fn,b3,,,prediction_jsonl
radar_confidence_gated,156,train,buoy,fn,b4,,,prediction_jsonl
radar_confidence_gated,156,train,buoy,fn,b5,,,prediction_jsonl
radar_confidence_gated,156,train,buoy,fn,b6,,,prediction_jsonl
radar_confidence_gated,156,train,buoy,fn,b7,,,prediction_jsonl
radar_confidence_gated,156,train,buoy,fn,b8,,,prediction_jsonl
radar_confidence_gated,157,train,boat,tp,boat,0.6298069357872009,0.6932293850727927,prediction_jsonl
radar_confidence_gated,157,train,buoy,tp,b1,0.2009463757276535,0.6521797019877501,prediction_jsonl
radar_confidence_gated,157,train,buoy,fn,b2,,,prediction_jsonl
radar_confidence_gated,157,train,buoy,fn,b3,,,prediction_jsonl
radar_confidence_gated,157,train,buoy,fn,b4,,,prediction_jsonl
radar_confidence_gated,157,train,buoy,fn,b5,,,prediction_jsonl
radar_confidence_gated,157,train,buoy,fn,b6,,,prediction_jsonl
radar_confidence_gated,157,train,buoy,fn,b7,,,prediction_jsonl
radar_confidence_gated,157,train,buoy,fn,b8,,,prediction_jsonl
radar_confidence_gated,158,train,boat,tp,boat,0.6263938546180725,0.68519777499581,prediction_jsonl
radar_confidence_gated,158,train,buoy,tp,b1,0.18958665430545807,0.631365199248499,prediction_jsonl
radar_confidence_gated,158,train,buoy,fn,b2,,,prediction_jsonl
radar_confidence_gated,158,train,buoy,fn,b3,,,prediction_jsonl
radar_confidence_gated,158,train,buoy,fn,b4,,,prediction_jsonl
radar_confidence_gated,158,train,buoy,fn,b5,,,prediction_jsonl
radar_confidence_gated,158,train,buoy,fn,b6,,,prediction_jsonl
radar_confidence_gated,158,train,buoy,fn,b7,,,prediction_jsonl
radar_confidence_gated,158,train,buoy,fn,b8,,,prediction_jsonl
radar_confidence_gated,159,train,boat,tp,boat,0.642605721950531,0.6992885137959489,prediction_jsonl
radar_confidence_gated,159,train,buoy,tp,b1,0.2147156298160553,0.5982298547498389,prediction_jsonl
radar_confidence_gated,159,train,buoy,fn,b2,,,prediction_jsonl
radar_confidence_gated,159,train,buoy,fn,b3,,,prediction_jsonl
radar_confidence_gated,159,train,buoy,fn,b4,,,prediction_jsonl
radar_confidence_gated,159,train,buoy,fn,b5,,,prediction_jsonl
radar_confidence_gated,159,train,buoy,fn,b6,,,prediction_jsonl
radar_confidence_gated,159,train,buoy,fn,b7,,,prediction_jsonl
radar_confidence_gated,159,train,buoy,fn,b8,,,prediction_jsonl
radar_confidence_gated,160,train,boat,tp,boat,0.6316248178482056,0.6993934557181469,prediction_jsonl
radar_confidence_gated,160,train,buoy,tp,b1,0.2293371558189392,0.6020581539227425,prediction_jsonl
radar_confidence_gated,160,train,buoy,fn,b2,,,prediction_jsonl
radar_confidence_gated,160,train,buoy,fn,b3,,,prediction_jsonl
radar_confidence_gated,160,train,buoy,fn,b4,,,prediction_jsonl
radar_confidence_gated,160,train,buoy,fn,b5,,,prediction_jsonl
radar_confidence_gated,160,train,buoy,fn,b6,,,prediction_jsonl
radar_confidence_gated,160,train,buoy,fn,b7,,,prediction_jsonl
radar_confidence_gated,160,train,buoy,fn,b8,,,prediction_jsonl
radar_confidence_gated,161,train,boat,tp,boat,0.6322957277297974,0.7004238644547983,prediction_jsonl
radar_confidence_gated,161,train,buoy,tp,b1,0.1913163810968399,0.6176751347616026,prediction_jsonl
radar_confidence_gated,161,train,buoy,fn,b2,,,prediction_jsonl
radar_confidence_gated,161,train,buoy,fn,b3,,,prediction_jsonl
radar_confidence_gated,161,train,buoy,fn,b4,,,prediction_jsonl
radar_confidence_gated,161,train,buoy,fn,b5,,,prediction_jsonl
radar_confidence_gated,161,train,buoy,fn,b6,,,prediction_jsonl
radar_confidence_gated,161,train,buoy,fn,b7,,,prediction_jsonl
radar_confidence_gated,161,train,buoy,fn,b8,,,prediction_jsonl
radar_confidence_gated,162,train,boat,tp,boat,0.6335526704788208,0.7024161183816988,prediction_jsonl
radar_confidence_gated,162,train,buoy,tp,b1,0.1887187957763672,0.6091683792663067,prediction_jsonl
radar_confidence_gated,162,train,buoy,fn,b2,,,prediction_jsonl
radar_confidence_gated,162,train,buoy,fn,b3,,,prediction_jsonl
radar_confidence_gated,162,train,buoy,fn,b4,,,prediction_jsonl
radar_confidence_gated,162,train,buoy,fn,b5,,,prediction_jsonl
radar_confidence_gated,162,train,buoy,fn,b6,,,prediction_jsonl
radar_confidence_gated,162,train,buoy,fn,b7,,,prediction_jsonl
radar_confidence_gated,162,train,buoy,fn,b8,,,prediction_jsonl
radar_confidence_gated,163,train,boat,tp,boat,0.6456437706947327,0.7032914906511136,prediction_jsonl
radar_confidence_gated,163,train,buoy,tp,b1,0.22672687470912933,0.6240374129788334,prediction_jsonl
radar_confidence_gated,163,train,buoy,fn,b2,,,prediction_jsonl
radar_confidence_gated,163,train,buoy,fn,b3,,,prediction_jsonl
radar_confidence_gated,163,train,buoy,fn,b4,,,prediction_jsonl
radar_confidence_gated,163,train,buoy,fn,b5,,,prediction_jsonl
radar_confidence_gated,163,train,buoy,fn,b6,,,prediction_jsonl
radar_confidence_gated,163,train,buoy,fn,b7,,,prediction_jsonl
radar_confidence_gated,163,train,buoy,fn,b8,,,prediction_jsonl
radar_confidence_gated,164,train,boat,tp,boat,0.6382286548614502,0.6780286155649017,prediction_jsonl
radar_confidence_gated,164,train,buoy,tp,b1,0.20793306827545166,0.5940604813477948,prediction_jsonl
radar_confidence_gated,164,train,buoy,fn,b2,,,prediction_jsonl
radar_confidence_gated,164,train,buoy,fn,b3,,,prediction_jsonl
radar_confidence_gated,164,train,buoy,fn,b4,,,prediction_jsonl
radar_confidence_gated,164,train,buoy,fn,b5,,,prediction_jsonl
radar_confidence_gated,164,train,buoy,fn,b6,,,prediction_jsonl
radar_confidence_gated,164,train,buoy,fn,b7,,,prediction_jsonl
radar_confidence_gated,164,train,buoy,fn,b8,,,prediction_jsonl
radar_confidence_gated,165,train,boat,tp,boat,0.6318438649177551,0.6883023209708492,prediction_jsonl
radar_confidence_gated,165,train,buoy,tp,b1,0.22037658095359802,0.6055541553975378,prediction_jsonl
radar_confidence_gated,165,train,buoy,fn,b2,,,prediction_jsonl
radar_confidence_gated,165,train,buoy,fn,b3,,,prediction_jsonl
radar_confidence_gated,165,train,buoy,fn,b4,,,prediction_jsonl
radar_confidence_gated,165,train,buoy,fn,b5,,,prediction_jsonl
radar_confidence_gated,165,train,buoy,fn,b6,,,prediction_jsonl
radar_confidence_gated,165,train,buoy,fn,b7,,,prediction_jsonl
radar_confidence_gated,165,train,buoy,fn,b8,,,prediction_jsonl
radar_confidence_gated,166,train,boat,tp,boat,0.6414209008216858,0.6866367179092809,prediction_jsonl
radar_confidence_gated,166,train,buoy,tp,b1,0.2157164067029953,0.5985424913806178,prediction_jsonl
radar_confidence_gated,166,train,buoy,fn,b2,,,prediction_jsonl
radar_confidence_gated,166,train,buoy,fn,b3,,,prediction_jsonl
radar_confidence_gated,166,train,buoy,fn,b4,,,prediction_jsonl
radar_confidence_gated,166,train,buoy,fn,b5,,,prediction_jsonl
radar_confidence_gated,166,train,buoy,fn,b6,,,prediction_jsonl
radar_confidence_gated,166,train,buoy,fn,b7,,,prediction_jsonl
radar_confidence_gated,166,train,buoy,fn,b8,,,prediction_jsonl
radar_confidence_gated,167,train,boat,tp,boat,0.6422868967056274,0.681920145429983,prediction_jsonl
radar_confidence_gated,167,train,buoy,tp,b1,0.25502046942710876,0.5738683454726354,prediction_jsonl
radar_confidence_gated,167,train,buoy,fn,b2,,,prediction_jsonl
radar_confidence_gated,167,train,buoy,fn,b3,,,prediction_jsonl
radar_confidence_gated,167,train,buoy,fn,b4,,,prediction_jsonl
radar_confidence_gated,167,train,buoy,fn,b5,,,prediction_jsonl
radar_confidence_gated,167,train,buoy,fn,b6,,,prediction_jsonl
radar_confidence_gated,167,train,buoy,fn,b7,,,prediction_jsonl
radar_confidence_gated,167,train,buoy,fn,b8,,,prediction_jsonl
radar_confidence_gated,168,train,boat,tp,boat,0.6449650526046753,0.6859267929677428,prediction_jsonl
radar_confidence_gated,168,train,buoy,tp,b1,0.22255705296993256,0.594667768714484,prediction_jsonl
radar_confidence_gated,168,train,buoy,fn,b2,,,prediction_jsonl
radar_confidence_gated,168,train,buoy,fn,b3,,,prediction_jsonl
radar_confidence_gated,168,train,buoy,fn,b4,,,prediction_jsonl
radar_confidence_gated,168,train,buoy,fn,b5,,,prediction_jsonl
radar_confidence_gated,168,train,buoy,fn,b6,,,prediction_jsonl
radar_confidence_gated,168,train,buoy,fn,b7,,,prediction_jsonl
radar_confidence_gated,168,train,buoy,fn,b8,,,prediction_jsonl
radar_confidence_gated,169,train,boat,tp,boat,0.6498276591300964,0.6920934707391473,prediction_jsonl
radar_confidence_gated,169,train,buoy,tp,b1,0.22961674630641937,0.6247251735911826,prediction_jsonl
radar_confidence_gated,169,train,buoy,fn,b2,,,prediction_jsonl
radar_confidence_gated,169,train,buoy,fn,b3,,,prediction_jsonl
radar_confidence_gated,169,train,buoy,fn,b4,,,prediction_jsonl
radar_confidence_gated,169,train,buoy,fn,b5,,,prediction_jsonl
radar_confidence_gated,169,train,buoy,fn,b6,,,prediction_jsonl
radar_confidence_gated,169,train,buoy,fn,b7,,,prediction_jsonl
radar_confidence_gated,169,train,buoy,fn,b8,,,prediction_jsonl
radar_confidence_gated,170,train,boat,tp,boat,0.6368966698646545,0.6972812359860536,prediction_jsonl
radar_confidence_gated,170,train,buoy,tp,b1,0.1982998251914978,0.6055216884242923,prediction_jsonl
radar_confidence_gated,170,train,buoy,fn,b2,,,prediction_jsonl
radar_confidence_gated,170,train,buoy,fn,b3,,,prediction_jsonl
radar_confidence_gated,170,train,buoy,fn,b4,,,prediction_jsonl
radar_confidence_gated,170,train,buoy,fn,b5,,,prediction_jsonl
radar_confidence_gated,170,train,buoy,fn,b6,,,prediction_jsonl
radar_confidence_gated,170,train,buoy,fn,b7,,,prediction_jsonl
radar_confidence_gated,170,train,buoy,fn,b8,,,prediction_jsonl
radar_confidence_gated,171,train,boat,tp,boat,0.639757513999939,0.6925711321045662,prediction_jsonl
radar_confidence_gated,171,train,buoy,tp,b1,0.18354426324367523,0.5873479095813118,prediction_jsonl
radar_confidence_gated,171,train,buoy,fn,b2,,,prediction_jsonl
radar_confidence_gated,171,train,buoy,fn,b3,,,prediction_jsonl
radar_confidence_gated,171,train,buoy,fn,b4,,,prediction_jsonl
radar_confidence_gated,171,train,buoy,fn,b5,,,prediction_jsonl
radar_confidence_gated,171,train,buoy,fn,b6,,,prediction_jsonl
radar_confidence_gated,171,train,buoy,fn,b7,,,prediction_jsonl
radar_confidence_gated,171,train,buoy,fn,b8,,,prediction_jsonl
radar_confidence_gated,172,train,boat,tp,boat,0.6160666346549988,0.689568833039907,prediction_jsonl
radar_confidence_gated,172,train,buoy,fn,b1,,,prediction_jsonl
radar_confidence_gated,172,train,buoy,fn,b2,,,prediction_jsonl
radar_confidence_gated,172,train,buoy,fn,b3,,,prediction_jsonl
radar_confidence_gated,172,train,buoy,fn,b4,,,prediction_jsonl
radar_confidence_gated,172,train,buoy,fn,b5,,,prediction_jsonl
radar_confidence_gated,172,train,buoy,fn,b6,,,prediction_jsonl
radar_confidence_gated,172,train,buoy,fn,b7,,,prediction_jsonl
radar_confidence_gated,172,train,buoy,fn,b8,,,prediction_jsonl
radar_confidence_gated,173,train,boat,tp,boat,0.618992805480957,0.6767268370686287,prediction_jsonl
radar_confidence_gated,173,train,buoy,tp,b1,0.17444056272506714,0.6276565971819983,prediction_jsonl
radar_confidence_gated,173,train,buoy,fn,b2,,,prediction_jsonl
radar_confidence_gated,173,train,buoy,fn,b3,,,prediction_jsonl
radar_confidence_gated,173,train,buoy,fn,b4,,,prediction_jsonl
radar_confidence_gated,173,train,buoy,fn,b5,,,prediction_jsonl
radar_confidence_gated,173,train,buoy,fn,b6,,,prediction_jsonl
radar_confidence_gated,173,train,buoy,fn,b7,,,prediction_jsonl
radar_confidence_gated,173,train,buoy,fn,b8,,,prediction_jsonl
radar_confidence_gated,174,train,boat,tp,boat,0.6156301498413086,0.7013764940416015,prediction_jsonl
radar_confidence_gated,174,train,buoy,tp,b1,0.17900830507278442,0.6189315446393331,prediction_jsonl
radar_confidence_gated,174,train,buoy,fn,b2,,,prediction_jsonl
radar_confidence_gated,174,train,buoy,fn,b3,,,prediction_jsonl
radar_confidence_gated,174,train,buoy,fn,b4,,,prediction_jsonl
radar_confidence_gated,174,train,buoy,fn,b5,,,prediction_jsonl
radar_confidence_gated,174,train,buoy,fn,b6,,,prediction_jsonl
radar_confidence_gated,174,train,buoy,fn,b7,,,prediction_jsonl
radar_confidence_gated,174,train,buoy,fn,b8,,,prediction_jsonl
radar_confidence_gated,175,train,boat,tp,boat,0.6324756145477295,0.6924350461428368,prediction_jsonl
radar_confidence_gated,175,train,buoy,tp,b1,0.19819235801696777,0.6104631390274358,prediction_jsonl
radar_confidence_gated,175,train,buoy,fn,b2,,,prediction_jsonl
radar_confidence_gated,175,train,buoy,fn,b3,,,prediction_jsonl
radar_confidence_gated,175,train,buoy,fn,b4,,,prediction_jsonl
radar_confidence_gated,175,train,buoy,fn,b5,,,prediction_jsonl
radar_confidence_gated,175,train,buoy,fn,b6,,,prediction_jsonl
radar_confidence_gated,175,train,buoy,fn,b7,,,prediction_jsonl
radar_confidence_gated,175,train,buoy,fn,b8,,,prediction_jsonl
radar_confidence_gated,176,train,boat,tp,boat,0.6298790574073792,0.7005197123144584,prediction_jsonl
radar_confidence_gated,176,train,buoy,tp,b1,0.1999541074037552,0.5985795925665081,prediction_jsonl
radar_confidence_gated,176,train,buoy,fn,b2,,,prediction_jsonl
radar_confidence_gated,176,train,buoy,fn,b3,,,prediction_jsonl
radar_confidence_gated,176,train,buoy,fn,b4,,,prediction_jsonl
radar_confidence_gated,176,train,buoy,fn,b5,,,prediction_jsonl
radar_confidence_gated,176,train,buoy,fn,b6,,,prediction_jsonl
radar_confidence_gated,176,train,buoy,fn,b7,,,prediction_jsonl
radar_confidence_gated,176,train,buoy,fn,b8,,,prediction_jsonl
radar_confidence_gated,177,train,boat,tp,boat,0.6358864903450012,0.6918261761194373,prediction_jsonl
radar_confidence_gated,177,train,buoy,tp,b1,0.16947868466377258,0.6062142531286967,prediction_jsonl
radar_confidence_gated,177,train,buoy,fn,b2,,,prediction_jsonl
radar_confidence_gated,177,train,buoy,fn,b3,,,prediction_jsonl
radar_confidence_gated,177,train,buoy,fn,b4,,,prediction_jsonl
radar_confidence_gated,177,train,buoy,fn,b5,,,prediction_jsonl
radar_confidence_gated,177,train,buoy,fn,b6,,,prediction_jsonl
radar_confidence_gated,177,train,buoy,fn,b7,,,prediction_jsonl
radar_confidence_gated,177,train,buoy,fn,b8,,,prediction_jsonl
radar_confidence_gated,178,train,boat,tp,boat,0.6453890204429626,0.7120665700195237,prediction_jsonl
radar_confidence_gated,178,train,buoy,tp,b1,0.18234743177890778,0.6170448204214605,prediction_jsonl
radar_confidence_gated,178,train,buoy,fn,b2,,,prediction_jsonl
radar_confidence_gated,178,train,buoy,fn,b3,,,prediction_jsonl
radar_confidence_gated,178,train,buoy,fn,b4,,,prediction_jsonl
radar_confidence_gated,178,train,buoy,fn,b5,,,prediction_jsonl
radar_confidence_gated,178,train,buoy,fn,b6,,,prediction_jsonl
radar_confidence_gated,178,train,buoy,fn,b7,,,prediction_jsonl
radar_confidence_gated,178,train,buoy,fn,b8,,,prediction_jsonl
radar_confidence_gated,179,train,boat,tp,boat,0.6388394832611084,0.6929312494487998,prediction_jsonl
radar_confidence_gated,179,train,buoy,tp,b1,0.1731305718421936,0.6010743922207865,prediction_jsonl
radar_confidence_gated,179,train,buoy,fn,b2,,,prediction_jsonl
radar_confidence_gated,179,train,buoy,fn,b3,,,prediction_jsonl
radar_confidence_gated,179,train,buoy,fn,b4,,,prediction_jsonl
radar_confidence_gated,179,train,buoy,fn,b5,,,prediction_jsonl
radar_confidence_gated,179,train,buoy,fn,b6,,,prediction_jsonl
radar_confidence_gated,179,train,buoy,fn,b7,,,prediction_jsonl
radar_confidence_gated,179,train,buoy,fn,b8,,,prediction_jsonl
radar_confidence_gated,180,train,boat,tp,boat,0.6481789946556091,0.7014228441835936,prediction_jsonl
radar_confidence_gated,180,train,buoy,tp,b1,0.2301144301891327,0.6100031863660387,prediction_jsonl
radar_confidence_gated,180,train,buoy,fn,b2,,,prediction_jsonl
radar_confidence_gated,180,train,buoy,fn,b3,,,prediction_jsonl
radar_confidence_gated,180,train,buoy,fn,b4,,,prediction_jsonl
radar_confidence_gated,180,train,buoy,fn,b5,,,prediction_jsonl
radar_confidence_gated,180,train,buoy,fn,b6,,,prediction_jsonl
radar_confidence_gated,180,train,buoy,fn,b7,,,prediction_jsonl
radar_confidence_gated,180,train,buoy,fn,b8,,,prediction_jsonl
radar_confidence_gated,181,train,boat,tp,boat,0.6464408040046692,0.6909920981750001,prediction_jsonl
radar_confidence_gated,181,train,buoy,tp,b1,0.18548962473869324,0.6171212917696406,prediction_jsonl
radar_confidence_gated,181,train,buoy,fn,b2,,,prediction_jsonl
radar_confidence_gated,181,train,buoy,fn,b3,,,prediction_jsonl
radar_confidence_gated,181,train,buoy,fn,b4,,,prediction_jsonl
radar_confidence_gated,181,train,buoy,fn,b5,,,prediction_jsonl
radar_confidence_gated,181,train,buoy,fn,b6,,,prediction_jsonl
radar_confidence_gated,181,train,buoy,fn,b7,,,prediction_jsonl
radar_confidence_gated,181,train,buoy,fn,b8,,,prediction_jsonl
radar_confidence_gated,182,train,boat,tp,boat,0.6490398645401001,0.6980415890595008,prediction_jsonl
radar_confidence_gated,182,train,buoy,tp,b1,0.18808917701244354,0.6300967246884912,prediction_jsonl
radar_confidence_gated,182,train,buoy,fn,b2,,,prediction_jsonl
radar_confidence_gated,182,train,buoy,fn,b3,,,prediction_jsonl
radar_confidence_gated,182,train,buoy,fn,b4,,,prediction_jsonl
radar_confidence_gated,182,train,buoy,fn,b5,,,prediction_jsonl
radar_confidence_gated,182,train,buoy,fn,b6,,,prediction_jsonl
radar_confidence_gated,182,train,buoy,fn,b7,,,prediction_jsonl
radar_confidence_gated,182,train,buoy,fn,b8,,,prediction_jsonl
radar_confidence_gated,183,train,boat,tp,boat,0.6207709312438965,0.6937655650964453,prediction_jsonl
radar_confidence_gated,183,train,buoy,fn,b1,,,prediction_jsonl
radar_confidence_gated,183,train,buoy,fn,b2,,,prediction_jsonl
radar_confidence_gated,183,train,buoy,fn,b3,,,prediction_jsonl
radar_confidence_gated,183,train,buoy,fn,b4,,,prediction_jsonl
radar_confidence_gated,183,train,buoy,fn,b5,,,prediction_jsonl
radar_confidence_gated,183,train,buoy,fn,b6,,,prediction_jsonl
radar_confidence_gated,183,train,buoy,fn,b7,,,prediction_jsonl
radar_confidence_gated,183,train,buoy,fn,b8,,,prediction_jsonl
radar_confidence_gated,184,train,boat,tp,boat,0.6325066685676575,0.6822311716405145,prediction_jsonl
radar_confidence_gated,184,train,buoy,tp,b1,0.19995950162410736,0.5822886494007519,prediction_jsonl
radar_confidence_gated,184,train,buoy,fn,b2,,,prediction_jsonl
radar_confidence_gated,184,train,buoy,fn,b3,,,prediction_jsonl
radar_confidence_gated,184,train,buoy,fn,b4,,,prediction_jsonl
radar_confidence_gated,184,train,buoy,fn,b5,,,prediction_jsonl
radar_confidence_gated,184,train,buoy,fn,b6,,,prediction_jsonl
radar_confidence_gated,184,train,buoy,fn,b7,,,prediction_jsonl
radar_confidence_gated,184,train,buoy,fn,b8,,,prediction_jsonl
radar_confidence_gated,185,train,boat,tp,boat,0.6367969512939453,0.6975804467217066,prediction_jsonl
radar_confidence_gated,185,train,buoy,tp,b1,0.207159623503685,0.608972814963513,prediction_jsonl
radar_confidence_gated,185,train,buoy,fn,b2,,,prediction_jsonl
radar_confidence_gated,185,train,buoy,fn,b3,,,prediction_jsonl
radar_confidence_gated,185,train,buoy,fn,b4,,,prediction_jsonl
radar_confidence_gated,185,train,buoy,fn,b5,,,prediction_jsonl
radar_confidence_gated,185,train,buoy,fn,b6,,,prediction_jsonl
radar_confidence_gated,185,train,buoy,fn,b7,,,prediction_jsonl
radar_confidence_gated,185,train,buoy,fn,b8,,,prediction_jsonl
radar_confidence_gated,186,train,boat,tp,boat,0.627248227596283,0.6971640676122987,prediction_jsonl
radar_confidence_gated,186,train,buoy,tp,b1,0.17264950275421143,0.5887590667848235,prediction_jsonl
radar_confidence_gated,186,train,buoy,fn,b2,,,prediction_jsonl
radar_confidence_gated,186,train,buoy,fn,b3,,,prediction_jsonl
radar_confidence_gated,186,train,buoy,fn,b4,,,prediction_jsonl
radar_confidence_gated,186,train,buoy,fn,b5,,,prediction_jsonl
radar_confidence_gated,186,train,buoy,fn,b6,,,prediction_jsonl
radar_confidence_gated,186,train,buoy,fn,b7,,,prediction_jsonl
radar_confidence_gated,186,train,buoy,fn,b8,,,prediction_jsonl
radar_confidence_gated,187,train,boat,tp,boat,0.6322124600410461,0.6748283174337845,prediction_jsonl
radar_confidence_gated,187,train,buoy,tp,b1,0.1971013844013214,0.6165023749477805,prediction_jsonl
radar_confidence_gated,187,train,buoy,fn,b2,,,prediction_jsonl
radar_confidence_gated,187,train,buoy,fn,b3,,,prediction_jsonl
radar_confidence_gated,187,train,buoy,fn,b4,,,prediction_jsonl
radar_confidence_gated,187,train,buoy,fn,b5,,,prediction_jsonl
radar_confidence_gated,187,train,buoy,fn,b6,,,prediction_jsonl
radar_confidence_gated,187,train,buoy,fn,b7,,,prediction_jsonl
radar_confidence_gated,187,train,buoy,fn,b8,,,prediction_jsonl
radar_confidence_gated,188,train,boat,tp,boat,0.6265716552734375,0.6929557454663533,prediction_jsonl
radar_confidence_gated,188,train,buoy,tp,b1,0.2449507862329483,0.5917179742850125,prediction_jsonl
radar_confidence_gated,188,train,buoy,fn,b2,,,prediction_jsonl
radar_confidence_gated,188,train,buoy,fn,b3,,,prediction_jsonl
radar_confidence_gated,188,train,buoy,fn,b4,,,prediction_jsonl
radar_confidence_gated,188,train,buoy,fn,b5,,,prediction_jsonl
radar_confidence_gated,188,train,buoy,fn,b6,,,prediction_jsonl
radar_confidence_gated,188,train,buoy,fn,b7,,,prediction_jsonl
radar_confidence_gated,188,train,buoy,fn,b8,,,prediction_jsonl
radar_confidence_gated,189,train,boat,tp,boat,0.6406146883964539,0.6675466956946108,prediction_jsonl
radar_confidence_gated,189,train,buoy,tp,b1,0.18856753408908844,0.5825642106666473,prediction_jsonl
radar_confidence_gated,189,train,buoy,fn,b2,,,prediction_jsonl
radar_confidence_gated,189,train,buoy,fn,b3,,,prediction_jsonl
radar_confidence_gated,189,train,buoy,fn,b4,,,prediction_jsonl
radar_confidence_gated,189,train,buoy,fn,b5,,,prediction_jsonl
radar_confidence_gated,189,train,buoy,fn,b6,,,prediction_jsonl
radar_confidence_gated,189,train,buoy,fn,b7,,,prediction_jsonl
radar_confidence_gated,189,train,buoy,fn,b8,,,prediction_jsonl
radar_confidence_gated,190,train,boat,tp,boat,0.6383846998214722,0.650878439714501,prediction_jsonl
radar_confidence_gated,190,train,buoy,tp,b1,0.1867489516735077,0.5739687270505189,prediction_jsonl
radar_confidence_gated,190,train,buoy,fn,b2,,,prediction_jsonl
radar_confidence_gated,190,train,buoy,fn,b3,,,prediction_jsonl
radar_confidence_gated,190,train,buoy,fn,b4,,,prediction_jsonl
radar_confidence_gated,190,train,buoy,fn,b5,,,prediction_jsonl
radar_confidence_gated,190,train,buoy,fn,b6,,,prediction_jsonl
radar_confidence_gated,190,train,buoy,fn,b7,,,prediction_jsonl
radar_confidence_gated,190,train,buoy,fn,b8,,,prediction_jsonl
radar_confidence_gated,191,train,boat,tp,boat,0.6322475671768188,0.6692024986931168,prediction_jsonl
radar_confidence_gated,191,train,buoy,fn,b1,,,prediction_jsonl
radar_confidence_gated,191,train,buoy,fn,b2,,,prediction_jsonl
radar_confidence_gated,191,train,buoy,fn,b3,,,prediction_jsonl
radar_confidence_gated,191,train,buoy,fn,b4,,,prediction_jsonl
radar_confidence_gated,191,train,buoy,fn,b5,,,prediction_jsonl
radar_confidence_gated,191,train,buoy,fn,b6,,,prediction_jsonl
radar_confidence_gated,191,train,buoy,fn,b7,,,prediction_jsonl
radar_confidence_gated,191,train,buoy,fn,b8,,,prediction_jsonl
radar_confidence_gated,192,train,boat,tp,boat,0.6319159865379333,0.675324439667507,prediction_jsonl
radar_confidence_gated,192,train,buoy,tp,b1,0.1806107610464096,0.6070351849370682,prediction_jsonl
radar_confidence_gated,192,train,buoy,fn,b2,,,prediction_jsonl
radar_confidence_gated,192,train,buoy,fn,b3,,,prediction_jsonl
radar_confidence_gated,192,train,buoy,fn,b4,,,prediction_jsonl
radar_confidence_gated,192,train,buoy,fn,b5,,,prediction_jsonl
radar_confidence_gated,192,train,buoy,fn,b6,,,prediction_jsonl
radar_confidence_gated,192,train,buoy,fn,b7,,,prediction_jsonl
radar_confidence_gated,192,train,buoy,fn,b8,,,prediction_jsonl
radar_confidence_gated,193,train,boat,tp,boat,0.6360388994216919,0.6636490241481809,prediction_jsonl
radar_confidence_gated,193,train,buoy,tp,b1,0.1717553287744522,0.6460810041828318,prediction_jsonl
radar_confidence_gated,193,train,buoy,fn,b2,,,prediction_jsonl
radar_confidence_gated,193,train,buoy,fn,b3,,,prediction_jsonl
radar_confidence_gated,193,train,buoy,fn,b4,,,prediction_jsonl
radar_confidence_gated,193,train,buoy,fn,b5,,,prediction_jsonl
radar_confidence_gated,193,train,buoy,fn,b6,,,prediction_jsonl
radar_confidence_gated,193,train,buoy,fn,b7,,,prediction_jsonl
radar_confidence_gated,193,train,buoy,fn,b8,,,prediction_jsonl
radar_confidence_gated,194,train,boat,tp,boat,0.613706111907959,0.6831570503416105,prediction_jsonl
radar_confidence_gated,194,train,buoy,tp,b1,0.16945479810237885,0.6324256270825578,prediction_jsonl
radar_confidence_gated,194,train,buoy,fn,b2,,,prediction_jsonl
radar_confidence_gated,194,train,buoy,fn,b3,,,prediction_jsonl
radar_confidence_gated,194,train,buoy,fn,b4,,,prediction_jsonl
radar_confidence_gated,194,train,buoy,fn,b5,,,prediction_jsonl
radar_confidence_gated,194,train,buoy,fn,b6,,,prediction_jsonl
radar_confidence_gated,194,train,buoy,fn,b7,,,prediction_jsonl
radar_confidence_gated,194,train,buoy,fn,b8,,,prediction_jsonl
radar_confidence_gated,195,train,boat,tp,boat,0.6211267113685608,0.6538513092157526,prediction_jsonl
radar_confidence_gated,195,train,buoy,fn,b1,,,prediction_jsonl
radar_confidence_gated,195,train,buoy,fn,b2,,,prediction_jsonl
radar_confidence_gated,195,train,buoy,fn,b3,,,prediction_jsonl
radar_confidence_gated,195,train,buoy,fn,b4,,,prediction_jsonl
radar_confidence_gated,195,train,buoy,fn,b5,,,prediction_jsonl
radar_confidence_gated,195,train,buoy,fn,b6,,,prediction_jsonl
radar_confidence_gated,195,train,buoy,fn,b7,,,prediction_jsonl
radar_confidence_gated,195,train,buoy,fn,b8,,,prediction_jsonl
radar_confidence_gated,196,train,boat,tp,boat,0.6467134356498718,0.646783563465731,prediction_jsonl
radar_confidence_gated,196,train,buoy,tp,b1,0.16551056504249573,0.6388915820505177,prediction_jsonl
radar_confidence_gated,196,train,buoy,fn,b2,,,prediction_jsonl
radar_confidence_gated,196,train,buoy,fn,b3,,,prediction_jsonl
radar_confidence_gated,196,train,buoy,fn,b4,,,prediction_jsonl
radar_confidence_gated,196,train,buoy,fn,b5,,,prediction_jsonl
radar_confidence_gated,196,train,buoy,fn,b6,,,prediction_jsonl
radar_confidence_gated,196,train,buoy,fn,b7,,,prediction_jsonl
radar_confidence_gated,196,train,buoy,fn,b8,,,prediction_jsonl
radar_confidence_gated,197,train,boat,tp,boat,0.6406359076499939,0.645589056688841,prediction_jsonl
radar_confidence_gated,197,train,buoy,tp,b1,0.16141864657402039,0.6049814943201298,prediction_jsonl
radar_confidence_gated,197,train,buoy,fn,b2,,,prediction_jsonl
radar_confidence_gated,197,train,buoy,fn,b3,,,prediction_jsonl
radar_confidence_gated,197,train,buoy,fn,b4,,,prediction_jsonl
radar_confidence_gated,197,train,buoy,fn,b5,,,prediction_jsonl
radar_confidence_gated,197,train,buoy,fn,b6,,,prediction_jsonl
radar_confidence_gated,197,train,buoy,fn,b7,,,prediction_jsonl
radar_confidence_gated,197,train,buoy,fn,b8,,,prediction_jsonl
radar_confidence_gated,198,train,boat,tp,boat,0.6321174502372742,0.6474510106151128,prediction_jsonl
radar_confidence_gated,198,train,buoy,fn,b1,,,prediction_jsonl
radar_confidence_gated,198,train,buoy,fn,b2,,,prediction_jsonl
radar_confidence_gated,198,train,buoy,fn,b3,,,prediction_jsonl
radar_confidence_gated,198,train,buoy,fn,b4,,,prediction_jsonl
radar_confidence_gated,198,train,buoy,fn,b5,,,prediction_jsonl
radar_confidence_gated,198,train,buoy,fn,b6,,,prediction_jsonl
radar_confidence_gated,198,train,buoy,fn,b7,,,prediction_jsonl
radar_confidence_gated,198,train,buoy,fn,b8,,,prediction_jsonl
radar_confidence_gated,199,train,boat,tp,boat,0.6450217962265015,0.6595773536201348,prediction_jsonl
radar_confidence_gated,199,train,buoy,fn,b1,,,prediction_jsonl
radar_confidence_gated,199,train,buoy,fn,b2,,,prediction_jsonl
radar_confidence_gated,199,train,buoy,fn,b3,,,prediction_jsonl
radar_confidence_gated,199,train,buoy,fn,b4,,,prediction_jsonl
radar_confidence_gated,199,train,buoy,fn,b5,,,prediction_jsonl
radar_confidence_gated,199,train,buoy,fn,b6,,,prediction_jsonl
radar_confidence_gated,199,train,buoy,fn,b7,,,prediction_jsonl
radar_confidence_gated,199,train,buoy,fn,b8,,,prediction_jsonl
radar_confidence_gated,200,train,boat,tp,boat,0.6363183856010437,0.683075624042845,prediction_jsonl
radar_confidence_gated,200,train,buoy,tp,b1,0.21514728665351868,0.5935188311562329,prediction_jsonl
radar_confidence_gated,200,train,buoy,fn,b2,,,prediction_jsonl
radar_confidence_gated,200,train,buoy,fn,b3,,,prediction_jsonl
radar_confidence_gated,200,train,buoy,fn,b4,,,prediction_jsonl
radar_confidence_gated,200,train,buoy,fn,b5,,,prediction_jsonl
radar_confidence_gated,200,train,buoy,fn,b6,,,prediction_jsonl
radar_confidence_gated,200,train,buoy,fn,b7,,,prediction_jsonl
radar_confidence_gated,200,train,buoy,fn,b8,,,prediction_jsonl
radar_confidence_gated,201,train,boat,tp,boat,0.6228598356246948,0.6843700016602483,prediction_jsonl
radar_confidence_gated,201,train,buoy,tp,b1,0.19190986454486847,0.6223925752436714,prediction_jsonl
radar_confidence_gated,201,train,buoy,fn,b2,,,prediction_jsonl
radar_confidence_gated,201,train,buoy,fn,b3,,,prediction_jsonl
radar_confidence_gated,201,train,buoy,fn,b4,,,prediction_jsonl
radar_confidence_gated,201,train,buoy,fn,b5,,,prediction_jsonl
radar_confidence_gated,201,train,buoy,fn,b6,,,prediction_jsonl
radar_confidence_gated,201,train,buoy,fn,b7,,,prediction_jsonl
radar_confidence_gated,201,train,buoy,fn,b8,,,prediction_jsonl
radar_confidence_gated,202,train,boat,tp,boat,0.6218039393424988,0.6808318925173699,prediction_jsonl
radar_confidence_gated,202,train,buoy,tp,b1,0.1757698506116867,0.6555021527755152,prediction_jsonl
radar_confidence_gated,202,train,buoy,fn,b2,,,prediction_jsonl
radar_confidence_gated,202,train,buoy,fn,b3,,,prediction_jsonl
radar_confidence_gated,202,train,buoy,fn,b4,,,prediction_jsonl
radar_confidence_gated,202,train,buoy,fn,b5,,,prediction_jsonl
radar_confidence_gated,202,train,buoy,fn,b6,,,prediction_jsonl
radar_confidence_gated,202,train,buoy,fn,b7,,,prediction_jsonl
radar_confidence_gated,202,train,buoy,fn,b8,,,prediction_jsonl
radar_confidence_gated,203,train,boat,tp,boat,0.6270266771316528,0.6681250727479019,prediction_jsonl
radar_confidence_gated,203,train,buoy,tp,b1,0.16967864334583282,0.6286705035341953,prediction_jsonl
radar_confidence_gated,203,train,buoy,fn,b2,,,prediction_jsonl
radar_confidence_gated,203,train,buoy,fn,b3,,,prediction_jsonl
radar_confidence_gated,203,train,buoy,fn,b4,,,prediction_jsonl
radar_confidence_gated,203,train,buoy,fn,b5,,,prediction_jsonl
radar_confidence_gated,203,train,buoy,fn,b6,,,prediction_jsonl
radar_confidence_gated,203,train,buoy,fn,b7,,,prediction_jsonl
radar_confidence_gated,203,train,buoy,fn,b8,,,prediction_jsonl
radar_confidence_gated,204,train,boat,tp,boat,0.62369304895401,0.6623735836174749,prediction_jsonl
radar_confidence_gated,204,train,buoy,tp,b1,0.19445405900478363,0.5998428981420978,prediction_jsonl
radar_confidence_gated,204,train,buoy,fn,b2,,,prediction_jsonl
radar_confidence_gated,204,train,buoy,fn,b3,,,prediction_jsonl
radar_confidence_gated,204,train,buoy,fn,b4,,,prediction_jsonl
radar_confidence_gated,204,train,buoy,fn,b5,,,prediction_jsonl
radar_confidence_gated,204,train,buoy,fn,b6,,,prediction_jsonl
radar_confidence_gated,204,train,buoy,fn,b7,,,prediction_jsonl
radar_confidence_gated,204,train,buoy,fn,b8,,,prediction_jsonl
radar_confidence_gated,205,train,boat,tp,boat,0.6367902159690857,0.6589150332030771,prediction_jsonl
radar_confidence_gated,205,train,buoy,tp,b1,0.2005261927843094,0.6057172632434042,prediction_jsonl
radar_confidence_gated,205,train,buoy,fn,b2,,,prediction_jsonl
radar_confidence_gated,205,train,buoy,fn,b3,,,prediction_jsonl
radar_confidence_gated,205,train,buoy,fn,b4,,,prediction_jsonl
radar_confidence_gated,205,train,buoy,fn,b5,,,prediction_jsonl
radar_confidence_gated,205,train,buoy,fn,b6,,,prediction_jsonl
radar_confidence_gated,205,train,buoy,fn,b7,,,prediction_jsonl
radar_confidence_gated,205,train,buoy,fn,b8,,,prediction_jsonl
radar_confidence_gated,206,train,boat,tp,boat,0.6270920634269714,0.6608515280970659,prediction_jsonl
radar_confidence_gated,206,train,buoy,tp,b1,0.19174665212631226,0.6284420504440782,prediction_jsonl
radar_confidence_gated,206,train,buoy,fn,b2,,,prediction_jsonl
radar_confidence_gated,206,train,buoy,fn,b3,,,prediction_jsonl
radar_confidence_gated,206,train,buoy,fn,b4,,,prediction_jsonl
radar_confidence_gated,206,train,buoy,fn,b5,,,prediction_jsonl
radar_confidence_gated,206,train,buoy,fn,b6,,,prediction_jsonl
radar_confidence_gated,206,train,buoy,fn,b7,,,prediction_jsonl
radar_confidence_gated,206,train,buoy,fn,b8,,,prediction_jsonl
radar_confidence_gated,207,train,boat,tp,boat,0.6534222960472107,0.6701786148856372,prediction_jsonl
radar_confidence_gated,207,train,buoy,tp,b1,0.22184717655181885,0.5961967253027416,prediction_jsonl
radar_confidence_gated,207,train,buoy,fn,b2,,,prediction_jsonl
radar_confidence_gated,207,train,buoy,fn,b3,,,prediction_jsonl
radar_confidence_gated,207,train,buoy,fn,b4,,,prediction_jsonl
radar_confidence_gated,207,train,buoy,fn,b5,,,prediction_jsonl
radar_confidence_gated,207,train,buoy,fn,b6,,,prediction_jsonl
radar_confidence_gated,207,train,buoy,fn,b7,,,prediction_jsonl
radar_confidence_gated,207,train,buoy,fn,b8,,,prediction_jsonl
radar_confidence_gated,208,train,boat,tp,boat,0.6562607288360596,0.6532881276368716,prediction_jsonl
radar_confidence_gated,208,train,buoy,tp,b1,0.18557032942771912,0.6234154339360762,prediction_jsonl
radar_confidence_gated,208,train,buoy,fn,b2,,,prediction_jsonl
radar_confidence_gated,208,train,buoy,fn,b3,,,prediction_jsonl
radar_confidence_gated,208,train,buoy,fn,b4,,,prediction_jsonl
radar_confidence_gated,208,train,buoy,fn,b5,,,prediction_jsonl
radar_confidence_gated,208,train,buoy,fn,b6,,,prediction_jsonl
radar_confidence_gated,208,train,buoy,fn,b7,,,prediction_jsonl
radar_confidence_gated,208,train,buoy,fn,b8,,,prediction_jsonl
radar_confidence_gated,209,train,boat,tp,boat,0.6307691931724548,0.6555677223102754,prediction_jsonl
radar_confidence_gated,209,train,buoy,tp,b1,0.1622450202703476,0.6019372563106272,prediction_jsonl
radar_confidence_gated,209,train,buoy,fn,b2,,,prediction_jsonl
radar_confidence_gated,209,train,buoy,fn,b3,,,prediction_jsonl
radar_confidence_gated,209,train,buoy,fn,b4,,,prediction_jsonl
radar_confidence_gated,209,train,buoy,fn,b5,,,prediction_jsonl
radar_confidence_gated,209,train,buoy,fn,b6,,,prediction_jsonl
radar_confidence_gated,209,train,buoy,fn,b7,,,prediction_jsonl
radar_confidence_gated,209,train,buoy,fn,b8,,,prediction_jsonl
radar_confidence_gated,210,train,boat,tp,boat,0.6478707194328308,0.6488523132638294,prediction_jsonl
radar_confidence_gated,210,train,buoy,tp,b1,0.21042677760124207,0.6141823082157717,prediction_jsonl
radar_confidence_gated,210,train,buoy,fn,b2,,,prediction_jsonl
radar_confidence_gated,210,train,buoy,fn,b3,,,prediction_jsonl
radar_confidence_gated,210,train,buoy,fn,b4,,,prediction_jsonl
radar_confidence_gated,210,train,buoy,fn,b5,,,prediction_jsonl
radar_confidence_gated,210,train,buoy,fn,b6,,,prediction_jsonl
radar_confidence_gated,210,train,buoy,fn,b7,,,prediction_jsonl
radar_confidence_gated,210,train,buoy,fn,b8,,,prediction_jsonl
radar_confidence_gated,211,train,boat,tp,boat,0.6331257820129395,0.6592388781154215,prediction_jsonl
radar_confidence_gated,211,train,buoy,tp,b1,0.19581496715545654,0.6591047812806268,prediction_jsonl
radar_confidence_gated,211,train,buoy,fn,b3,,,prediction_jsonl
radar_confidence_gated,211,train,buoy,fn,b4,,,prediction_jsonl
radar_confidence_gated,211,train,buoy,fn,b5,,,prediction_jsonl
radar_confidence_gated,211,train,buoy,fn,b6,,,prediction_jsonl
radar_confidence_gated,211,train,buoy,fn,b7,,,prediction_jsonl
radar_confidence_gated,211,train,buoy,fn,b8,,,prediction_jsonl
radar_confidence_gated,212,train,boat,tp,boat,0.6211783289909363,0.6658022159475842,prediction_jsonl
radar_confidence_gated,212,train,buoy,tp,b1,0.18650679290294647,0.6172004888605478,prediction_jsonl
radar_confidence_gated,212,train,buoy,fn,b3,,,prediction_jsonl
radar_confidence_gated,212,train,buoy,fn,b4,,,prediction_jsonl
radar_confidence_gated,212,train,buoy,fn,b5,,,prediction_jsonl
radar_confidence_gated,212,train,buoy,fn,b6,,,prediction_jsonl
radar_confidence_gated,212,train,buoy,fn,b7,,,prediction_jsonl
radar_confidence_gated,212,train,buoy,fn,b8,,,prediction_jsonl
radar_confidence_gated,213,train,boat,tp,boat,0.6330593228340149,0.6608292425266307,prediction_jsonl
radar_confidence_gated,213,train,buoy,tp,b1,0.16266833245754242,0.6435170081117458,prediction_jsonl
radar_confidence_gated,213,train,buoy,fn,b3,,,prediction_jsonl
radar_confidence_gated,213,train,buoy,fn,b4,,,prediction_jsonl
radar_confidence_gated,213,train,buoy,fn,b5,,,prediction_jsonl
radar_confidence_gated,213,train,buoy,fn,b6,,,prediction_jsonl
radar_confidence_gated,213,train,buoy,fn,b7,,,prediction_jsonl
radar_confidence_gated,213,train,buoy,fn,b8,,,prediction_jsonl
radar_confidence_gated,214,train,boat,tp,boat,0.6350048184394836,0.64884361494118,prediction_jsonl
radar_confidence_gated,214,train,buoy,tp,b1,0.19450563192367554,0.6567360711673208,prediction_jsonl
radar_confidence_gated,214,train,buoy,fn,b3,,,prediction_jsonl
radar_confidence_gated,214,train,buoy,fn,b4,,,prediction_jsonl
radar_confidence_gated,214,train,buoy,fn,b5,,,prediction_jsonl
radar_confidence_gated,214,train,buoy,fn,b6,,,prediction_jsonl
radar_confidence_gated,214,train,buoy,fn,b7,,,prediction_jsonl
radar_confidence_gated,214,train,buoy,fn,b8,,,prediction_jsonl
radar_confidence_gated,215,train,boat,tp,boat,0.6313492655754089,0.6577434378867695,prediction_jsonl
radar_confidence_gated,215,train,buoy,fn,b1,,,prediction_jsonl
radar_confidence_gated,215,train,buoy,fn,b3,,,prediction_jsonl
radar_confidence_gated,215,train,buoy,fn,b4,,,prediction_jsonl
radar_confidence_gated,215,train,buoy,fn,b5,,,prediction_jsonl
radar_confidence_gated,215,train,buoy,fn,b6,,,prediction_jsonl
radar_confidence_gated,215,train,buoy,fn,b7,,,prediction_jsonl
radar_confidence_gated,215,train,buoy,fn,b8,,,prediction_jsonl
radar_confidence_gated,216,train,boat,tp,boat,0.6318992376327515,0.6751921204903655,prediction_jsonl
radar_confidence_gated,216,train,buoy,fn,b1,,,prediction_jsonl
radar_confidence_gated,216,train,buoy,fn,b3,,,prediction_jsonl
radar_confidence_gated,216,train,buoy,fn,b4,,,prediction_jsonl
radar_confidence_gated,216,train,buoy,fn,b5,,,prediction_jsonl
radar_confidence_gated,216,train,buoy,fn,b6,,,prediction_jsonl
radar_confidence_gated,216,train,buoy,fn,b7,,,prediction_jsonl
radar_confidence_gated,216,train,buoy,fn,b8,,,prediction_jsonl
radar_confidence_gated,217,train,boat,tp,boat,0.6361960768699646,0.6951303869640425,prediction_jsonl
radar_confidence_gated,217,train,buoy,tp,b1,0.16495069861412048,0.6073135606878062,prediction_jsonl
radar_confidence_gated,217,train,buoy,fn,b3,,,prediction_jsonl
radar_confidence_gated,217,train,buoy,fn,b4,,,prediction_jsonl
radar_confidence_gated,217,train,buoy,fn,b5,,,prediction_jsonl
radar_confidence_gated,217,train,buoy,fn,b6,,,prediction_jsonl
radar_confidence_gated,217,train,buoy,fn,b7,,,prediction_jsonl
radar_confidence_gated,217,train,buoy,fn,b8,,,prediction_jsonl
radar_confidence_gated,218,train,boat,tp,boat,0.641014814376831,0.7042046892470764,prediction_jsonl
radar_confidence_gated,218,train,buoy,fn,b1,,,prediction_jsonl
radar_confidence_gated,218,train,buoy,fn,b3,,,prediction_jsonl
radar_confidence_gated,218,train,buoy,fn,b4,,,prediction_jsonl
radar_confidence_gated,218,train,buoy,fn,b5,,,prediction_jsonl
radar_confidence_gated,218,train,buoy,fn,b6,,,prediction_jsonl
radar_confidence_gated,218,train,buoy,fn,b7,,,prediction_jsonl
radar_confidence_gated,218,train,buoy,fn,b8,,,prediction_jsonl
radar_confidence_gated,219,train,boat,tp,boat,0.6662656664848328,0.7098764528170161,prediction_jsonl
radar_confidence_gated,219,train,buoy,tp,b1,0.1849428415298462,0.5826981895203415,prediction_jsonl
radar_confidence_gated,219,train,buoy,fn,b3,,,prediction_jsonl
radar_confidence_gated,219,train,buoy,fn,b4,,,prediction_jsonl
radar_confidence_gated,219,train,buoy,fn,b5,,,prediction_jsonl
radar_confidence_gated,219,train,buoy,fn,b6,,,prediction_jsonl
radar_confidence_gated,219,train,buoy,fn,b7,,,prediction_jsonl
radar_confidence_gated,219,train,buoy,fn,b8,,,prediction_jsonl
radar_confidence_gated,220,train,boat,tp,boat,0.6380869746208191,0.7067867701247953,prediction_jsonl
radar_confidence_gated,220,train,buoy,fn,b1,,,prediction_jsonl
radar_confidence_gated,220,train,buoy,fn,b3,,,prediction_jsonl
radar_confidence_gated,220,train,buoy,fn,b4,,,prediction_jsonl
radar_confidence_gated,220,train,buoy,fn,b5,,,prediction_jsonl
radar_confidence_gated,220,train,buoy,fn,b6,,,prediction_jsonl
radar_confidence_gated,220,train,buoy,fn,b7,,,prediction_jsonl
radar_confidence_gated,220,train,buoy,fn,b8,,,prediction_jsonl
radar_confidence_gated,221,train,boat,tp,boat,0.6573875546455383,0.6949072914423212,prediction_jsonl
radar_confidence_gated,221,train,buoy,tp,b1,0.18655382096767426,0.6221767558464624,prediction_jsonl
radar_confidence_gated,221,train,buoy,fn,b3,,,prediction_jsonl
radar_confidence_gated,221,train,buoy,fn,b4,,,prediction_jsonl
radar_confidence_gated,221,train,buoy,fn,b5,,,prediction_jsonl
radar_confidence_gated,221,train,buoy,fn,b6,,,prediction_jsonl
radar_confidence_gated,221,train,buoy,fn,b7,,,prediction_jsonl
radar_confidence_gated,221,train,buoy,fn,b8,,,prediction_jsonl
radar_confidence_gated,222,train,boat,tp,boat,0.6524205207824707,0.7156683472598441,prediction_jsonl
radar_confidence_gated,222,train,buoy,tp,b1,0.18459570407867432,0.6400625460473279,prediction_jsonl
radar_confidence_gated,222,train,buoy,fn,b3,,,prediction_jsonl
radar_confidence_gated,222,train,buoy,fn,b4,,,prediction_jsonl
radar_confidence_gated,222,train,buoy,fn,b5,,,prediction_jsonl
radar_confidence_gated,222,train,buoy,fn,b6,,,prediction_jsonl
radar_confidence_gated,222,train,buoy,fn,b7,,,prediction_jsonl
radar_confidence_gated,222,train,buoy,fn,b8,,,prediction_jsonl
radar_confidence_gated,223,train,boat,tp,boat,0.6479641199111938,0.7271033831623521,prediction_jsonl
radar_confidence_gated,223,train,buoy,tp,b1,0.19187897443771362,0.687089895869052,prediction_jsonl
radar_confidence_gated,223,train,buoy,fn,b3,,,prediction_jsonl
radar_confidence_gated,223,train,buoy,fn,b4,,,prediction_jsonl
radar_confidence_gated,223,train,buoy,fn,b5,,,prediction_jsonl
radar_confidence_gated,223,train,buoy,fn,b6,,,prediction_jsonl
radar_confidence_gated,223,train,buoy,fn,b7,,,prediction_jsonl
radar_confidence_gated,223,train,buoy,fn,b8,,,prediction_jsonl
radar_confidence_gated,224,train,boat,tp,boat,0.639829158782959,0.7165245816899345,prediction_jsonl
radar_confidence_gated,224,train,buoy,tp,b1,0.1815871149301529,0.6576825673948801,prediction_jsonl
radar_confidence_gated,224,train,buoy,fn,b3,,,prediction_jsonl
radar_confidence_gated,224,train,buoy,fn,b4,,,prediction_jsonl
radar_confidence_gated,224,train,buoy,fn,b5,,,prediction_jsonl
radar_confidence_gated,224,train,buoy,fn,b6,,,prediction_jsonl
radar_confidence_gated,224,train,buoy,fn,b7,,,prediction_jsonl
radar_confidence_gated,224,train,buoy,fn,b8,,,prediction_jsonl
radar_confidence_gated,225,train,boat,tp,boat,0.632107138633728,0.7067833720720512,prediction_jsonl
radar_confidence_gated,225,train,buoy,tp,b1,0.18262100219726562,0.6682451537417858,prediction_jsonl
radar_confidence_gated,225,train,buoy,fn,b3,,,prediction_jsonl
radar_confidence_gated,225,train,buoy,fn,b4,,,prediction_jsonl
radar_confidence_gated,225,train,buoy,fn,b5,,,prediction_jsonl
radar_confidence_gated,225,train,buoy,fn,b6,,,prediction_jsonl
radar_confidence_gated,225,train,buoy,fn,b7,,,prediction_jsonl
radar_confidence_gated,225,train,buoy,fn,b8,,,prediction_jsonl
radar_confidence_gated,226,train,boat,tp,boat,0.6389349699020386,0.6747393753679753,prediction_jsonl
radar_confidence_gated,226,train,buoy,tp,b1,0.2569091022014618,0.6395370683346099,prediction_jsonl
radar_confidence_gated,226,train,buoy,fn,b3,,,prediction_jsonl
radar_confidence_gated,226,train,buoy,fn,b4,,,prediction_jsonl
radar_confidence_gated,226,train,buoy,fn,b5,,,prediction_jsonl
radar_confidence_gated,226,train,buoy,fn,b6,,,prediction_jsonl
radar_confidence_gated,226,train,buoy,fn,b7,,,prediction_jsonl
radar_confidence_gated,226,train,buoy,fn,b8,,,prediction_jsonl
radar_confidence_gated,227,train,boat,tp,boat,0.6410889625549316,0.6749627122266612,prediction_jsonl
radar_confidence_gated,227,train,buoy,tp,b1,0.18481752276420593,0.659180153311391,prediction_jsonl
radar_confidence_gated,227,train,buoy,fn,b3,,,prediction_jsonl
radar_confidence_gated,227,train,buoy,fn,b4,,,prediction_jsonl
radar_confidence_gated,227,train,buoy,fn,b5,,,prediction_jsonl
radar_confidence_gated,227,train,buoy,fn,b6,,,prediction_jsonl
radar_confidence_gated,227,train,buoy,fn,b7,,,prediction_jsonl
radar_confidence_gated,227,train,buoy,fn,b8,,,prediction_jsonl
radar_confidence_gated,228,train,boat,tp,boat,0.6467885971069336,0.6722610661478522,prediction_jsonl
radar_confidence_gated,228,train,buoy,tp,b1,0.19081896543502808,0.6206345242206064,prediction_jsonl
radar_confidence_gated,228,train,buoy,fn,b3,,,prediction_jsonl
radar_confidence_gated,228,train,buoy,fn,b4,,,prediction_jsonl
radar_confidence_gated,228,train,buoy,fn,b5,,,prediction_jsonl
radar_confidence_gated,228,train,buoy,fn,b6,,,prediction_jsonl
radar_confidence_gated,228,train,buoy,fn,b7,,,prediction_jsonl
radar_confidence_gated,228,train,buoy,fn,b8,,,prediction_jsonl
radar_confidence_gated,229,train,boat,tp,boat,0.6355711221694946,0.6758169099464358,prediction_jsonl
radar_confidence_gated,229,train,buoy,tp,b1,0.17706511914730072,0.6000325730950856,prediction_jsonl
radar_confidence_gated,229,train,buoy,fn,b3,,,prediction_jsonl
radar_confidence_gated,229,train,buoy,fn,b4,,,prediction_jsonl
radar_confidence_gated,229,train,buoy,fn,b5,,,prediction_jsonl
radar_confidence_gated,229,train,buoy,fn,b6,,,prediction_jsonl
radar_confidence_gated,229,train,buoy,fn,b7,,,prediction_jsonl
radar_confidence_gated,229,train,buoy,fn,b8,,,prediction_jsonl
radar_confidence_gated,230,train,boat,tp,boat,0.6381354928016663,0.6917766834466871,prediction_jsonl
radar_confidence_gated,230,train,buoy,tp,b1,0.18854013085365295,0.6294998966989368,prediction_jsonl
radar_confidence_gated,230,train,buoy,fn,b3,,,prediction_jsonl
radar_confidence_gated,230,train,buoy,fn,b4,,,prediction_jsonl
radar_confidence_gated,230,train,buoy,fn,b5,,,prediction_jsonl
radar_confidence_gated,230,train,buoy,fn,b6,,,prediction_jsonl
radar_confidence_gated,230,train,buoy,fn,b7,,,prediction_jsonl
radar_confidence_gated,230,train,buoy,fn,b8,,,prediction_jsonl
radar_confidence_gated,231,train,boat,tp,boat,0.6443309783935547,0.6812262029578139,prediction_jsonl
radar_confidence_gated,231,train,buoy,tp,b1,0.1892985999584198,0.6297340771428096,prediction_jsonl
radar_confidence_gated,231,train,buoy,fn,b3,,,prediction_jsonl
radar_confidence_gated,231,train,buoy,fn,b4,,,prediction_jsonl
radar_confidence_gated,231,train,buoy,fn,b5,,,prediction_jsonl
radar_confidence_gated,231,train,buoy,fn,b6,,,prediction_jsonl
radar_confidence_gated,231,train,buoy,fn,b7,,,prediction_jsonl
radar_confidence_gated,231,train,buoy,fn,b8,,,prediction_jsonl
radar_confidence_gated,232,train,boat,tp,boat,0.6593641042709351,0.690930269399048,prediction_jsonl
radar_confidence_gated,232,train,buoy,tp,b1,0.19215451180934906,0.6720419472960173,prediction_jsonl
radar_confidence_gated,232,train,buoy,fn,b3,,,prediction_jsonl
radar_confidence_gated,232,train,buoy,fn,b4,,,prediction_jsonl
radar_confidence_gated,232,train,buoy,fn,b5,,,prediction_jsonl
radar_confidence_gated,232,train,buoy,fn,b6,,,prediction_jsonl
radar_confidence_gated,232,train,buoy,fn,b7,,,prediction_jsonl
radar_confidence_gated,232,train,buoy,fn,b8,,,prediction_jsonl
radar_confidence_gated,233,train,boat,tp,boat,0.6644378900527954,0.6702784694091022,prediction_jsonl
radar_confidence_gated,233,train,buoy,tp,b1,0.17216834425926208,0.6569815613398846,prediction_jsonl
radar_confidence_gated,233,train,buoy,fn,b3,,,prediction_jsonl
radar_confidence_gated,233,train,buoy,fn,b4,,,prediction_jsonl
radar_confidence_gated,233,train,buoy,fn,b5,,,prediction_jsonl
radar_confidence_gated,233,train,buoy,fn,b6,,,prediction_jsonl
radar_confidence_gated,233,train,buoy,fn,b7,,,prediction_jsonl
radar_confidence_gated,233,train,buoy,fn,b8,,,prediction_jsonl
radar_confidence_gated,234,train,boat,tp,boat,0.6645836234092712,0.6582357888854712,prediction_jsonl
radar_confidence_gated,234,train,buoy,fn,b1,,,prediction_jsonl
radar_confidence_gated,234,train,buoy,fn,b3,,,prediction_jsonl
radar_confidence_gated,234,train,buoy,fn,b4,,,prediction_jsonl
radar_confidence_gated,234,train,buoy,fn,b5,,,prediction_jsonl
radar_confidence_gated,234,train,buoy,fn,b6,,,prediction_jsonl
radar_confidence_gated,234,train,buoy,fn,b7,,,prediction_jsonl
radar_confidence_gated,234,train,buoy,fn,b8,,,prediction_jsonl
radar_confidence_gated,235,train,boat,tp,boat,0.6505745649337769,0.7008665195572625,prediction_jsonl
radar_confidence_gated,235,train,buoy,tp,b1,0.16865958273410797,0.6254928499648128,prediction_jsonl
radar_confidence_gated,235,train,buoy,fn,b3,,,prediction_jsonl
radar_confidence_gated,235,train,buoy,fn,b4,,,prediction_jsonl
radar_confidence_gated,235,train,buoy,fn,b5,,,prediction_jsonl
radar_confidence_gated,235,train,buoy,fn,b6,,,prediction_jsonl
radar_confidence_gated,235,train,buoy,fn,b7,,,prediction_jsonl
radar_confidence_gated,235,train,buoy,fn,b8,,,prediction_jsonl
radar_confidence_gated,236,train,boat,tp,boat,0.6478264927864075,0.6958148521333333,prediction_jsonl
radar_confidence_gated,236,train,buoy,tp,b1,0.16391535103321075,0.6087115471995044,prediction_jsonl
radar_confidence_gated,236,train,buoy,fn,b3,,,prediction_jsonl
radar_confidence_gated,236,train,buoy,fn,b4,,,prediction_jsonl
radar_confidence_gated,236,train,buoy,fn,b5,,,prediction_jsonl
radar_confidence_gated,236,train,buoy,fn,b6,,,prediction_jsonl
radar_confidence_gated,236,train,buoy,fn,b7,,,prediction_jsonl
radar_confidence_gated,236,train,buoy,fn,b8,,,prediction_jsonl
radar_confidence_gated,237,train,boat,tp,boat,0.665226399898529,0.6779306547507278,prediction_jsonl
radar_confidence_gated,237,train,buoy,fn,b1,,,prediction_jsonl
radar_confidence_gated,237,train,buoy,fn,b3,,,prediction_jsonl
radar_confidence_gated,237,train,buoy,fn,b4,,,prediction_jsonl
radar_confidence_gated,237,train,buoy,fn,b5,,,prediction_jsonl
radar_confidence_gated,237,train,buoy,fn,b6,,,prediction_jsonl
radar_confidence_gated,237,train,buoy,fn,b7,,,prediction_jsonl
radar_confidence_gated,237,train,buoy,fn,b8,,,prediction_jsonl
radar_confidence_gated,238,train,boat,tp,boat,0.6665727496147156,0.6829022029487269,prediction_jsonl
radar_confidence_gated,238,train,buoy,tp,b1,0.17305178940296173,0.6612138461996839,prediction_jsonl
radar_confidence_gated,238,train,buoy,fn,b3,,,prediction_jsonl
radar_confidence_gated,238,train,buoy,fn,b4,,,prediction_jsonl
radar_confidence_gated,238,train,buoy,fn,b5,,,prediction_jsonl
radar_confidence_gated,238,train,buoy,fn,b6,,,prediction_jsonl
radar_confidence_gated,238,train,buoy,fn,b7,,,prediction_jsonl
radar_confidence_gated,238,train,buoy,fn,b8,,,prediction_jsonl
radar_confidence_gated,239,train,boat,tp,boat,0.6404761672019958,0.6814237984845822,prediction_jsonl
radar_confidence_gated,239,train,buoy,fn,b1,,,prediction_jsonl
radar_confidence_gated,239,train,buoy,fn,b3,,,prediction_jsonl
radar_confidence_gated,239,train,buoy,fn,b4,,,prediction_jsonl
radar_confidence_gated,239,train,buoy,fn,b5,,,prediction_jsonl
radar_confidence_gated,239,train,buoy,fn,b6,,,prediction_jsonl
radar_confidence_gated,239,train,buoy,fn,b7,,,prediction_jsonl
radar_confidence_gated,239,train,buoy,fn,b8,,,prediction_jsonl
radar_confidence_gated,240,train,boat,tp,boat,0.6467589139938354,0.6747758427095562,prediction_jsonl
radar_confidence_gated,240,train,buoy,tp,b1,0.18023493885993958,0.6358487962251539,prediction_jsonl
radar_confidence_gated,240,train,buoy,fn,b3,,,prediction_jsonl
radar_confidence_gated,240,train,buoy,fn,b4,,,prediction_jsonl
radar_confidence_gated,240,train,buoy,fn,b5,,,prediction_jsonl
radar_confidence_gated,240,train,buoy,fn,b6,,,prediction_jsonl
radar_confidence_gated,240,train,buoy,fn,b7,,,prediction_jsonl
radar_confidence_gated,240,train,buoy,fn,b8,,,prediction_jsonl
radar_confidence_gated,241,train,boat,tp,boat,0.645240306854248,0.6865558336001599,prediction_jsonl
radar_confidence_gated,241,train,buoy,tp,b1,0.20450426638126373,0.6179527851483896,prediction_jsonl
radar_confidence_gated,241,train,buoy,fn,b3,,,prediction_jsonl
radar_confidence_gated,241,train,buoy,fn,b4,,,prediction_jsonl
radar_confidence_gated,241,train,buoy,fn,b5,,,prediction_jsonl
radar_confidence_gated,241,train,buoy,fn,b6,,,prediction_jsonl
radar_confidence_gated,241,train,buoy,fn,b7,,,prediction_jsonl
radar_confidence_gated,241,train,buoy,fn,b8,,,prediction_jsonl
radar_confidence_gated,242,train,boat,tp,boat,0.645543098449707,0.6784146372756661,prediction_jsonl
radar_confidence_gated,242,train,buoy,tp,b1,0.19515033066272736,0.6111514735335744,prediction_jsonl
radar_confidence_gated,242,train,buoy,fn,b3,,,prediction_jsonl
radar_confidence_gated,242,train,buoy,fn,b4,,,prediction_jsonl
radar_confidence_gated,242,train,buoy,fn,b5,,,prediction_jsonl
radar_confidence_gated,242,train,buoy,fn,b6,,,prediction_jsonl
radar_confidence_gated,242,train,buoy,fn,b7,,,prediction_jsonl
radar_confidence_gated,242,train,buoy,fn,b8,,,prediction_jsonl
radar_confidence_gated,243,train,boat,tp,boat,0.6494410634040833,0.6947109875719851,prediction_jsonl
radar_confidence_gated,243,train,buoy,tp,b1,0.1805109828710556,0.6340090536299173,prediction_jsonl
radar_confidence_gated,243,train,buoy,fn,b3,,,prediction_jsonl
radar_confidence_gated,243,train,buoy,fn,b4,,,prediction_jsonl
radar_confidence_gated,243,train,buoy,fn,b5,,,prediction_jsonl
radar_confidence_gated,243,train,buoy,fn,b6,,,prediction_jsonl
radar_confidence_gated,243,train,buoy,fn,b7,,,prediction_jsonl
radar_confidence_gated,243,train,buoy,fn,b8,,,prediction_jsonl
radar_confidence_gated,244,train,boat,tp,boat,0.64220130443573,0.6976066646230393,prediction_jsonl
radar_confidence_gated,244,train,buoy,tp,b1,0.18236041069030762,0.6466402606299723,prediction_jsonl
radar_confidence_gated,244,train,buoy,fn,b3,,,prediction_jsonl
radar_confidence_gated,244,train,buoy,fn,b4,,,prediction_jsonl
radar_confidence_gated,244,train,buoy,fn,b5,,,prediction_jsonl
radar_confidence_gated,244,train,buoy,fn,b6,,,prediction_jsonl
radar_confidence_gated,244,train,buoy,fn,b7,,,prediction_jsonl
radar_confidence_gated,244,train,buoy,fn,b8,,,prediction_jsonl
radar_confidence_gated,245,train,boat,tp,boat,0.642688512802124,0.7017582358008679,prediction_jsonl
radar_confidence_gated,245,train,buoy,tp,b1,0.20122480392456055,0.6350040631685582,prediction_jsonl
radar_confidence_gated,245,train,buoy,fn,b3,,,prediction_jsonl
radar_confidence_gated,245,train,buoy,fn,b4,,,prediction_jsonl
radar_confidence_gated,245,train,buoy,fn,b5,,,prediction_jsonl
radar_confidence_gated,245,train,buoy,fn,b6,,,prediction_jsonl
radar_confidence_gated,245,train,buoy,fn,b7,,,prediction_jsonl
radar_confidence_gated,245,train,buoy,fn,b8,,,prediction_jsonl
radar_confidence_gated,246,train,boat,tp,boat,0.6451094746589661,0.7085979994070423,prediction_jsonl
radar_confidence_gated,246,train,buoy,tp,b1,0.1938147246837616,0.6286761470143412,prediction_jsonl
radar_confidence_gated,246,train,buoy,fn,b3,,,prediction_jsonl
radar_confidence_gated,246,train,buoy,fn,b4,,,prediction_jsonl
radar_confidence_gated,246,train,buoy,fn,b5,,,prediction_jsonl
radar_confidence_gated,246,train,buoy,fn,b6,,,prediction_jsonl
radar_confidence_gated,246,train,buoy,fn,b7,,,prediction_jsonl
radar_confidence_gated,246,train,buoy,fn,b8,,,prediction_jsonl
radar_confidence_gated,247,train,boat,tp,boat,0.6532315611839294,0.6980088398424086,prediction_jsonl
radar_confidence_gated,247,train,buoy,tp,b1,0.20173276960849762,0.6320654961144184,prediction_jsonl
radar_confidence_gated,247,train,buoy,fn,b3,,,prediction_jsonl
radar_confidence_gated,247,train,buoy,fn,b4,,,prediction_jsonl
radar_confidence_gated,247,train,buoy,fn,b5,,,prediction_jsonl
radar_confidence_gated,247,train,buoy,fn,b6,,,prediction_jsonl
radar_confidence_gated,247,train,buoy,fn,b7,,,prediction_jsonl
radar_confidence_gated,247,train,buoy,fn,b8,,,prediction_jsonl
radar_confidence_gated,248,train,boat,tp,boat,0.6498556137084961,0.6904562903520274,prediction_jsonl
radar_confidence_gated,248,train,buoy,tp,b1,0.22157227993011475,0.6381865966747026,prediction_jsonl
radar_confidence_gated,248,train,buoy,fn,b3,,,prediction_jsonl
radar_confidence_gated,248,train,buoy,fn,b4,,,prediction_jsonl
radar_confidence_gated,248,train,buoy,fn,b5,,,prediction_jsonl
radar_confidence_gated,248,train,buoy,fn,b6,,,prediction_jsonl
radar_confidence_gated,248,train,buoy,fn,b7,,,prediction_jsonl
radar_confidence_gated,248,train,buoy,fn,b8,,,prediction_jsonl
radar_confidence_gated,249,train,boat,tp,boat,0.6299687623977661,0.6998286746651211,prediction_jsonl
radar_confidence_gated,249,train,boat,fp,,0.16525521874427795,,prediction_jsonl
radar_confidence_gated,249,train,buoy,tp,b1,0.18260686099529266,0.6177054740037159,prediction_jsonl
radar_confidence_gated,249,train,buoy,fn,b3,,,prediction_jsonl
radar_confidence_gated,249,train,buoy,fn,b4,,,prediction_jsonl
radar_confidence_gated,249,train,buoy,fn,b5,,,prediction_jsonl
radar_confidence_gated,249,train,buoy,fn,b6,,,prediction_jsonl
radar_confidence_gated,249,train,buoy,fn,b7,,,prediction_jsonl
radar_confidence_gated,249,train,buoy,fn,b8,,,prediction_jsonl
radar_confidence_gated,250,train,boat,tp,boat,0.6297556161880493,0.6934229771479664,prediction_jsonl
radar_confidence_gated,250,train,buoy,tp,b1,0.1985553354024887,0.6386799062293382,prediction_jsonl
radar_confidence_gated,250,train,buoy,fn,b3,,,prediction_jsonl
radar_confidence_gated,250,train,buoy,fn,b4,,,prediction_jsonl
radar_confidence_gated,250,train,buoy,fn,b5,,,prediction_jsonl
radar_confidence_gated,250,train,buoy,fn,b6,,,prediction_jsonl
radar_confidence_gated,250,train,buoy,fn,b7,,,prediction_jsonl
radar_confidence_gated,250,train,buoy,fn,b8,,,prediction_jsonl
radar_confidence_gated,251,train,boat,tp,boat,0.6296814680099487,0.6949061928013363,prediction_jsonl
radar_confidence_gated,251,train,buoy,tp,b1,0.195634663105011,0.649935918746464,prediction_jsonl
radar_confidence_gated,251,train,buoy,fn,b3,,,prediction_jsonl
radar_confidence_gated,251,train,buoy,fn,b4,,,prediction_jsonl
radar_confidence_gated,251,train,buoy,fn,b5,,,prediction_jsonl
radar_confidence_gated,251,train,buoy,fn,b6,,,prediction_jsonl
radar_confidence_gated,251,train,buoy,fn,b7,,,prediction_jsonl
radar_confidence_gated,251,train,buoy,fn,b8,,,prediction_jsonl
radar_confidence_gated,252,train,boat,tp,boat,0.6428946852684021,0.6845981685968946,prediction_jsonl
radar_confidence_gated,252,train,buoy,tp,b1,0.18247194588184357,0.6363210121815241,prediction_jsonl
radar_confidence_gated,252,train,buoy,fn,b3,,,prediction_jsonl
radar_confidence_gated,252,train,buoy,fn,b4,,,prediction_jsonl
radar_confidence_gated,252,train,buoy,fn,b5,,,prediction_jsonl
radar_confidence_gated,252,train,buoy,fn,b6,,,prediction_jsonl
radar_confidence_gated,252,train,buoy,fn,b7,,,prediction_jsonl
radar_confidence_gated,252,train,buoy,fn,b8,,,prediction_jsonl
radar_confidence_gated,253,train,boat,tp,boat,0.6515691876411438,0.6672361822049051,prediction_jsonl
radar_confidence_gated,253,train,buoy,tp,b1,0.18898490071296692,0.6059174599325022,prediction_jsonl
radar_confidence_gated,253,train,buoy,fn,b3,,,prediction_jsonl
radar_confidence_gated,253,train,buoy,fn,b4,,,prediction_jsonl
radar_confidence_gated,253,train,buoy,fn,b5,,,prediction_jsonl
radar_confidence_gated,253,train,buoy,fn,b6,,,prediction_jsonl
radar_confidence_gated,253,train,buoy,fn,b7,,,prediction_jsonl
radar_confidence_gated,253,train,buoy,fn,b8,,,prediction_jsonl
radar_confidence_gated,254,train,boat,tp,boat,0.646914005279541,0.6834790786819728,prediction_jsonl
radar_confidence_gated,254,train,buoy,tp,b1,0.18713216483592987,0.6560104699673565,prediction_jsonl
radar_confidence_gated,254,train,buoy,fn,b3,,,prediction_jsonl
radar_confidence_gated,254,train,buoy,fn,b4,,,prediction_jsonl
radar_confidence_gated,254,train,buoy,fn,b5,,,prediction_jsonl
radar_confidence_gated,254,train,buoy,fn,b6,,,prediction_jsonl
radar_confidence_gated,254,train,buoy,fn,b7,,,prediction_jsonl
radar_confidence_gated,254,train,buoy,fn,b8,,,prediction_jsonl
radar_confidence_gated,255,train,boat,tp,boat,0.6360965371131897,0.706112707147392,prediction_jsonl
radar_confidence_gated,255,train,buoy,tp,b1,0.19130170345306396,0.6743576302884647,prediction_jsonl
radar_confidence_gated,255,train,buoy,fn,b3,,,prediction_jsonl
radar_confidence_gated,255,train,buoy,fn,b4,,,prediction_jsonl
radar_confidence_gated,255,train,buoy,fn,b5,,,prediction_jsonl
radar_confidence_gated,255,train,buoy,fn,b6,,,prediction_jsonl
radar_confidence_gated,255,train,buoy,fn,b7,,,prediction_jsonl
radar_confidence_gated,255,train,buoy,fn,b8,,,prediction_jsonl
radar_confidence_gated,256,train,boat,tp,boat,0.6561868190765381,0.6976362463107186,prediction_jsonl
radar_confidence_gated,256,train,buoy,tp,b1,0.18105287849903107,0.6560339607695156,prediction_jsonl
radar_confidence_gated,256,train,buoy,fn,b3,,,prediction_jsonl
radar_confidence_gated,256,train,buoy,fn,b4,,,prediction_jsonl
radar_confidence_gated,256,train,buoy,fn,b5,,,prediction_jsonl
radar_confidence_gated,256,train,buoy,fn,b6,,,prediction_jsonl
radar_confidence_gated,256,train,buoy,fn,b7,,,prediction_jsonl
radar_confidence_gated,256,train,buoy,fn,b8,,,prediction_jsonl
radar_confidence_gated,257,train,boat,tp,boat,0.6457296013832092,0.699437188913969,prediction_jsonl
radar_confidence_gated,257,train,buoy,tp,b1,0.19905410706996918,0.6350920703521841,prediction_jsonl
radar_confidence_gated,257,train,buoy,fn,b3,,,prediction_jsonl
radar_confidence_gated,257,train,buoy,fn,b4,,,prediction_jsonl
radar_confidence_gated,257,train,buoy,fn,b5,,,prediction_jsonl
radar_confidence_gated,257,train,buoy,fn,b6,,,prediction_jsonl
radar_confidence_gated,257,train,buoy,fn,b7,,,prediction_jsonl
radar_confidence_gated,257,train,buoy,fn,b8,,,prediction_jsonl
radar_confidence_gated,258,train,boat,tp,boat,0.6338492631912231,0.6957712278658073,prediction_jsonl
radar_confidence_gated,258,train,buoy,tp,b1,0.19543476402759552,0.629868348695924,prediction_jsonl
radar_confidence_gated,258,train,buoy,fn,b3,,,prediction_jsonl
radar_confidence_gated,258,train,buoy,fn,b4,,,prediction_jsonl
radar_confidence_gated,258,train,buoy,fn,b5,,,prediction_jsonl
radar_confidence_gated,258,train,buoy,fn,b6,,,prediction_jsonl
radar_confidence_gated,258,train,buoy,fn,b7,,,prediction_jsonl
radar_confidence_gated,258,train,buoy,fn,b8,,,prediction_jsonl
radar_confidence_gated,259,train,boat,tp,boat,0.6518465280532837,0.6913723430916829,prediction_jsonl
radar_confidence_gated,259,train,buoy,tp,b1,0.22961023449897766,0.6494252016639582,prediction_jsonl
radar_confidence_gated,259,train,buoy,fn,b3,,,prediction_jsonl
radar_confidence_gated,259,train,buoy,fn,b4,,,prediction_jsonl
radar_confidence_gated,259,train,buoy,fn,b5,,,prediction_jsonl
radar_confidence_gated,259,train,buoy,fn,b6,,,prediction_jsonl
radar_confidence_gated,259,train,buoy,fn,b7,,,prediction_jsonl
radar_confidence_gated,259,train,buoy,fn,b8,,,prediction_jsonl
radar_confidence_gated,260,train,boat,tp,boat,0.6579629778862,0.6978996378960717,prediction_jsonl
radar_confidence_gated,260,train,buoy,tp,b1,0.20957955718040466,0.6417218214627818,prediction_jsonl
radar_confidence_gated,260,train,buoy,fn,b3,,,prediction_jsonl
radar_confidence_gated,260,train,buoy,fn,b4,,,prediction_jsonl
radar_confidence_gated,260,train,buoy,fn,b5,,,prediction_jsonl
radar_confidence_gated,260,train,buoy,fn,b6,,,prediction_jsonl
radar_confidence_gated,260,train,buoy,fn,b7,,,prediction_jsonl
radar_confidence_gated,260,train,buoy,fn,b8,,,prediction_jsonl
radar_confidence_gated,261,train,boat,tp,boat,0.6449894309043884,0.6588363211435583,prediction_jsonl
radar_confidence_gated,261,train,buoy,tp,b1,0.21080535650253296,0.5804376217887778,prediction_jsonl
radar_confidence_gated,261,train,buoy,fn,b3,,,prediction_jsonl
radar_confidence_gated,261,train,buoy,fn,b4,,,prediction_jsonl
radar_confidence_gated,261,train,buoy,fn,b5,,,prediction_jsonl
radar_confidence_gated,261,train,buoy,fn,b6,,,prediction_jsonl
radar_confidence_gated,261,train,buoy,fn,b7,,,prediction_jsonl
radar_confidence_gated,261,train,buoy,fn,b8,,,prediction_jsonl
radar_confidence_gated,262,train,boat,tp,boat,0.6391928195953369,0.6831385929508776,prediction_jsonl
radar_confidence_gated,262,train,buoy,tp,b1,0.18892315030097961,0.6166674204623407,prediction_jsonl
radar_confidence_gated,262,train,buoy,fn,b3,,,prediction_jsonl
radar_confidence_gated,262,train,buoy,fn,b4,,,prediction_jsonl
radar_confidence_gated,262,train,buoy,fn,b5,,,prediction_jsonl
radar_confidence_gated,262,train,buoy,fn,b6,,,prediction_jsonl
radar_confidence_gated,262,train,buoy,fn,b7,,,prediction_jsonl
radar_confidence_gated,262,train,buoy,fn,b8,,,prediction_jsonl
radar_confidence_gated,263,train,boat,tp,boat,0.6507090330123901,0.6853177277805628,prediction_jsonl
radar_confidence_gated,263,train,buoy,tp,b1,0.20840181410312653,0.6345168179663031,prediction_jsonl
radar_confidence_gated,263,train,buoy,fn,b3,,,prediction_jsonl
radar_confidence_gated,263,train,buoy,fn,b4,,,prediction_jsonl
radar_confidence_gated,263,train,buoy,fn,b5,,,prediction_jsonl
radar_confidence_gated,263,train,buoy,fn,b6,,,prediction_jsonl
radar_confidence_gated,263,train,buoy,fn,b7,,,prediction_jsonl
radar_confidence_gated,263,train,buoy,fn,b8,,,prediction_jsonl
radar_confidence_gated,264,train,boat,tp,boat,0.6638590693473816,0.6902372473597314,prediction_jsonl
radar_confidence_gated,264,train,buoy,tp,b1,0.22672393918037415,0.6270886239717063,prediction_jsonl
radar_confidence_gated,264,train,buoy,fn,b3,,,prediction_jsonl
radar_confidence_gated,264,train,buoy,fn,b4,,,prediction_jsonl
radar_confidence_gated,264,train,buoy,fn,b5,,,prediction_jsonl
radar_confidence_gated,264,train,buoy,fn,b6,,,prediction_jsonl
radar_confidence_gated,264,train,buoy,fn,b7,,,prediction_jsonl
radar_confidence_gated,264,train,buoy,fn,b8,,,prediction_jsonl
radar_confidence_gated,265,train,boat,tp,boat,0.6594076156616211,0.7126756386706048,prediction_jsonl
radar_confidence_gated,265,train,buoy,tp,b1,0.21299567818641663,0.6110183011468595,prediction_jsonl
radar_confidence_gated,265,train,buoy,fn,b3,,,prediction_jsonl
radar_confidence_gated,265,train,buoy,fn,b4,,,prediction_jsonl
radar_confidence_gated,265,train,buoy,fn,b5,,,prediction_jsonl
radar_confidence_gated,265,train,buoy,fn,b6,,,prediction_jsonl
radar_confidence_gated,265,train,buoy,fn,b7,,,prediction_jsonl
radar_confidence_gated,265,train,buoy,fn,b8,,,prediction_jsonl
radar_confidence_gated,266,train,boat,tp,boat,0.6603055000305176,0.7197717838608356,prediction_jsonl
radar_confidence_gated,266,train,buoy,tp,b1,0.19038227200508118,0.6125912632572165,prediction_jsonl
radar_confidence_gated,266,train,buoy,fn,b3,,,prediction_jsonl
radar_confidence_gated,266,train,buoy,fn,b4,,,prediction_jsonl
radar_confidence_gated,266,train,buoy,fn,b5,,,prediction_jsonl
radar_confidence_gated,266,train,buoy,fn,b6,,,prediction_jsonl
radar_confidence_gated,266,train,buoy,fn,b7,,,prediction_jsonl
radar_confidence_gated,266,train,buoy,fn,b8,,,prediction_jsonl
radar_confidence_gated,267,train,boat,tp,boat,0.65097576379776,0.7222422639066463,prediction_jsonl
radar_confidence_gated,267,train,buoy,tp,b1,0.17963692545890808,0.6243563598264307,prediction_jsonl
radar_confidence_gated,267,train,buoy,fn,b3,,,prediction_jsonl
radar_confidence_gated,267,train,buoy,fn,b4,,,prediction_jsonl
radar_confidence_gated,267,train,buoy,fn,b5,,,prediction_jsonl
radar_confidence_gated,267,train,buoy,fn,b6,,,prediction_jsonl
radar_confidence_gated,267,train,buoy,fn,b7,,,prediction_jsonl
radar_confidence_gated,267,train,buoy,fn,b8,,,prediction_jsonl
radar_confidence_gated,268,train,boat,tp,boat,0.6601384878158569,0.702565372240645,prediction_jsonl
radar_confidence_gated,268,train,buoy,tp,b1,0.2222239375114441,0.5977660689359603,prediction_jsonl
radar_confidence_gated,268,train,buoy,fn,b3,,,prediction_jsonl
radar_confidence_gated,268,train,buoy,fn,b4,,,prediction_jsonl
radar_confidence_gated,268,train,buoy,fn,b5,,,prediction_jsonl
radar_confidence_gated,268,train,buoy,fn,b6,,,prediction_jsonl
radar_confidence_gated,268,train,buoy,fn,b7,,,prediction_jsonl
radar_confidence_gated,268,train,buoy,fn,b8,,,prediction_jsonl
radar_confidence_gated,269,train,boat,tp,boat,0.6511326432228088,0.6805957722536286,prediction_jsonl
radar_confidence_gated,269,train,buoy,fn,b1,,,prediction_jsonl
radar_confidence_gated,269,train,buoy,fn,b3,,,prediction_jsonl
radar_confidence_gated,269,train,buoy,fn,b4,,,prediction_jsonl
radar_confidence_gated,269,train,buoy,fn,b5,,,prediction_jsonl
radar_confidence_gated,269,train,buoy,fn,b6,,,prediction_jsonl
radar_confidence_gated,269,train,buoy,fn,b7,,,prediction_jsonl
radar_confidence_gated,269,train,buoy,fn,b8,,,prediction_jsonl
radar_confidence_gated,270,train,boat,tp,boat,0.6537080407142639,0.6660460104459095,prediction_jsonl
radar_confidence_gated,270,train,buoy,tp,b1,0.19580864906311035,0.6057638439056052,prediction_jsonl
radar_confidence_gated,270,train,buoy,fn,b3,,,prediction_jsonl
radar_confidence_gated,270,train,buoy,fn,b4,,,prediction_jsonl
radar_confidence_gated,270,train,buoy,fn,b5,,,prediction_jsonl
radar_confidence_gated,270,train,buoy,fn,b6,,,prediction_jsonl
radar_confidence_gated,270,train,buoy,fn,b7,,,prediction_jsonl
radar_confidence_gated,270,train,buoy,fn,b8,,,prediction_jsonl
radar_confidence_gated,271,train,boat,tp,boat,0.6607342958450317,0.6823502778161444,prediction_jsonl
radar_confidence_gated,271,train,buoy,tp,b1,0.2314184010028839,0.6207725433635979,prediction_jsonl
radar_confidence_gated,271,train,buoy,fn,b3,,,prediction_jsonl
radar_confidence_gated,271,train,buoy,fn,b4,,,prediction_jsonl
radar_confidence_gated,271,train,buoy,fn,b5,,,prediction_jsonl
radar_confidence_gated,271,train,buoy,fn,b6,,,prediction_jsonl
radar_confidence_gated,271,train,buoy,fn,b7,,,prediction_jsonl
radar_confidence_gated,271,train,buoy,fn,b8,,,prediction_jsonl
radar_confidence_gated,272,train,boat,tp,boat,0.6510207056999207,0.6793325741556033,prediction_jsonl
radar_confidence_gated,272,train,buoy,tp,b1,0.19244703650474548,0.6271111235919117,prediction_jsonl
radar_confidence_gated,272,train,buoy,fn,b3,,,prediction_jsonl
radar_confidence_gated,272,train,buoy,fn,b4,,,prediction_jsonl
radar_confidence_gated,272,train,buoy,fn,b5,,,prediction_jsonl
radar_confidence_gated,272,train,buoy,fn,b6,,,prediction_jsonl
radar_confidence_gated,272,train,buoy,fn,b7,,,prediction_jsonl
radar_confidence_gated,272,train,buoy,fn,b8,,,prediction_jsonl
radar_confidence_gated,273,train,boat,tp,boat,0.651292622089386,0.6918612390078402,prediction_jsonl
radar_confidence_gated,273,train,buoy,tp,b1,0.18843534588813782,0.6303071393215438,prediction_jsonl
radar_confidence_gated,273,train,buoy,fn,b3,,,prediction_jsonl
radar_confidence_gated,273,train,buoy,fn,b4,,,prediction_jsonl
radar_confidence_gated,273,train,buoy,fn,b5,,,prediction_jsonl
radar_confidence_gated,273,train,buoy,fn,b6,,,prediction_jsonl
radar_confidence_gated,273,train,buoy,fn,b7,,,prediction_jsonl
radar_confidence_gated,273,train,buoy,fn,b8,,,prediction_jsonl
radar_confidence_gated,274,train,boat,tp,boat,0.6506136059761047,0.7025114111644563,prediction_jsonl
radar_confidence_gated,274,train,buoy,tp,b1,0.1781252920627594,0.6275759375441387,prediction_jsonl
radar_confidence_gated,274,train,buoy,fn,b3,,,prediction_jsonl
radar_confidence_gated,274,train,buoy,fn,b4,,,prediction_jsonl
radar_confidence_gated,274,train,buoy,fn,b5,,,prediction_jsonl
radar_confidence_gated,274,train,buoy,fn,b6,,,prediction_jsonl
radar_confidence_gated,274,train,buoy,fn,b7,,,prediction_jsonl
radar_confidence_gated,274,train,buoy,fn,b8,,,prediction_jsonl
radar_confidence_gated,275,train,boat,tp,boat,0.6550595164299011,0.6617035080843812,prediction_jsonl
radar_confidence_gated,275,train,buoy,tp,b1,0.21657226979732513,0.6613865226167298,prediction_jsonl
radar_confidence_gated,275,train,buoy,fn,b3,,,prediction_jsonl
radar_confidence_gated,275,train,buoy,fn,b4,,,prediction_jsonl
radar_confidence_gated,275,train,buoy,fn,b5,,,prediction_jsonl
radar_confidence_gated,275,train,buoy,fn,b6,,,prediction_jsonl
radar_confidence_gated,275,train,buoy,fn,b7,,,prediction_jsonl
radar_confidence_gated,275,train,buoy,fn,b8,,,prediction_jsonl
radar_confidence_gated,276,train,boat,tp,boat,0.653781533241272,0.6769955209924948,prediction_jsonl
radar_confidence_gated,276,train,buoy,tp,b1,0.22499436140060425,0.6835380940068342,prediction_jsonl
radar_confidence_gated,276,train,buoy,fn,b3,,,prediction_jsonl
radar_confidence_gated,276,train,buoy,fn,b4,,,prediction_jsonl
radar_confidence_gated,276,train,buoy,fn,b5,,,prediction_jsonl
radar_confidence_gated,276,train,buoy,fn,b6,,,prediction_jsonl
radar_confidence_gated,276,train,buoy,fn,b7,,,prediction_jsonl
radar_confidence_gated,276,train,buoy,fn,b8,,,prediction_jsonl
radar_confidence_gated,277,train,boat,tp,boat,0.6609758734703064,0.67178489786787,prediction_jsonl
radar_confidence_gated,277,train,buoy,tp,b1,0.20955713093280792,0.671365075793797,prediction_jsonl
radar_confidence_gated,277,train,buoy,fn,b3,,,prediction_jsonl
radar_confidence_gated,277,train,buoy,fn,b4,,,prediction_jsonl
radar_confidence_gated,277,train,buoy,fn,b5,,,prediction_jsonl
radar_confidence_gated,277,train,buoy,fn,b6,,,prediction_jsonl
radar_confidence_gated,277,train,buoy,fn,b7,,,prediction_jsonl
radar_confidence_gated,277,train,buoy,fn,b8,,,prediction_jsonl
radar_confidence_gated,278,train,boat,tp,boat,0.6323003768920898,0.6914931232905906,prediction_jsonl
radar_confidence_gated,278,train,buoy,tp,b1,0.21074290573596954,0.6295580978580777,prediction_jsonl
radar_confidence_gated,278,train,buoy,fn,b3,,,prediction_jsonl
radar_confidence_gated,278,train,buoy,fn,b4,,,prediction_jsonl
radar_confidence_gated,278,train,buoy,fn,b5,,,prediction_jsonl
radar_confidence_gated,278,train,buoy,fn,b6,,,prediction_jsonl
radar_confidence_gated,278,train,buoy,fn,b7,,,prediction_jsonl
radar_confidence_gated,278,train,buoy,fn,b8,,,prediction_jsonl
radar_confidence_gated,279,train,boat,tp,boat,0.6376510262489319,0.7128672459648122,prediction_jsonl
radar_confidence_gated,279,train,buoy,tp,b1,0.21457603573799133,0.6401965587241322,prediction_jsonl
radar_confidence_gated,279,train,buoy,fn,b3,,,prediction_jsonl
radar_confidence_gated,279,train,buoy,fn,b4,,,prediction_jsonl
radar_confidence_gated,279,train,buoy,fn,b5,,,prediction_jsonl
radar_confidence_gated,279,train,buoy,fn,b6,,,prediction_jsonl
radar_confidence_gated,279,train,buoy,fn,b7,,,prediction_jsonl
radar_confidence_gated,279,train,buoy,fn,b8,,,prediction_jsonl
radar_confidence_gated,280,train,boat,tp,boat,0.6451545357704163,0.7193050490178182,prediction_jsonl
radar_confidence_gated,280,train,buoy,tp,b1,0.2181202620267868,0.6415098794657295,prediction_jsonl
radar_confidence_gated,280,train,buoy,fn,b3,,,prediction_jsonl
radar_confidence_gated,280,train,buoy,fn,b4,,,prediction_jsonl
radar_confidence_gated,280,train,buoy,fn,b5,,,prediction_jsonl
radar_confidence_gated,280,train,buoy,fn,b6,,,prediction_jsonl
radar_confidence_gated,280,train,buoy,fn,b7,,,prediction_jsonl
radar_confidence_gated,280,train,buoy,fn,b8,,,prediction_jsonl
radar_confidence_gated,281,train,boat,tp,boat,0.6529096364974976,0.7088737936553019,prediction_jsonl
radar_confidence_gated,281,train,buoy,tp,b1,0.22980891168117523,0.6013992574752045,prediction_jsonl
radar_confidence_gated,281,train,buoy,fn,b3,,,prediction_jsonl
radar_confidence_gated,281,train,buoy,fn,b4,,,prediction_jsonl
radar_confidence_gated,281,train,buoy,fn,b5,,,prediction_jsonl
radar_confidence_gated,281,train,buoy,fn,b6,,,prediction_jsonl
radar_confidence_gated,281,train,buoy,fn,b7,,,prediction_jsonl
radar_confidence_gated,281,train,buoy,fn,b8,,,prediction_jsonl
radar_confidence_gated,282,train,boat,tp,boat,0.6409177184104919,0.6944963405668814,prediction_jsonl
radar_confidence_gated,282,train,buoy,tp,b1,0.22119084000587463,0.6199908488168161,prediction_jsonl
radar_confidence_gated,282,train,buoy,fn,b3,,,prediction_jsonl
radar_confidence_gated,282,train,buoy,fn,b4,,,prediction_jsonl
radar_confidence_gated,282,train,buoy,fn,b5,,,prediction_jsonl
radar_confidence_gated,282,train,buoy,fn,b6,,,prediction_jsonl
radar_confidence_gated,282,train,buoy,fn,b7,,,prediction_jsonl
radar_confidence_gated,282,train,buoy,fn,b8,,,prediction_jsonl
radar_confidence_gated,283,train,boat,tp,boat,0.6407590508460999,0.7196202564182399,prediction_jsonl
radar_confidence_gated,283,train,buoy,tp,b1,0.22468088567256927,0.6185426342997077,prediction_jsonl
radar_confidence_gated,283,train,buoy,fn,b3,,,prediction_jsonl
radar_confidence_gated,283,train,buoy,fn,b4,,,prediction_jsonl
radar_confidence_gated,283,train,buoy,fn,b5,,,prediction_jsonl
radar_confidence_gated,283,train,buoy,fn,b6,,,prediction_jsonl
radar_confidence_gated,283,train,buoy,fn,b7,,,prediction_jsonl
radar_confidence_gated,283,train,buoy,fn,b8,,,prediction_jsonl
radar_confidence_gated,284,train,boat,tp,boat,0.654283344745636,0.7030600086383878,prediction_jsonl
radar_confidence_gated,284,train,buoy,tp,b1,0.23510171473026276,0.6392937100129146,prediction_jsonl
radar_confidence_gated,284,train,buoy,fn,b3,,,prediction_jsonl
radar_confidence_gated,284,train,buoy,fn,b4,,,prediction_jsonl
radar_confidence_gated,284,train,buoy,fn,b5,,,prediction_jsonl
radar_confidence_gated,284,train,buoy,fn,b6,,,prediction_jsonl
radar_confidence_gated,284,train,buoy,fn,b7,,,prediction_jsonl
radar_confidence_gated,284,train,buoy,fn,b8,,,prediction_jsonl
radar_confidence_gated,285,train,boat,tp,boat,0.6428923606872559,0.6841276278009876,prediction_jsonl
radar_confidence_gated,285,train,buoy,tp,b1,0.238608255982399,0.6432305063167983,prediction_jsonl
radar_confidence_gated,285,train,buoy,fn,b3,,,prediction_jsonl
radar_confidence_gated,285,train,buoy,fn,b4,,,prediction_jsonl
radar_confidence_gated,285,train,buoy,fn,b5,,,prediction_jsonl
radar_confidence_gated,285,train,buoy,fn,b6,,,prediction_jsonl
radar_confidence_gated,285,train,buoy,fn,b7,,,prediction_jsonl
radar_confidence_gated,285,train,buoy,fn,b8,,,prediction_jsonl
radar_confidence_gated,286,train,boat,tp,boat,0.6429428458213806,0.6690488442354546,prediction_jsonl
radar_confidence_gated,286,train,buoy,tp,b1,0.2332947999238968,0.6395309803975948,prediction_jsonl
radar_confidence_gated,286,train,buoy,fn,b3,,,prediction_jsonl
radar_confidence_gated,286,train,buoy,fn,b4,,,prediction_jsonl
radar_confidence_gated,286,train,buoy,fn,b5,,,prediction_jsonl
radar_confidence_gated,286,train,buoy,fn,b6,,,prediction_jsonl
radar_confidence_gated,286,train,buoy,fn,b7,,,prediction_jsonl
radar_confidence_gated,286,train,buoy,fn,b8,,,prediction_jsonl
radar_confidence_gated,287,train,boat,tp,boat,0.6627178192138672,0.681913653600951,prediction_jsonl
radar_confidence_gated,287,train,buoy,tp,b1,0.2508224546909332,0.6343944676443065,prediction_jsonl
radar_confidence_gated,287,train,buoy,fn,b3,,,prediction_jsonl
radar_confidence_gated,287,train,buoy,fn,b4,,,prediction_jsonl
radar_confidence_gated,287,train,buoy,fn,b5,,,prediction_jsonl
radar_confidence_gated,287,train,buoy,fn,b6,,,prediction_jsonl
radar_confidence_gated,287,train,buoy,fn,b7,,,prediction_jsonl
radar_confidence_gated,287,train,buoy,fn,b8,,,prediction_jsonl
radar_confidence_gated,288,train,boat,tp,boat,0.6458981037139893,0.6811617320298519,prediction_jsonl
radar_confidence_gated,288,train,buoy,tp,b1,0.23002104461193085,0.6391592457224278,prediction_jsonl
radar_confidence_gated,288,train,buoy,fn,b3,,,prediction_jsonl
radar_confidence_gated,288,train,buoy,fn,b4,,,prediction_jsonl
radar_confidence_gated,288,train,buoy,fn,b5,,,prediction_jsonl
radar_confidence_gated,288,train,buoy,fn,b6,,,prediction_jsonl
radar_confidence_gated,288,train,buoy,fn,b7,,,prediction_jsonl
radar_confidence_gated,288,train,buoy,fn,b8,,,prediction_jsonl
radar_confidence_gated,289,train,boat,tp,boat,0.6665074229240417,0.6715465162757344,prediction_jsonl
radar_confidence_gated,289,train,buoy,tp,b1,0.24702240526676178,0.6204564244355855,prediction_jsonl
radar_confidence_gated,289,train,buoy,fn,b3,,,prediction_jsonl
radar_confidence_gated,289,train,buoy,fn,b4,,,prediction_jsonl
radar_confidence_gated,289,train,buoy,fn,b5,,,prediction_jsonl
radar_confidence_gated,289,train,buoy,fn,b6,,,prediction_jsonl
radar_confidence_gated,289,train,buoy,fn,b7,,,prediction_jsonl
radar_confidence_gated,289,train,buoy,fn,b8,,,prediction_jsonl
radar_confidence_gated,290,train,boat,tp,boat,0.6367884278297424,0.6983576802001237,prediction_jsonl
radar_confidence_gated,290,train,buoy,tp,b1,0.20727978646755219,0.6492725923155825,prediction_jsonl
radar_confidence_gated,290,train,buoy,fn,b3,,,prediction_jsonl
radar_confidence_gated,290,train,buoy,fn,b4,,,prediction_jsonl
radar_confidence_gated,290,train,buoy,fn,b5,,,prediction_jsonl
radar_confidence_gated,290,train,buoy,fn,b6,,,prediction_jsonl
radar_confidence_gated,290,train,buoy,fn,b7,,,prediction_jsonl
radar_confidence_gated,290,train,buoy,fn,b8,,,prediction_jsonl
radar_confidence_gated,291,train,boat,tp,boat,0.6525434851646423,0.6913350122575088,prediction_jsonl
radar_confidence_gated,291,train,buoy,tp,b1,0.18793384730815887,0.6533675198733926,prediction_jsonl
radar_confidence_gated,291,train,buoy,fn,b3,,,prediction_jsonl
radar_confidence_gated,291,train,buoy,fn,b4,,,prediction_jsonl
radar_confidence_gated,291,train,buoy,fn,b5,,,prediction_jsonl
radar_confidence_gated,291,train,buoy,fn,b6,,,prediction_jsonl
radar_confidence_gated,291,train,buoy,fn,b7,,,prediction_jsonl
radar_confidence_gated,291,train,buoy,fn,b8,,,prediction_jsonl
radar_confidence_gated,292,train,boat,tp,boat,0.6592328548431396,0.6848677770286451,prediction_jsonl
radar_confidence_gated,292,train,buoy,tp,b1,0.20594654977321625,0.6599396181293765,prediction_jsonl
radar_confidence_gated,292,train,buoy,fn,b3,,,prediction_jsonl
radar_confidence_gated,292,train,buoy,fn,b4,,,prediction_jsonl
radar_confidence_gated,292,train,buoy,fn,b5,,,prediction_jsonl
radar_confidence_gated,292,train,buoy,fn,b6,,,prediction_jsonl
radar_confidence_gated,292,train,buoy,fn,b7,,,prediction_jsonl
radar_confidence_gated,292,train,buoy,fn,b8,,,prediction_jsonl
radar_confidence_gated,293,train,boat,tp,boat,0.6452857255935669,0.7129068634666929,prediction_jsonl
radar_confidence_gated,293,train,buoy,tp,b1,0.20222622156143188,0.6098181288288844,prediction_jsonl
radar_confidence_gated,293,train,buoy,fn,b3,,,prediction_jsonl
radar_confidence_gated,293,train,buoy,fn,b4,,,prediction_jsonl
radar_confidence_gated,293,train,buoy,fn,b5,,,prediction_jsonl
radar_confidence_gated,293,train,buoy,fn,b6,,,prediction_jsonl
radar_confidence_gated,293,train,buoy,fn,b7,,,prediction_jsonl
radar_confidence_gated,293,train,buoy,fn,b8,,,prediction_jsonl
radar_confidence_gated,294,train,boat,tp,boat,0.6521766781806946,0.7057541842849777,prediction_jsonl
radar_confidence_gated,294,train,buoy,tp,b1,0.20080766081809998,0.6600846003717873,prediction_jsonl
radar_confidence_gated,294,train,buoy,fn,b3,,,prediction_jsonl
radar_confidence_gated,294,train,buoy,fn,b4,,,prediction_jsonl
radar_confidence_gated,294,train,buoy,fn,b5,,,prediction_jsonl
radar_confidence_gated,294,train,buoy,fn,b6,,,prediction_jsonl
radar_confidence_gated,294,train,buoy,fn,b7,,,prediction_jsonl
radar_confidence_gated,294,train,buoy,fn,b8,,,prediction_jsonl
radar_confidence_gated,295,train,boat,tp,boat,0.6404772400856018,0.7124765969855898,prediction_jsonl
radar_confidence_gated,295,train,buoy,tp,b1,0.19778475165367126,0.651932525324617,prediction_jsonl
radar_confidence_gated,295,train,buoy,fn,b3,,,prediction_jsonl
radar_confidence_gated,295,train,buoy,fn,b4,,,prediction_jsonl
radar_confidence_gated,295,train,buoy,fn,b5,,,prediction_jsonl
radar_confidence_gated,295,train,buoy,fn,b6,,,prediction_jsonl
radar_confidence_gated,295,train,buoy,fn,b7,,,prediction_jsonl
radar_confidence_gated,295,train,buoy,fn,b8,,,prediction_jsonl
radar_confidence_gated,296,train,boat,tp,boat,0.6436423659324646,0.7207304899994018,prediction_jsonl
radar_confidence_gated,296,train,buoy,tp,b1,0.20035627484321594,0.6547591170927363,prediction_jsonl
radar_confidence_gated,296,train,buoy,fn,b3,,,prediction_jsonl
radar_confidence_gated,296,train,buoy,fn,b4,,,prediction_jsonl
radar_confidence_gated,296,train,buoy,fn,b5,,,prediction_jsonl
radar_confidence_gated,296,train,buoy,fn,b6,,,prediction_jsonl
radar_confidence_gated,296,train,buoy,fn,b7,,,prediction_jsonl
radar_confidence_gated,296,train,buoy,fn,b8,,,prediction_jsonl
radar_confidence_gated,297,train,boat,tp,boat,0.6492447257041931,0.6916678374150811,prediction_jsonl
radar_confidence_gated,297,train,buoy,tp,b1,0.20511363446712494,0.6887500575899266,prediction_jsonl
radar_confidence_gated,297,train,buoy,fn,b3,,,prediction_jsonl
radar_confidence_gated,297,train,buoy,fn,b4,,,prediction_jsonl
radar_confidence_gated,297,train,buoy,fn,b5,,,prediction_jsonl
radar_confidence_gated,297,train,buoy,fn,b6,,,prediction_jsonl
radar_confidence_gated,297,train,buoy,fn,b7,,,prediction_jsonl
radar_confidence_gated,297,train,buoy,fn,b8,,,prediction_jsonl
radar_confidence_gated,298,train,boat,tp,boat,0.6345143914222717,0.6681957766205082,prediction_jsonl
radar_confidence_gated,298,train,buoy,tp,b1,0.18315474689006805,0.6728900688617122,prediction_jsonl
radar_confidence_gated,298,train,buoy,fn,b3,,,prediction_jsonl
radar_confidence_gated,298,train,buoy,fn,b4,,,prediction_jsonl
radar_confidence_gated,298,train,buoy,fn,b5,,,prediction_jsonl
radar_confidence_gated,298,train,buoy,fn,b6,,,prediction_jsonl
radar_confidence_gated,298,train,buoy,fn,b7,,,prediction_jsonl
radar_confidence_gated,298,train,buoy,fn,b8,,,prediction_jsonl
radar_confidence_gated,299,train,boat,tp,boat,0.6443741321563721,0.6917288033427488,prediction_jsonl
radar_confidence_gated,299,train,buoy,tp,b1,0.1863926649093628,0.6567030403844006,prediction_jsonl
radar_confidence_gated,299,train,buoy,fn,b3,,,prediction_jsonl
radar_confidence_gated,299,train,buoy,fn,b4,,,prediction_jsonl
radar_confidence_gated,299,train,buoy,fn,b5,,,prediction_jsonl
radar_confidence_gated,299,train,buoy,fn,b6,,,prediction_jsonl
radar_confidence_gated,299,train,buoy,fn,b7,,,prediction_jsonl
radar_confidence_gated,299,train,buoy,fn,b8,,,prediction_jsonl
radar_confidence_gated,300,train,boat,tp,boat,0.6407307386398315,0.707458050602048,prediction_jsonl
radar_confidence_gated,300,train,buoy,tp,b1,0.22611792385578156,0.6344072057098756,prediction_jsonl
radar_confidence_gated,300,train,buoy,fn,b3,,,prediction_jsonl
radar_confidence_gated,300,train,buoy,fn,b4,,,prediction_jsonl
radar_confidence_gated,300,train,buoy,fn,b5,,,prediction_jsonl
radar_confidence_gated,300,train,buoy,fn,b6,,,prediction_jsonl
radar_confidence_gated,300,train,buoy,fn,b7,,,prediction_jsonl
radar_confidence_gated,300,train,buoy,fn,b8,,,prediction_jsonl
radar_confidence_gated,301,train,boat,tp,boat,0.6463165879249573,0.7145636625507839,prediction_jsonl
radar_confidence_gated,301,train,buoy,tp,b1,0.21464402973651886,0.6344506368580677,prediction_jsonl
radar_confidence_gated,301,train,buoy,fn,b3,,,prediction_jsonl
radar_confidence_gated,301,train,buoy,fn,b4,,,prediction_jsonl
radar_confidence_gated,301,train,buoy,fn,b5,,,prediction_jsonl
radar_confidence_gated,301,train,buoy,fn,b6,,,prediction_jsonl
radar_confidence_gated,301,train,buoy,fn,b7,,,prediction_jsonl
radar_confidence_gated,301,train,buoy,fn,b8,,,prediction_jsonl
radar_confidence_gated,302,train,boat,tp,boat,0.6394267678260803,0.6885148274193647,prediction_jsonl
radar_confidence_gated,302,train,buoy,tp,b1,0.2138833999633789,0.6328638005150643,prediction_jsonl
radar_confidence_gated,302,train,buoy,fn,b3,,,prediction_jsonl
radar_confidence_gated,302,train,buoy,fn,b4,,,prediction_jsonl
radar_confidence_gated,302,train,buoy,fn,b5,,,prediction_jsonl
radar_confidence_gated,302,train,buoy,fn,b6,,,prediction_jsonl
radar_confidence_gated,302,train,buoy,fn,b7,,,prediction_jsonl
radar_confidence_gated,302,train,buoy,fn,b8,,,prediction_jsonl
radar_confidence_gated,303,train,boat,tp,boat,0.6411426663398743,0.6804543582321468,prediction_jsonl
radar_confidence_gated,303,train,buoy,tp,b1,0.2515900433063507,0.635514249406235,prediction_jsonl
radar_confidence_gated,303,train,buoy,fn,b3,,,prediction_jsonl
radar_confidence_gated,303,train,buoy,fn,b4,,,prediction_jsonl
radar_confidence_gated,303,train,buoy,fn,b5,,,prediction_jsonl
radar_confidence_gated,303,train,buoy,fn,b6,,,prediction_jsonl
radar_confidence_gated,303,train,buoy,fn,b7,,,prediction_jsonl
radar_confidence_gated,303,train,buoy,fn,b8,,,prediction_jsonl
radar_confidence_gated,304,train,boat,tp,boat,0.6304826140403748,0.6744223971821487,prediction_jsonl
radar_confidence_gated,304,train,buoy,tp,b1,0.2227320373058319,0.6071796307121902,prediction_jsonl
radar_confidence_gated,304,train,buoy,fn,b3,,,prediction_jsonl
radar_confidence_gated,304,train,buoy,fn,b4,,,prediction_jsonl
radar_confidence_gated,304,train,buoy,fn,b5,,,prediction_jsonl
radar_confidence_gated,304,train,buoy,fn,b6,,,prediction_jsonl
radar_confidence_gated,304,train,buoy,fn,b7,,,prediction_jsonl
radar_confidence_gated,304,train,buoy,fn,b8,,,prediction_jsonl
radar_confidence_gated,305,train,boat,tp,boat,0.6423788070678711,0.7043496400171311,prediction_jsonl
radar_confidence_gated,305,train,buoy,tp,b1,0.24081866443157196,0.641738979548102,prediction_jsonl
radar_confidence_gated,305,train,buoy,fn,b3,,,prediction_jsonl
radar_confidence_gated,305,train,buoy,fn,b4,,,prediction_jsonl
radar_confidence_gated,305,train,buoy,fn,b5,,,prediction_jsonl
radar_confidence_gated,305,train,buoy,fn,b6,,,prediction_jsonl
radar_confidence_gated,305,train,buoy,fn,b7,,,prediction_jsonl
radar_confidence_gated,305,train,buoy,fn,b8,,,prediction_jsonl
radar_confidence_gated,306,train,boat,tp,boat,0.6412985324859619,0.7171833825286793,prediction_jsonl
radar_confidence_gated,306,train,buoy,tp,b1,0.21389645338058472,0.6311274991918221,prediction_jsonl
radar_confidence_gated,306,train,buoy,fn,b3,,,prediction_jsonl
radar_confidence_gated,306,train,buoy,fn,b4,,,prediction_jsonl
radar_confidence_gated,306,train,buoy,fn,b5,,,prediction_jsonl
radar_confidence_gated,306,train,buoy,fn,b6,,,prediction_jsonl
radar_confidence_gated,306,train,buoy,fn,b7,,,prediction_jsonl
radar_confidence_gated,306,train,buoy,fn,b8,,,prediction_jsonl
radar_confidence_gated,307,train,boat,tp,boat,0.6412632465362549,0.7270806797621622,prediction_jsonl
radar_confidence_gated,307,train,buoy,tp,b1,0.19048823416233063,0.6173116232113699,prediction_jsonl
radar_confidence_gated,307,train,buoy,fn,b3,,,prediction_jsonl
radar_confidence_gated,307,train,buoy,fn,b4,,,prediction_jsonl
radar_confidence_gated,307,train,buoy,fn,b5,,,prediction_jsonl
radar_confidence_gated,307,train,buoy,fn,b6,,,prediction_jsonl
radar_confidence_gated,307,train,buoy,fn,b7,,,prediction_jsonl
radar_confidence_gated,307,train,buoy,fn,b8,,,prediction_jsonl
radar_confidence_gated,308,train,boat,tp,boat,0.6470840573310852,0.7292501057539005,prediction_jsonl
radar_confidence_gated,308,train,buoy,tp,b1,0.2196117341518402,0.6242860506258062,prediction_jsonl
radar_confidence_gated,308,train,buoy,fn,b3,,,prediction_jsonl
radar_confidence_gated,308,train,buoy,fn,b4,,,prediction_jsonl
radar_confidence_gated,308,train,buoy,fn,b5,,,prediction_jsonl
radar_confidence_gated,308,train,buoy,fn,b6,,,prediction_jsonl
radar_confidence_gated,308,train,buoy,fn,b7,,,prediction_jsonl
radar_confidence_gated,308,train,buoy,fn,b8,,,prediction_jsonl
radar_confidence_gated,309,train,boat,tp,boat,0.650671124458313,0.7060571275824815,prediction_jsonl
radar_confidence_gated,309,train,buoy,tp,b1,0.20785564184188843,0.6321153371610663,prediction_jsonl
radar_confidence_gated,309,train,buoy,fn,b3,,,prediction_jsonl
radar_confidence_gated,309,train,buoy,fn,b4,,,prediction_jsonl
radar_confidence_gated,309,train,buoy,fn,b5,,,prediction_jsonl
radar_confidence_gated,309,train,buoy,fn,b6,,,prediction_jsonl
radar_confidence_gated,309,train,buoy,fn,b7,,,prediction_jsonl
radar_confidence_gated,309,train,buoy,fn,b8,,,prediction_jsonl
radar_confidence_gated,310,train,boat,tp,boat,0.6397615075111389,0.7089119297100457,prediction_jsonl
radar_confidence_gated,310,train,buoy,tp,b1,0.20684975385665894,0.6457118988180782,prediction_jsonl
radar_confidence_gated,310,train,buoy,fn,b3,,,prediction_jsonl
radar_confidence_gated,310,train,buoy,fn,b4,,,prediction_jsonl
radar_confidence_gated,310,train,buoy,fn,b5,,,prediction_jsonl
radar_confidence_gated,310,train,buoy,fn,b6,,,prediction_jsonl
radar_confidence_gated,310,train,buoy,fn,b7,,,prediction_jsonl
radar_confidence_gated,310,train,buoy,fn,b8,,,prediction_jsonl
radar_confidence_gated,311,train,boat,tp,boat,0.6414651870727539,0.6813016568974162,prediction_jsonl
radar_confidence_gated,311,train,buoy,tp,b1,0.22039347887039185,0.6237674950988122,prediction_jsonl
radar_confidence_gated,311,train,buoy,fn,b3,,,prediction_jsonl
radar_confidence_gated,311,train,buoy,fn,b4,,,prediction_jsonl
radar_confidence_gated,311,train,buoy,fn,b5,,,prediction_jsonl
radar_confidence_gated,311,train,buoy,fn,b6,,,prediction_jsonl
radar_confidence_gated,311,train,buoy,fn,b7,,,prediction_jsonl
radar_confidence_gated,311,train,buoy,fn,b8,,,prediction_jsonl
radar_confidence_gated,312,train,boat,tp,boat,0.6369946599006653,0.6770371252730786,prediction_jsonl
radar_confidence_gated,312,train,buoy,tp,b1,0.18968909978866577,0.6316606982838661,prediction_jsonl
radar_confidence_gated,312,train,buoy,fn,b3,,,prediction_jsonl
radar_confidence_gated,312,train,buoy,fn,b4,,,prediction_jsonl
radar_confidence_gated,312,train,buoy,fn,b5,,,prediction_jsonl
radar_confidence_gated,312,train,buoy,fn,b6,,,prediction_jsonl
radar_confidence_gated,312,train,buoy,fn,b7,,,prediction_jsonl
radar_confidence_gated,312,train,buoy,fn,b8,,,prediction_jsonl
radar_confidence_gated,313,train,boat,tp,boat,0.6456933617591858,0.6781040486080834,prediction_jsonl
radar_confidence_gated,313,train,buoy,tp,b1,0.20068201422691345,0.6459627765146945,prediction_jsonl
radar_confidence_gated,313,train,buoy,fn,b3,,,prediction_jsonl
radar_confidence_gated,313,train,buoy,fn,b4,,,prediction_jsonl
radar_confidence_gated,313,train,buoy,fn,b5,,,prediction_jsonl
radar_confidence_gated,313,train,buoy,fn,b6,,,prediction_jsonl
radar_confidence_gated,313,train,buoy,fn,b7,,,prediction_jsonl
radar_confidence_gated,313,train,buoy,fn,b8,,,prediction_jsonl
radar_confidence_gated,314,train,boat,tp,boat,0.6515493392944336,0.6727271578009437,prediction_jsonl
radar_confidence_gated,314,train,buoy,tp,b1,0.1937415450811386,0.6645948431554272,prediction_jsonl
radar_confidence_gated,314,train,buoy,fn,b3,,,prediction_jsonl
radar_confidence_gated,314,train,buoy,fn,b4,,,prediction_jsonl
radar_confidence_gated,314,train,buoy,fn,b5,,,prediction_jsonl
radar_confidence_gated,314,train,buoy,fn,b6,,,prediction_jsonl
radar_confidence_gated,314,train,buoy,fn,b7,,,prediction_jsonl
radar_confidence_gated,314,train,buoy,fn,b8,,,prediction_jsonl
radar_confidence_gated,315,train,boat,tp,boat,0.647890567779541,0.6836539386499434,prediction_jsonl
radar_confidence_gated,315,train,buoy,tp,b1,0.18246617913246155,0.6416521789059982,prediction_jsonl
radar_confidence_gated,315,train,buoy,fn,b3,,,prediction_jsonl
radar_confidence_gated,315,train,buoy,fn,b4,,,prediction_jsonl
radar_confidence_gated,315,train,buoy,fn,b5,,,prediction_jsonl
radar_confidence_gated,315,train,buoy,fn,b6,,,prediction_jsonl
radar_confidence_gated,315,train,buoy,fn,b7,,,prediction_jsonl
radar_confidence_gated,315,train,buoy,fn,b8,,,prediction_jsonl
radar_confidence_gated,316,train,boat,tp,boat,0.6319733262062073,0.6940342996131089,prediction_jsonl
radar_confidence_gated,316,train,buoy,tp,b1,0.16097374260425568,0.6664084987291038,prediction_jsonl
radar_confidence_gated,316,train,buoy,fn,b3,,,prediction_jsonl
radar_confidence_gated,316,train,buoy,fn,b4,,,prediction_jsonl
radar_confidence_gated,316,train,buoy,fn,b5,,,prediction_jsonl
radar_confidence_gated,316,train,buoy,fn,b6,,,prediction_jsonl
radar_confidence_gated,316,train,buoy,fn,b7,,,prediction_jsonl
radar_confidence_gated,316,train,buoy,fn,b8,,,prediction_jsonl
radar_confidence_gated,317,train,boat,tp,boat,0.6464815735816956,0.6998226697026196,prediction_jsonl
radar_confidence_gated,317,train,buoy,tp,b1,0.1813061535358429,0.6359533061672814,prediction_jsonl
radar_confidence_gated,317,train,buoy,fn,b3,,,prediction_jsonl
radar_confidence_gated,317,train,buoy,fn,b4,,,prediction_jsonl
radar_confidence_gated,317,train,buoy,fn,b5,,,prediction_jsonl
radar_confidence_gated,317,train,buoy,fn,b6,,,prediction_jsonl
radar_confidence_gated,317,train,buoy,fn,b7,,,prediction_jsonl
radar_confidence_gated,317,train,buoy,fn,b8,,,prediction_jsonl
radar_confidence_gated,318,train,boat,tp,boat,0.6548672318458557,0.6954494527460107,prediction_jsonl
radar_confidence_gated,318,train,buoy,tp,b1,0.19241668283939362,0.6390142163245822,prediction_jsonl
radar_confidence_gated,318,train,buoy,fn,b3,,,prediction_jsonl
radar_confidence_gated,318,train,buoy,fn,b4,,,prediction_jsonl
radar_confidence_gated,318,train,buoy,fn,b5,,,prediction_jsonl
radar_confidence_gated,318,train,buoy,fn,b6,,,prediction_jsonl
radar_confidence_gated,318,train,buoy,fn,b7,,,prediction_jsonl
radar_confidence_gated,318,train,buoy,fn,b8,,,prediction_jsonl
radar_confidence_gated,319,train,boat,tp,boat,0.6478193402290344,0.708290849905166,prediction_jsonl
radar_confidence_gated,319,train,buoy,fn,b1,,,prediction_jsonl
radar_confidence_gated,319,train,buoy,fn,b3,,,prediction_jsonl
radar_confidence_gated,319,train,buoy,fn,b4,,,prediction_jsonl
radar_confidence_gated,319,train,buoy,fn,b5,,,prediction_jsonl
radar_confidence_gated,319,train,buoy,fn,b6,,,prediction_jsonl
radar_confidence_gated,319,train,buoy,fn,b7,,,prediction_jsonl
radar_confidence_gated,319,train,buoy,fn,b8,,,prediction_jsonl
radar_confidence_gated,320,train,boat,tp,boat,0.6602475643157959,0.6879838452442404,prediction_jsonl
radar_confidence_gated,320,train,buoy,tp,b1,0.19468781352043152,0.6682992968197656,prediction_jsonl
radar_confidence_gated,320,train,buoy,fn,b3,,,prediction_jsonl
radar_confidence_gated,320,train,buoy,fn,b4,,,prediction_jsonl
radar_confidence_gated,320,train,buoy,fn,b5,,,prediction_jsonl
radar_confidence_gated,320,train,buoy,fn,b6,,,prediction_jsonl
radar_confidence_gated,320,train,buoy,fn,b7,,,prediction_jsonl
radar_confidence_gated,320,train,buoy,fn,b8,,,prediction_jsonl
radar_confidence_gated,321,train,boat,tp,boat,0.6671173572540283,0.6938953965351506,prediction_jsonl
radar_confidence_gated,321,train,buoy,fn,b1,,,prediction_jsonl
radar_confidence_gated,321,train,buoy,fn,b3,,,prediction_jsonl
radar_confidence_gated,321,train,buoy,fn,b4,,,prediction_jsonl
radar_confidence_gated,321,train,buoy,fn,b5,,,prediction_jsonl
radar_confidence_gated,321,train,buoy,fn,b6,,,prediction_jsonl
radar_confidence_gated,321,train,buoy,fn,b7,,,prediction_jsonl
radar_confidence_gated,321,train,buoy,fn,b8,,,prediction_jsonl
radar_confidence_gated,322,train,boat,tp,boat,0.6600401997566223,0.7122680797996107,prediction_jsonl
radar_confidence_gated,322,train,buoy,tp,b1,0.18633374571800232,0.6328187071225662,prediction_jsonl
radar_confidence_gated,322,train,buoy,fn,b3,,,prediction_jsonl
radar_confidence_gated,322,train,buoy,fn,b4,,,prediction_jsonl
radar_confidence_gated,322,train,buoy,fn,b5,,,prediction_jsonl
radar_confidence_gated,322,train,buoy,fn,b6,,,prediction_jsonl
radar_confidence_gated,322,train,buoy,fn,b7,,,prediction_jsonl
radar_confidence_gated,322,train,buoy,fn,b8,,,prediction_jsonl
radar_confidence_gated,323,train,boat,tp,boat,0.6544786095619202,0.7071494855540135,prediction_jsonl
radar_confidence_gated,323,train,buoy,tp,b1,0.18326044082641602,0.6561009524475421,prediction_jsonl
radar_confidence_gated,323,train,buoy,fn,b3,,,prediction_jsonl
radar_confidence_gated,323,train,buoy,fn,b4,,,prediction_jsonl
radar_confidence_gated,323,train,buoy,fn,b5,,,prediction_jsonl
radar_confidence_gated,323,train,buoy,fn,b6,,,prediction_jsonl
radar_confidence_gated,323,train,buoy,fn,b7,,,prediction_jsonl
radar_confidence_gated,323,train,buoy,fn,b8,,,prediction_jsonl
radar_confidence_gated,324,train,boat,tp,boat,0.6538428664207458,0.7078421768320278,prediction_jsonl
radar_confidence_gated,324,train,buoy,tp,b1,0.18978601694107056,0.6384187565128955,prediction_jsonl
radar_confidence_gated,324,train,buoy,fn,b3,,,prediction_jsonl
radar_confidence_gated,324,train,buoy,fn,b4,,,prediction_jsonl
radar_confidence_gated,324,train,buoy,fn,b5,,,prediction_jsonl
radar_confidence_gated,324,train,buoy,fn,b6,,,prediction_jsonl
radar_confidence_gated,324,train,buoy,fn,b7,,,prediction_jsonl
radar_confidence_gated,324,train,buoy,fn,b8,,,prediction_jsonl
radar_confidence_gated,325,train,boat,tp,boat,0.6462859511375427,0.7080224164268264,prediction_jsonl
radar_confidence_gated,325,train,buoy,tp,b1,0.19286072254180908,0.6440442414411439,prediction_jsonl
radar_confidence_gated,325,train,buoy,fn,b3,,,prediction_jsonl
radar_confidence_gated,325,train,buoy,fn,b4,,,prediction_jsonl
radar_confidence_gated,325,train,buoy,fn,b5,,,prediction_jsonl
radar_confidence_gated,325,train,buoy,fn,b6,,,prediction_jsonl
radar_confidence_gated,325,train,buoy,fn,b7,,,prediction_jsonl
radar_confidence_gated,325,train,buoy,fn,b8,,,prediction_jsonl
radar_confidence_gated,326,train,boat,tp,boat,0.6405927538871765,0.7153843919727932,prediction_jsonl
radar_confidence_gated,326,train,buoy,tp,b1,0.20453259348869324,0.6374331379428901,prediction_jsonl
radar_confidence_gated,326,train,buoy,fn,b3,,,prediction_jsonl
radar_confidence_gated,326,train,buoy,fn,b4,,,prediction_jsonl
radar_confidence_gated,326,train,buoy,fn,b5,,,prediction_jsonl
radar_confidence_gated,326,train,buoy,fn,b6,,,prediction_jsonl
radar_confidence_gated,326,train,buoy,fn,b7,,,prediction_jsonl
radar_confidence_gated,326,train,buoy,fn,b8,,,prediction_jsonl
radar_confidence_gated,327,train,boat,tp,boat,0.6272469162940979,0.7187301631959347,prediction_jsonl
radar_confidence_gated,327,train,buoy,tp,b1,0.16860778629779816,0.6182202778739083,prediction_jsonl
radar_confidence_gated,327,train,buoy,fn,b3,,,prediction_jsonl
radar_confidence_gated,327,train,buoy,fn,b4,,,prediction_jsonl
radar_confidence_gated,327,train,buoy,fn,b5,,,prediction_jsonl
radar_confidence_gated,327,train,buoy,fn,b6,,,prediction_jsonl
radar_confidence_gated,327,train,buoy,fn,b7,,,prediction_jsonl
radar_confidence_gated,327,train,buoy,fn,b8,,,prediction_jsonl
radar_confidence_gated,328,train,boat,tp,boat,0.6401315927505493,0.6818309131808554,prediction_jsonl
radar_confidence_gated,328,train,buoy,tp,b1,0.21075807511806488,0.6211577449108248,prediction_jsonl
radar_confidence_gated,328,train,buoy,fn,b3,,,prediction_jsonl
radar_confidence_gated,328,train,buoy,fn,b4,,,prediction_jsonl
radar_confidence_gated,328,train,buoy,fn,b5,,,prediction_jsonl
radar_confidence_gated,328,train,buoy,fn,b6,,,prediction_jsonl
radar_confidence_gated,328,train,buoy,fn,b7,,,prediction_jsonl
radar_confidence_gated,328,train,buoy,fn,b8,,,prediction_jsonl
radar_confidence_gated,329,val,boat,tp,boat,0.6433009505271912,0.6917771160816164,prediction_jsonl
radar_confidence_gated,329,val,buoy,tp,b1,0.20490781962871552,0.6160424949221899,prediction_jsonl
radar_confidence_gated,329,val,buoy,fn,b3,,,prediction_jsonl
radar_confidence_gated,329,val,buoy,fn,b4,,,prediction_jsonl
radar_confidence_gated,329,val,buoy,fn,b5,,,prediction_jsonl
radar_confidence_gated,329,val,buoy,fn,b6,,,prediction_jsonl
radar_confidence_gated,329,val,buoy,fn,b7,,,prediction_jsonl
radar_confidence_gated,329,val,buoy,fn,b8,,,prediction_jsonl
radar_confidence_gated,330,val,boat,tp,boat,0.6316720247268677,0.6811535925648616,prediction_jsonl
radar_confidence_gated,330,val,buoy,tp,b1,0.20075048506259918,0.6308699364270096,prediction_jsonl
radar_confidence_gated,330,val,buoy,fn,b3,,,prediction_jsonl
radar_confidence_gated,330,val,buoy,fn,b4,,,prediction_jsonl
radar_confidence_gated,330,val,buoy,fn,b5,,,prediction_jsonl
radar_confidence_gated,330,val,buoy,fn,b6,,,prediction_jsonl
radar_confidence_gated,330,val,buoy,fn,b7,,,prediction_jsonl
radar_confidence_gated,330,val,buoy,fn,b8,,,prediction_jsonl
radar_confidence_gated,331,val,boat,tp,boat,0.6380431056022644,0.6694259309950064,prediction_jsonl
radar_confidence_gated,331,val,buoy,tp,b1,0.19519078731536865,0.6581671021786759,prediction_jsonl
radar_confidence_gated,331,val,buoy,fn,b3,,,prediction_jsonl
radar_confidence_gated,331,val,buoy,fn,b4,,,prediction_jsonl
radar_confidence_gated,331,val,buoy,fn,b5,,,prediction_jsonl
radar_confidence_gated,331,val,buoy,fn,b6,,,prediction_jsonl
radar_confidence_gated,331,val,buoy,fn,b7,,,prediction_jsonl
radar_confidence_gated,331,val,buoy,fn,b8,,,prediction_jsonl
radar_confidence_gated,332,val,boat,tp,boat,0.6350733041763306,0.6684465635501322,prediction_jsonl
radar_confidence_gated,332,val,buoy,tp,b1,0.1611500382423401,0.6736689577708563,prediction_jsonl
radar_confidence_gated,332,val,buoy,fn,b3,,,prediction_jsonl
radar_confidence_gated,332,val,buoy,fn,b4,,,prediction_jsonl
radar_confidence_gated,332,val,buoy,fn,b5,,,prediction_jsonl
radar_confidence_gated,332,val,buoy,fn,b6,,,prediction_jsonl
radar_confidence_gated,332,val,buoy,fn,b7,,,prediction_jsonl
radar_confidence_gated,332,val,buoy,fn,b8,,,prediction_jsonl
radar_confidence_gated,333,val,boat,tp,boat,0.6462421417236328,0.6870155911385122,prediction_jsonl
radar_confidence_gated,333,val,buoy,tp,b1,0.20258426666259766,0.6207162557792457,prediction_jsonl
radar_confidence_gated,333,val,buoy,fn,b3,,,prediction_jsonl
radar_confidence_gated,333,val,buoy,fn,b4,,,prediction_jsonl
radar_confidence_gated,333,val,buoy,fn,b5,,,prediction_jsonl
radar_confidence_gated,333,val,buoy,fn,b6,,,prediction_jsonl
radar_confidence_gated,333,val,buoy,fn,b7,,,prediction_jsonl
radar_confidence_gated,333,val,buoy,fn,b8,,,prediction_jsonl
radar_confidence_gated,334,val,boat,tp,boat,0.643887460231781,0.7025487944112521,prediction_jsonl
radar_confidence_gated,334,val,buoy,tp,b1,0.18064333498477936,0.6462589859806792,prediction_jsonl
radar_confidence_gated,334,val,buoy,fn,b3,,,prediction_jsonl
radar_confidence_gated,334,val,buoy,fn,b4,,,prediction_jsonl
radar_confidence_gated,334,val,buoy,fn,b5,,,prediction_jsonl
radar_confidence_gated,334,val,buoy,fn,b6,,,prediction_jsonl
radar_confidence_gated,334,val,buoy,fn,b7,,,prediction_jsonl
radar_confidence_gated,334,val,buoy,fn,b8,,,prediction_jsonl
radar_confidence_gated,335,val,boat,tp,boat,0.627227783203125,0.6613509954542699,prediction_jsonl
radar_confidence_gated,335,val,buoy,tp,b1,0.1953740119934082,0.6383557257326806,prediction_jsonl
radar_confidence_gated,335,val,buoy,fn,b3,,,prediction_jsonl
radar_confidence_gated,335,val,buoy,fn,b4,,,prediction_jsonl
radar_confidence_gated,335,val,buoy,fn,b5,,,prediction_jsonl
radar_confidence_gated,335,val,buoy,fn,b6,,,prediction_jsonl
radar_confidence_gated,335,val,buoy,fn,b7,,,prediction_jsonl
radar_confidence_gated,335,val,buoy,fn,b8,,,prediction_jsonl
radar_confidence_gated,336,val,boat,tp,boat,0.6225216388702393,0.6944347861863317,prediction_jsonl
radar_confidence_gated,336,val,buoy,tp,b1,0.18716764450073242,0.6627473060964639,prediction_jsonl
radar_confidence_gated,336,val,buoy,fn,b3,,,prediction_jsonl
radar_confidence_gated,336,val,buoy,fn,b4,,,prediction_jsonl
radar_confidence_gated,336,val,buoy,fn,b5,,,prediction_jsonl
radar_confidence_gated,336,val,buoy,fn,b6,,,prediction_jsonl
radar_confidence_gated,336,val,buoy,fn,b7,,,prediction_jsonl
radar_confidence_gated,336,val,buoy,fn,b8,,,prediction_jsonl
radar_confidence_gated,337,val,boat,tp,boat,0.640434741973877,0.6944364640428283,prediction_jsonl
radar_confidence_gated,337,val,buoy,tp,b1,0.1763966679573059,0.6453953458258447,prediction_jsonl
radar_confidence_gated,337,val,buoy,fn,b3,,,prediction_jsonl
radar_confidence_gated,337,val,buoy,fn,b4,,,prediction_jsonl
radar_confidence_gated,337,val,buoy,fn,b5,,,prediction_jsonl
radar_confidence_gated,337,val,buoy,fn,b6,,,prediction_jsonl
radar_confidence_gated,337,val,buoy,fn,b7,,,prediction_jsonl
radar_confidence_gated,337,val,buoy,fn,b8,,,prediction_jsonl
radar_confidence_gated,338,val,boat,tp,boat,0.6269800662994385,0.718365060333094,prediction_jsonl
radar_confidence_gated,338,val,buoy,tp,b1,0.18091441690921783,0.6284982244033277,prediction_jsonl
radar_confidence_gated,338,val,buoy,fn,b3,,,prediction_jsonl
radar_confidence_gated,338,val,buoy,fn,b4,,,prediction_jsonl
radar_confidence_gated,338,val,buoy,fn,b5,,,prediction_jsonl
radar_confidence_gated,338,val,buoy,fn,b6,,,prediction_jsonl
radar_confidence_gated,338,val,buoy,fn,b7,,,prediction_jsonl
radar_confidence_gated,338,val,buoy,fn,b8,,,prediction_jsonl
radar_confidence_gated,339,val,boat,tp,boat,0.6309612989425659,0.7009429244045976,prediction_jsonl
radar_confidence_gated,339,val,buoy,tp,b1,0.18598531186580658,0.6469920485816939,prediction_jsonl
radar_confidence_gated,339,val,buoy,fn,b3,,,prediction_jsonl
radar_confidence_gated,339,val,buoy,fn,b4,,,prediction_jsonl
radar_confidence_gated,339,val,buoy,fn,b5,,,prediction_jsonl
radar_confidence_gated,339,val,buoy,fn,b6,,,prediction_jsonl
radar_confidence_gated,339,val,buoy,fn,b7,,,prediction_jsonl
radar_confidence_gated,339,val,buoy,fn,b8,,,prediction_jsonl
radar_confidence_gated,340,val,boat,tp,boat,0.6486246585845947,0.7006786273810797,prediction_jsonl
radar_confidence_gated,340,val,buoy,tp,b1,0.21640118956565857,0.6283211351083403,prediction_jsonl
radar_confidence_gated,340,val,buoy,fn,b3,,,prediction_jsonl
radar_confidence_gated,340,val,buoy,fn,b4,,,prediction_jsonl
radar_confidence_gated,340,val,buoy,fn,b5,,,prediction_jsonl
radar_confidence_gated,340,val,buoy,fn,b6,,,prediction_jsonl
radar_confidence_gated,340,val,buoy,fn,b7,,,prediction_jsonl
radar_confidence_gated,340,val,buoy,fn,b8,,,prediction_jsonl
radar_confidence_gated,341,val,boat,tp,boat,0.6409432291984558,0.7111583481510403,prediction_jsonl
radar_confidence_gated,341,val,boat,fp,,0.2301325649023056,,prediction_jsonl
radar_confidence_gated,341,val,buoy,tp,b1,0.19135817885398865,0.6398923160194337,prediction_jsonl
radar_confidence_gated,341,val,buoy,fn,b3,,,prediction_jsonl
radar_confidence_gated,341,val,buoy,fn,b4,,,prediction_jsonl
radar_confidence_gated,341,val,buoy,fn,b5,,,prediction_jsonl
radar_confidence_gated,341,val,buoy,fn,b6,,,prediction_jsonl
radar_confidence_gated,341,val,buoy,fn,b7,,,prediction_jsonl
radar_confidence_gated,341,val,buoy,fn,b8,,,prediction_jsonl
radar_confidence_gated,342,val,boat,tp,boat,0.6474609971046448,0.6992670383610465,prediction_jsonl
radar_confidence_gated,342,val,buoy,tp,b1,0.1989295780658722,0.6256071763704746,prediction_jsonl
radar_confidence_gated,342,val,buoy,fn,b3,,,prediction_jsonl
radar_confidence_gated,342,val,buoy,fn,b4,,,prediction_jsonl
radar_confidence_gated,342,val,buoy,fn,b5,,,prediction_jsonl
radar_confidence_gated,342,val,buoy,fn,b6,,,prediction_jsonl
radar_confidence_gated,342,val,buoy,fn,b7,,,prediction_jsonl
radar_confidence_gated,342,val,buoy,fn,b8,,,prediction_jsonl
radar_confidence_gated,343,val,boat,tp,boat,0.6443118453025818,0.6908168351634841,prediction_jsonl
radar_confidence_gated,343,val,buoy,tp,b1,0.19306479394435883,0.654575151746581,prediction_jsonl
radar_confidence_gated,343,val,buoy,fn,b3,,,prediction_jsonl
radar_confidence_gated,343,val,buoy,fn,b4,,,prediction_jsonl
radar_confidence_gated,343,val,buoy,fn,b5,,,prediction_jsonl
radar_confidence_gated,343,val,buoy,fn,b6,,,prediction_jsonl
radar_confidence_gated,343,val,buoy,fn,b7,,,prediction_jsonl
radar_confidence_gated,343,val,buoy,fn,b8,,,prediction_jsonl
radar_confidence_gated,344,val,boat,tp,boat,0.6518509984016418,0.7029016948021936,prediction_jsonl
radar_confidence_gated,344,val,buoy,tp,b1,0.21523703634738922,0.6540679841186612,prediction_jsonl
radar_confidence_gated,344,val,buoy,fn,b3,,,prediction_jsonl
radar_confidence_gated,344,val,buoy,fn,b4,,,prediction_jsonl
radar_confidence_gated,344,val,buoy,fn,b5,,,prediction_jsonl
radar_confidence_gated,344,val,buoy,fn,b6,,,prediction_jsonl
radar_confidence_gated,344,val,buoy,fn,b7,,,prediction_jsonl
radar_confidence_gated,344,val,buoy,fn,b8,,,prediction_jsonl
radar_confidence_gated,345,val,boat,tp,boat,0.6500596404075623,0.7058475982568448,prediction_jsonl
radar_confidence_gated,345,val,buoy,tp,b1,0.2224176675081253,0.6352863170404447,prediction_jsonl
radar_confidence_gated,345,val,buoy,fn,b3,,,prediction_jsonl
radar_confidence_gated,345,val,buoy,fn,b4,,,prediction_jsonl
radar_confidence_gated,345,val,buoy,fn,b5,,,prediction_jsonl
radar_confidence_gated,345,val,buoy,fn,b6,,,prediction_jsonl
radar_confidence_gated,345,val,buoy,fn,b7,,,prediction_jsonl
radar_confidence_gated,345,val,buoy,fn,b8,,,prediction_jsonl
radar_confidence_gated,346,val,boat,tp,boat,0.6373231410980225,0.7106205461339294,prediction_jsonl
radar_confidence_gated,346,val,buoy,tp,b1,0.19121095538139343,0.6658869635926579,prediction_jsonl
radar_confidence_gated,346,val,buoy,fn,b3,,,prediction_jsonl
radar_confidence_gated,346,val,buoy,fn,b4,,,prediction_jsonl
radar_confidence_gated,346,val,buoy,fn,b5,,,prediction_jsonl
radar_confidence_gated,346,val,buoy,fn,b6,,,prediction_jsonl
radar_confidence_gated,346,val,buoy,fn,b7,,,prediction_jsonl
radar_confidence_gated,346,val,buoy,fn,b8,,,prediction_jsonl
radar_confidence_gated,347,val,boat,tp,boat,0.6381314992904663,0.6981134192638987,prediction_jsonl
radar_confidence_gated,347,val,buoy,tp,b1,0.19575537741184235,0.6411251775972274,prediction_jsonl
radar_confidence_gated,347,val,buoy,fn,b3,,,prediction_jsonl
radar_confidence_gated,347,val,buoy,fn,b4,,,prediction_jsonl
radar_confidence_gated,347,val,buoy,fn,b5,,,prediction_jsonl
radar_confidence_gated,347,val,buoy,fn,b6,,,prediction_jsonl
radar_confidence_gated,347,val,buoy,fn,b7,,,prediction_jsonl
radar_confidence_gated,347,val,buoy,fn,b8,,,prediction_jsonl
radar_confidence_gated,348,val,boat,tp,boat,0.6528914570808411,0.70449838125886,prediction_jsonl
radar_confidence_gated,348,val,buoy,tp,b1,0.1981278359889984,0.6480587204508178,prediction_jsonl
radar_confidence_gated,348,val,buoy,fn,b3,,,prediction_jsonl
radar_confidence_gated,348,val,buoy,fn,b4,,,prediction_jsonl
radar_confidence_gated,348,val,buoy,fn,b5,,,prediction_jsonl
radar_confidence_gated,348,val,buoy,fn,b6,,,prediction_jsonl
radar_confidence_gated,348,val,buoy,fn,b7,,,prediction_jsonl
radar_confidence_gated,348,val,buoy,fn,b8,,,prediction_jsonl
radar_confidence_gated,349,val,boat,tp,boat,0.6471701860427856,0.7195915050340737,prediction_jsonl
radar_confidence_gated,349,val,buoy,tp,b1,0.2442779392004013,0.6160644819732013,prediction_jsonl
radar_confidence_gated,349,val,buoy,fn,b3,,,prediction_jsonl
radar_confidence_gated,349,val,buoy,fn,b4,,,prediction_jsonl
radar_confidence_gated,349,val,buoy,fn,b5,,,prediction_jsonl
radar_confidence_gated,349,val,buoy,fn,b6,,,prediction_jsonl
radar_confidence_gated,349,val,buoy,fn,b7,,,prediction_jsonl
radar_confidence_gated,349,val,buoy,fn,b8,,,prediction_jsonl
radar_confidence_gated,350,val,boat,tp,boat,0.6510363221168518,0.7138215180478658,prediction_jsonl
radar_confidence_gated,350,val,buoy,tp,b1,0.21186915040016174,0.630405164135663,prediction_jsonl
radar_confidence_gated,350,val,buoy,fn,b3,,,prediction_jsonl
radar_confidence_gated,350,val,buoy,fn,b4,,,prediction_jsonl
radar_confidence_gated,350,val,buoy,fn,b5,,,prediction_jsonl
radar_confidence_gated,350,val,buoy,fn,b6,,,prediction_jsonl
radar_confidence_gated,350,val,buoy,fn,b7,,,prediction_jsonl
radar_confidence_gated,350,val,buoy,fn,b8,,,prediction_jsonl
radar_confidence_gated,351,val,boat,tp,boat,0.6292098164558411,0.7270703105003049,prediction_jsonl
radar_confidence_gated,351,val,buoy,tp,b1,0.20359204709529877,0.6414138441078044,prediction_jsonl
radar_confidence_gated,351,val,buoy,fn,b3,,,prediction_jsonl
radar_confidence_gated,351,val,buoy,fn,b4,,,prediction_jsonl
radar_confidence_gated,351,val,buoy,fn,b5,,,prediction_jsonl
radar_confidence_gated,351,val,buoy,fn,b6,,,prediction_jsonl
radar_confidence_gated,351,val,buoy,fn,b7,,,prediction_jsonl
radar_confidence_gated,351,val,buoy,fn,b8,,,prediction_jsonl
radar_confidence_gated,352,val,boat,tp,boat,0.6458708643913269,0.6916926177709438,prediction_jsonl
radar_confidence_gated,352,val,buoy,tp,b1,0.20620889961719513,0.6510844197083742,prediction_jsonl
radar_confidence_gated,352,val,buoy,fn,b3,,,prediction_jsonl
radar_confidence_gated,352,val,buoy,fn,b4,,,prediction_jsonl
radar_confidence_gated,352,val,buoy,fn,b5,,,prediction_jsonl
radar_confidence_gated,352,val,buoy,fn,b6,,,prediction_jsonl
radar_confidence_gated,352,val,buoy,fn,b7,,,prediction_jsonl
radar_confidence_gated,352,val,buoy,fn,b8,,,prediction_jsonl
radar_confidence_gated,353,val,boat,tp,boat,0.6440627574920654,0.6793800976034534,prediction_jsonl
radar_confidence_gated,353,val,buoy,tp,b1,0.1788160502910614,0.6499392071338997,prediction_jsonl
radar_confidence_gated,353,val,buoy,fn,b3,,,prediction_jsonl
radar_confidence_gated,353,val,buoy,fn,b4,,,prediction_jsonl
radar_confidence_gated,353,val,buoy,fn,b5,,,prediction_jsonl
radar_confidence_gated,353,val,buoy,fn,b6,,,prediction_jsonl
radar_confidence_gated,353,val,buoy,fn,b7,,,prediction_jsonl
radar_confidence_gated,353,val,buoy,fn,b8,,,prediction_jsonl
radar_confidence_gated,354,val,boat,tp,boat,0.6491811275482178,0.6935955560547271,prediction_jsonl
radar_confidence_gated,354,val,buoy,tp,b1,0.19813258945941925,0.6696773046159865,prediction_jsonl
radar_confidence_gated,354,val,buoy,fn,b3,,,prediction_jsonl
radar_confidence_gated,354,val,buoy,fn,b4,,,prediction_jsonl
radar_confidence_gated,354,val,buoy,fn,b5,,,prediction_jsonl
radar_confidence_gated,354,val,buoy,fn,b6,,,prediction_jsonl
radar_confidence_gated,354,val,buoy,fn,b7,,,prediction_jsonl
radar_confidence_gated,354,val,buoy,fn,b8,,,prediction_jsonl
radar_confidence_gated,355,val,boat,tp,boat,0.6449766159057617,0.700842009087831,prediction_jsonl
radar_confidence_gated,355,val,buoy,tp,b1,0.20783154666423798,0.6579003153550989,prediction_jsonl
radar_confidence_gated,355,val,buoy,fn,b3,,,prediction_jsonl
radar_confidence_gated,355,val,buoy,fn,b4,,,prediction_jsonl
radar_confidence_gated,355,val,buoy,fn,b5,,,prediction_jsonl
radar_confidence_gated,355,val,buoy,fn,b6,,,prediction_jsonl
radar_confidence_gated,355,val,buoy,fn,b7,,,prediction_jsonl
radar_confidence_gated,355,val,buoy,fn,b8,,,prediction_jsonl
radar_confidence_gated,356,val,boat,tp,boat,0.6459634900093079,0.6900683193868199,prediction_jsonl
radar_confidence_gated,356,val,buoy,tp,b1,0.21180368959903717,0.6388664672630068,prediction_jsonl
radar_confidence_gated,356,val,buoy,fn,b3,,,prediction_jsonl
radar_confidence_gated,356,val,buoy,fn,b4,,,prediction_jsonl
radar_confidence_gated,356,val,buoy,fn,b5,,,prediction_jsonl
radar_confidence_gated,356,val,buoy,fn,b6,,,prediction_jsonl
radar_confidence_gated,356,val,buoy,fn,b7,,,prediction_jsonl
radar_confidence_gated,356,val,buoy,fn,b8,,,prediction_jsonl
radar_confidence_gated,357,val,boat,tp,boat,0.6430243849754333,0.703183670493195,prediction_jsonl
radar_confidence_gated,357,val,buoy,tp,b1,0.19661876559257507,0.6372160269994149,prediction_jsonl
radar_confidence_gated,357,val,buoy,fn,b3,,,prediction_jsonl
radar_confidence_gated,357,val,buoy,fn,b4,,,prediction_jsonl
radar_confidence_gated,357,val,buoy,fn,b5,,,prediction_jsonl
radar_confidence_gated,357,val,buoy,fn,b6,,,prediction_jsonl
radar_confidence_gated,357,val,buoy,fn,b7,,,prediction_jsonl
radar_confidence_gated,357,val,buoy,fn,b8,,,prediction_jsonl
radar_confidence_gated,358,val,boat,tp,boat,0.6487926244735718,0.7035657909095264,prediction_jsonl
radar_confidence_gated,358,val,buoy,tp,b1,0.21424196660518646,0.6438181089104147,prediction_jsonl
radar_confidence_gated,358,val,buoy,fn,b3,,,prediction_jsonl
radar_confidence_gated,358,val,buoy,fn,b4,,,prediction_jsonl
radar_confidence_gated,358,val,buoy,fn,b5,,,prediction_jsonl
radar_confidence_gated,358,val,buoy,fn,b6,,,prediction_jsonl
radar_confidence_gated,358,val,buoy,fn,b7,,,prediction_jsonl
radar_confidence_gated,358,val,buoy,fn,b8,,,prediction_jsonl
radar_confidence_gated,359,val,boat,tp,boat,0.6485230326652527,0.7111548817170341,prediction_jsonl
radar_confidence_gated,359,val,buoy,tp,b1,0.18900392949581146,0.6333082434823484,prediction_jsonl
radar_confidence_gated,359,val,buoy,fn,b3,,,prediction_jsonl
radar_confidence_gated,359,val,buoy,fn,b4,,,prediction_jsonl
radar_confidence_gated,359,val,buoy,fn,b5,,,prediction_jsonl
radar_confidence_gated,359,val,buoy,fn,b6,,,prediction_jsonl
radar_confidence_gated,359,val,buoy,fn,b7,,,prediction_jsonl
radar_confidence_gated,359,val,buoy,fn,b8,,,prediction_jsonl
radar_confidence_gated,360,val,boat,tp,boat,0.6428923010826111,0.7000439961769864,prediction_jsonl
radar_confidence_gated,360,val,buoy,tp,b1,0.17235659062862396,0.6323746152671189,prediction_jsonl
radar_confidence_gated,360,val,buoy,fn,b3,,,prediction_jsonl
radar_confidence_gated,360,val,buoy,fn,b4,,,prediction_jsonl
radar_confidence_gated,360,val,buoy,fn,b5,,,prediction_jsonl
radar_confidence_gated,360,val,buoy,fn,b6,,,prediction_jsonl
radar_confidence_gated,360,val,buoy,fn,b7,,,prediction_jsonl
radar_confidence_gated,360,val,buoy,fn,b8,,,prediction_jsonl
radar_confidence_gated,361,val,boat,tp,boat,0.6436465382575989,0.6911023312980017,prediction_jsonl
radar_confidence_gated,361,val,boat,fp,,0.16954773664474487,,prediction_jsonl
radar_confidence_gated,361,val,buoy,tp,b1,0.18924932181835175,0.6141246408309619,prediction_jsonl
radar_confidence_gated,361,val,buoy,fn,b3,,,prediction_jsonl
radar_confidence_gated,361,val,buoy,fn,b4,,,prediction_jsonl
radar_confidence_gated,361,val,buoy,fn,b5,,,prediction_jsonl
radar_confidence_gated,361,val,buoy,fn,b6,,,prediction_jsonl
radar_confidence_gated,361,val,buoy,fn,b7,,,prediction_jsonl
radar_confidence_gated,361,val,buoy,fn,b8,,,prediction_jsonl
radar_confidence_gated,362,val,boat,tp,boat,0.6408708095550537,0.7069014608950424,prediction_jsonl
radar_confidence_gated,362,val,buoy,tp,b1,0.17339682579040527,0.648279544882129,prediction_jsonl
radar_confidence_gated,362,val,buoy,fn,b3,,,prediction_jsonl
radar_confidence_gated,362,val,buoy,fn,b4,,,prediction_jsonl
radar_confidence_gated,362,val,buoy,fn,b5,,,prediction_jsonl
radar_confidence_gated,362,val,buoy,fn,b6,,,prediction_jsonl
radar_confidence_gated,362,val,buoy,fn,b7,,,prediction_jsonl
radar_confidence_gated,362,val,buoy,fn,b8,,,prediction_jsonl
radar_confidence_gated,363,val,boat,tp,boat,0.6517851948738098,0.705778157842612,prediction_jsonl
radar_confidence_gated,363,val,buoy,tp,b1,0.17925728857517242,0.6071405401062552,prediction_jsonl
radar_confidence_gated,363,val,buoy,fn,b3,,,prediction_jsonl
radar_confidence_gated,363,val,buoy,fn,b4,,,prediction_jsonl
radar_confidence_gated,363,val,buoy,fn,b5,,,prediction_jsonl
radar_confidence_gated,363,val,buoy,fn,b6,,,prediction_jsonl
radar_confidence_gated,363,val,buoy,fn,b7,,,prediction_jsonl
radar_confidence_gated,363,val,buoy,fn,b8,,,prediction_jsonl
radar_confidence_gated,364,val,boat,tp,boat,0.6454851627349854,0.7166551992573983,prediction_jsonl
radar_confidence_gated,364,val,buoy,tp,b1,0.22800448536872864,0.6053096773386275,prediction_jsonl
radar_confidence_gated,364,val,buoy,fn,b3,,,prediction_jsonl
radar_confidence_gated,364,val,buoy,fn,b4,,,prediction_jsonl
radar_confidence_gated,364,val,buoy,fn,b5,,,prediction_jsonl
radar_confidence_gated,364,val,buoy,fn,b6,,,prediction_jsonl
radar_confidence_gated,364,val,buoy,fn,b7,,,prediction_jsonl
radar_confidence_gated,364,val,buoy,fn,b8,,,prediction_jsonl
radar_confidence_gated,365,val,boat,tp,boat,0.6488139033317566,0.7117686483119862,prediction_jsonl
radar_confidence_gated,365,val,buoy,tp,b1,0.20138901472091675,0.617424015571693,prediction_jsonl
radar_confidence_gated,365,val,buoy,fn,b3,,,prediction_jsonl
radar_confidence_gated,365,val,buoy,fn,b4,,,prediction_jsonl
radar_confidence_gated,365,val,buoy,fn,b5,,,prediction_jsonl
radar_confidence_gated,365,val,buoy,fn,b6,,,prediction_jsonl
radar_confidence_gated,365,val,buoy,fn,b7,,,prediction_jsonl
radar_confidence_gated,365,val,buoy,fn,b8,,,prediction_jsonl
radar_confidence_gated,366,val,boat,tp,boat,0.6439396142959595,0.7143917758910839,prediction_jsonl
radar_confidence_gated,366,val,buoy,tp,b1,0.24031703174114227,0.6125357503123764,prediction_jsonl
radar_confidence_gated,366,val,buoy,fn,b3,,,prediction_jsonl
radar_confidence_gated,366,val,buoy,fn,b4,,,prediction_jsonl
radar_confidence_gated,366,val,buoy,fn,b5,,,prediction_jsonl
radar_confidence_gated,366,val,buoy,fn,b6,,,prediction_jsonl
radar_confidence_gated,366,val,buoy,fn,b7,,,prediction_jsonl
radar_confidence_gated,366,val,buoy,fn,b8,,,prediction_jsonl
radar_confidence_gated,367,val,boat,tp,boat,0.6537355780601501,0.7073935642059884,prediction_jsonl
radar_confidence_gated,367,val,buoy,tp,b1,0.23376749455928802,0.6049565905256774,prediction_jsonl
radar_confidence_gated,367,val,buoy,fn,b3,,,prediction_jsonl
radar_confidence_gated,367,val,buoy,fn,b4,,,prediction_jsonl
radar_confidence_gated,367,val,buoy,fn,b5,,,prediction_jsonl
radar_confidence_gated,367,val,buoy,fn,b6,,,prediction_jsonl
radar_confidence_gated,367,val,buoy,fn,b7,,,prediction_jsonl
radar_confidence_gated,367,val,buoy,fn,b8,,,prediction_jsonl
radar_confidence_gated,368,val,boat,tp,boat,0.6381571292877197,0.7048575914267052,prediction_jsonl
radar_confidence_gated,368,val,buoy,tp,b1,0.1970904916524887,0.6370626823399101,prediction_jsonl
radar_confidence_gated,368,val,buoy,fn,b3,,,prediction_jsonl
radar_confidence_gated,368,val,buoy,fn,b4,,,prediction_jsonl
radar_confidence_gated,368,val,buoy,fn,b5,,,prediction_jsonl
radar_confidence_gated,368,val,buoy,fn,b6,,,prediction_jsonl
radar_confidence_gated,368,val,buoy,fn,b7,,,prediction_jsonl
radar_confidence_gated,368,val,buoy,fn,b8,,,prediction_jsonl
radar_confidence_gated,369,val,boat,tp,boat,0.6385795474052429,0.7103072799606016,prediction_jsonl
radar_confidence_gated,369,val,buoy,tp,b1,0.20294559001922607,0.6555670687266194,prediction_jsonl
radar_confidence_gated,369,val,buoy,fn,b3,,,prediction_jsonl
radar_confidence_gated,369,val,buoy,fn,b4,,,prediction_jsonl
radar_confidence_gated,369,val,buoy,fn,b5,,,prediction_jsonl
radar_confidence_gated,369,val,buoy,fn,b6,,,prediction_jsonl
radar_confidence_gated,369,val,buoy,fn,b7,,,prediction_jsonl
radar_confidence_gated,369,val,buoy,fn,b8,,,prediction_jsonl
radar_confidence_gated,370,val,boat,tp,boat,0.6358623504638672,0.6921499031210278,prediction_jsonl
radar_confidence_gated,370,val,buoy,tp,b1,0.1759672909975052,0.6395207569229819,prediction_jsonl
radar_confidence_gated,370,val,buoy,fn,b3,,,prediction_jsonl
radar_confidence_gated,370,val,buoy,fn,b4,,,prediction_jsonl
radar_confidence_gated,370,val,buoy,fn,b5,,,prediction_jsonl
radar_confidence_gated,370,val,buoy,fn,b6,,,prediction_jsonl
radar_confidence_gated,370,val,buoy,fn,b7,,,prediction_jsonl
radar_confidence_gated,370,val,buoy,fn,b8,,,prediction_jsonl
radar_confidence_gated,371,val,boat,tp,boat,0.6495673656463623,0.6984236428888347,prediction_jsonl
radar_confidence_gated,371,val,buoy,tp,b1,0.2069932222366333,0.6460492207631362,prediction_jsonl
radar_confidence_gated,371,val,buoy,fn,b3,,,prediction_jsonl
radar_confidence_gated,371,val,buoy,fn,b4,,,prediction_jsonl
radar_confidence_gated,371,val,buoy,fn,b5,,,prediction_jsonl
radar_confidence_gated,371,val,buoy,fn,b6,,,prediction_jsonl
radar_confidence_gated,371,val,buoy,fn,b7,,,prediction_jsonl
radar_confidence_gated,371,val,buoy,fn,b8,,,prediction_jsonl
radar_confidence_gated,372,val,boat,tp,boat,0.6336777210235596,0.6945985905092843,prediction_jsonl
radar_confidence_gated,372,val,buoy,tp,b1,0.17325931787490845,0.6376314802922443,prediction_jsonl
radar_confidence_gated,372,val,buoy,fn,b3,,,prediction_jsonl
radar_confidence_gated,372,val,buoy,fn,b4,,,prediction_jsonl
radar_confidence_gated,372,val,buoy,fn,b5,,,prediction_jsonl
radar_confidence_gated,372,val,buoy,fn,b6,,,prediction_jsonl
radar_confidence_gated,372,val,buoy,fn,b7,,,prediction_jsonl
radar_confidence_gated,372,val,buoy,fn,b8,,,prediction_jsonl
radar_confidence_gated,373,val,boat,tp,boat,0.6518702507019043,0.652780193846558,prediction_jsonl
radar_confidence_gated,373,val,buoy,tp,b1,0.21522782742977142,0.6276619563696477,prediction_jsonl
radar_confidence_gated,373,val,buoy,fn,b3,,,prediction_jsonl
radar_confidence_gated,373,val,buoy,fn,b4,,,prediction_jsonl
radar_confidence_gated,373,val,buoy,fn,b5,,,prediction_jsonl
radar_confidence_gated,373,val,buoy,fn,b6,,,prediction_jsonl
radar_confidence_gated,373,val,buoy,fn,b7,,,prediction_jsonl
radar_confidence_gated,373,val,buoy,fn,b8,,,prediction_jsonl
radar_confidence_gated,374,test,boat,tp,boat,0.6414347290992737,0.6800458931201779,prediction_jsonl
radar_confidence_gated,374,test,buoy,tp,b1,0.22131292521953583,0.6346199753486714,prediction_jsonl
radar_confidence_gated,374,test,buoy,fn,b3,,,prediction_jsonl
radar_confidence_gated,374,test,buoy,fn,b4,,,prediction_jsonl
radar_confidence_gated,374,test,buoy,fn,b5,,,prediction_jsonl
radar_confidence_gated,374,test,buoy,fn,b6,,,prediction_jsonl
radar_confidence_gated,374,test,buoy,fn,b7,,,prediction_jsonl
radar_confidence_gated,374,test,buoy,fn,b8,,,prediction_jsonl
radar_confidence_gated,375,test,boat,tp,boat,0.6477433443069458,0.6597447476350894,prediction_jsonl
radar_confidence_gated,375,test,buoy,tp,b1,0.16486753523349762,0.6120906922453601,prediction_jsonl
radar_confidence_gated,375,test,buoy,fn,b3,,,prediction_jsonl
radar_confidence_gated,375,test,buoy,fn,b4,,,prediction_jsonl
radar_confidence_gated,375,test,buoy,fn,b5,,,prediction_jsonl
radar_confidence_gated,375,test,buoy,fn,b6,,,prediction_jsonl
radar_confidence_gated,375,test,buoy,fn,b7,,,prediction_jsonl
radar_confidence_gated,375,test,buoy,fn,b8,,,prediction_jsonl
radar_confidence_gated,376,test,boat,tp,boat,0.6504882574081421,0.6765872884190285,prediction_jsonl
radar_confidence_gated,376,test,buoy,tp,b1,0.19279047846794128,0.6563952471765152,prediction_jsonl
radar_confidence_gated,376,test,buoy,fn,b3,,,prediction_jsonl
radar_confidence_gated,376,test,buoy,fn,b4,,,prediction_jsonl
radar_confidence_gated,376,test,buoy,fn,b5,,,prediction_jsonl
radar_confidence_gated,376,test,buoy,fn,b6,,,prediction_jsonl
radar_confidence_gated,376,test,buoy,fn,b7,,,prediction_jsonl
radar_confidence_gated,376,test,buoy,fn,b8,,,prediction_jsonl
radar_confidence_gated,377,test,boat,tp,boat,0.6542519927024841,0.6635509974835839,prediction_jsonl
radar_confidence_gated,377,test,buoy,tp,b1,0.18646585941314697,0.6454415206292814,prediction_jsonl
radar_confidence_gated,377,test,buoy,fn,b3,,,prediction_jsonl
radar_confidence_gated,377,test,buoy,fn,b4,,,prediction_jsonl
radar_confidence_gated,377,test,buoy,fn,b5,,,prediction_jsonl
radar_confidence_gated,377,test,buoy,fn,b6,,,prediction_jsonl
radar_confidence_gated,377,test,buoy,fn,b7,,,prediction_jsonl
radar_confidence_gated,377,test,buoy,fn,b8,,,prediction_jsonl
radar_confidence_gated,378,test,boat,tp,boat,0.6435835361480713,0.673261383569381,prediction_jsonl
radar_confidence_gated,378,test,buoy,tp,b1,0.21069777011871338,0.6414229980379502,prediction_jsonl
radar_confidence_gated,378,test,buoy,fn,b3,,,prediction_jsonl
radar_confidence_gated,378,test,buoy,fn,b4,,,prediction_jsonl
radar_confidence_gated,378,test,buoy,fn,b5,,,prediction_jsonl
radar_confidence_gated,378,test,buoy,fn,b6,,,prediction_jsonl
radar_confidence_gated,378,test,buoy,fn,b7,,,prediction_jsonl
radar_confidence_gated,378,test,buoy,fn,b8,,,prediction_jsonl
radar_confidence_gated,379,test,boat,tp,boat,0.6402427554130554,0.7056849521777031,prediction_jsonl
radar_confidence_gated,379,test,buoy,tp,b1,0.21533143520355225,0.6227182261011935,prediction_jsonl
radar_confidence_gated,379,test,buoy,fn,b3,,,prediction_jsonl
radar_confidence_gated,379,test,buoy,fn,b4,,,prediction_jsonl
radar_confidence_gated,379,test,buoy,fn,b5,,,prediction_jsonl
radar_confidence_gated,379,test,buoy,fn,b6,,,prediction_jsonl
radar_confidence_gated,379,test,buoy,fn,b7,,,prediction_jsonl
radar_confidence_gated,379,test,buoy,fn,b8,,,prediction_jsonl
radar_confidence_gated,380,test,boat,tp,boat,0.643280029296875,0.7272175382849284,prediction_jsonl
radar_confidence_gated,380,test,buoy,tp,b1,0.21218344569206238,0.6487147936730343,prediction_jsonl
radar_confidence_gated,380,test,buoy,fn,b3,,,prediction_jsonl
radar_confidence_gated,380,test,buoy,fn,b4,,,prediction_jsonl
radar_confidence_gated,380,test,buoy,fn,b5,,,prediction_jsonl
radar_confidence_gated,380,test,buoy,fn,b6,,,prediction_jsonl
radar_confidence_gated,380,test,buoy,fn,b7,,,prediction_jsonl
radar_confidence_gated,380,test,buoy,fn,b8,,,prediction_jsonl
radar_confidence_gated,381,test,boat,tp,boat,0.6489275097846985,0.7077291372721127,prediction_jsonl
radar_confidence_gated,381,test,buoy,tp,b1,0.19911272823810577,0.6427331541308239,prediction_jsonl
radar_confidence_gated,381,test,buoy,fn,b3,,,prediction_jsonl
radar_confidence_gated,381,test,buoy,fn,b4,,,prediction_jsonl
radar_confidence_gated,381,test,buoy,fn,b5,,,prediction_jsonl
radar_confidence_gated,381,test,buoy,fn,b6,,,prediction_jsonl
radar_confidence_gated,381,test,buoy,fn,b7,,,prediction_jsonl
radar_confidence_gated,381,test,buoy,fn,b8,,,prediction_jsonl
radar_confidence_gated,382,test,boat,tp,boat,0.6418501734733582,0.7398457507979755,prediction_jsonl
radar_confidence_gated,382,test,buoy,tp,b1,0.19970761239528656,0.6465663873731267,prediction_jsonl
radar_confidence_gated,382,test,buoy,fn,b3,,,prediction_jsonl
radar_confidence_gated,382,test,buoy,fn,b4,,,prediction_jsonl
radar_confidence_gated,382,test,buoy,fn,b5,,,prediction_jsonl
radar_confidence_gated,382,test,buoy,fn,b6,,,prediction_jsonl
radar_confidence_gated,382,test,buoy,fn,b7,,,prediction_jsonl
radar_confidence_gated,382,test,buoy,fn,b8,,,prediction_jsonl
radar_confidence_gated,383,test,boat,tp,boat,0.6537104249000549,0.7452429605893277,prediction_jsonl
radar_confidence_gated,383,test,buoy,tp,b1,0.21491776406764984,0.6324931401263276,prediction_jsonl
radar_confidence_gated,383,test,buoy,fn,b3,,,prediction_jsonl
radar_confidence_gated,383,test,buoy,fn,b4,,,prediction_jsonl
radar_confidence_gated,383,test,buoy,fn,b5,,,prediction_jsonl
radar_confidence_gated,383,test,buoy,fn,b6,,,prediction_jsonl
radar_confidence_gated,383,test,buoy,fn,b7,,,prediction_jsonl
radar_confidence_gated,383,test,buoy,fn,b8,,,prediction_jsonl
radar_confidence_gated,384,test,boat,tp,boat,0.647309422492981,0.6736704894670114,prediction_jsonl
radar_confidence_gated,384,test,buoy,tp,b1,0.23398767411708832,0.6079896705977533,prediction_jsonl
radar_confidence_gated,384,test,buoy,fn,b3,,,prediction_jsonl
radar_confidence_gated,384,test,buoy,fn,b4,,,prediction_jsonl
radar_confidence_gated,384,test,buoy,fn,b5,,,prediction_jsonl
radar_confidence_gated,384,test,buoy,fn,b6,,,prediction_jsonl
radar_confidence_gated,384,test,buoy,fn,b7,,,prediction_jsonl
radar_confidence_gated,384,test,buoy,fn,b8,,,prediction_jsonl
radar_confidence_gated,385,test,boat,tp,boat,0.6538821458816528,0.7321678768704443,prediction_jsonl
radar_confidence_gated,385,test,buoy,tp,b1,0.21367521584033966,0.6311235904461029,prediction_jsonl
radar_confidence_gated,385,test,buoy,fn,b3,,,prediction_jsonl
radar_confidence_gated,385,test,buoy,fn,b4,,,prediction_jsonl
radar_confidence_gated,385,test,buoy,fn,b5,,,prediction_jsonl
radar_confidence_gated,385,test,buoy,fn,b6,,,prediction_jsonl
radar_confidence_gated,385,test,buoy,fn,b7,,,prediction_jsonl
radar_confidence_gated,385,test,buoy,fn,b8,,,prediction_jsonl
radar_confidence_gated,386,test,boat,tp,boat,0.6324928402900696,0.7070826584818334,prediction_jsonl
radar_confidence_gated,386,test,buoy,tp,b1,0.195667564868927,0.6229993834241452,prediction_jsonl
radar_confidence_gated,386,test,buoy,fn,b3,,,prediction_jsonl
radar_confidence_gated,386,test,buoy,fn,b4,,,prediction_jsonl
radar_confidence_gated,386,test,buoy,fn,b5,,,prediction_jsonl
radar_confidence_gated,386,test,buoy,fn,b6,,,prediction_jsonl
radar_confidence_gated,386,test,buoy,fn,b7,,,prediction_jsonl
radar_confidence_gated,386,test,buoy,fn,b8,,,prediction_jsonl
radar_confidence_gated,387,test,boat,tp,boat,0.6480927467346191,0.7054460035520734,prediction_jsonl
radar_confidence_gated,387,test,buoy,tp,b1,0.17353343963623047,0.626229379494031,prediction_jsonl
radar_confidence_gated,387,test,buoy,fn,b3,,,prediction_jsonl
radar_confidence_gated,387,test,buoy,fn,b4,,,prediction_jsonl
radar_confidence_gated,387,test,buoy,fn,b5,,,prediction_jsonl
radar_confidence_gated,387,test,buoy,fn,b6,,,prediction_jsonl
radar_confidence_gated,387,test,buoy,fn,b7,,,prediction_jsonl
radar_confidence_gated,387,test,buoy,fn,b8,,,prediction_jsonl
radar_confidence_gated,388,test,boat,tp,boat,0.6486079096794128,0.7227018654916695,prediction_jsonl
radar_confidence_gated,388,test,buoy,tp,b1,0.16789905726909637,0.6478390514214573,prediction_jsonl
radar_confidence_gated,388,test,buoy,fn,b3,,,prediction_jsonl
radar_confidence_gated,388,test,buoy,fn,b4,,,prediction_jsonl
radar_confidence_gated,388,test,buoy,fn,b5,,,prediction_jsonl
radar_confidence_gated,388,test,buoy,fn,b6,,,prediction_jsonl
radar_confidence_gated,388,test,buoy,fn,b7,,,prediction_jsonl
radar_confidence_gated,388,test,buoy,fn,b8,,,prediction_jsonl
radar_confidence_gated,389,test,boat,tp,boat,0.6441960334777832,0.7170072549657883,prediction_jsonl
radar_confidence_gated,389,test,buoy,tp,b1,0.18961091339588165,0.658868404512942,prediction_jsonl
radar_confidence_gated,389,test,buoy,fn,b3,,,prediction_jsonl
radar_confidence_gated,389,test,buoy,fn,b4,,,prediction_jsonl
radar_confidence_gated,389,test,buoy,fn,b5,,,prediction_jsonl
radar_confidence_gated,389,test,buoy,fn,b6,,,prediction_jsonl
radar_confidence_gated,389,test,buoy,fn,b7,,,prediction_jsonl
radar_confidence_gated,389,test,buoy,fn,b8,,,prediction_jsonl
radar_confidence_gated,390,test,boat,tp,boat,0.628601610660553,0.7090637691924264,prediction_jsonl
radar_confidence_gated,390,test,buoy,fn,b1,,,prediction_jsonl
radar_confidence_gated,390,test,buoy,fn,b3,,,prediction_jsonl
radar_confidence_gated,390,test,buoy,fn,b4,,,prediction_jsonl
radar_confidence_gated,390,test,buoy,fn,b5,,,prediction_jsonl
radar_confidence_gated,390,test,buoy,fn,b6,,,prediction_jsonl
radar_confidence_gated,390,test,buoy,fn,b7,,,prediction_jsonl
radar_confidence_gated,390,test,buoy,fn,b8,,,prediction_jsonl
radar_confidence_gated,391,test,boat,tp,boat,0.635947585105896,0.7126123860798886,prediction_jsonl
radar_confidence_gated,391,test,buoy,fn,b1,,,prediction_jsonl
radar_confidence_gated,391,test,buoy,fn,b3,,,prediction_jsonl
radar_confidence_gated,391,test,buoy,fn,b4,,,prediction_jsonl
radar_confidence_gated,391,test,buoy,fn,b5,,,prediction_jsonl
radar_confidence_gated,391,test,buoy,fn,b6,,,prediction_jsonl
radar_confidence_gated,391,test,buoy,fn,b7,,,prediction_jsonl
radar_confidence_gated,391,test,buoy,fn,b8,,,prediction_jsonl
radar_confidence_gated,392,test,boat,tp,boat,0.6334537267684937,0.7129343181441244,prediction_jsonl
radar_confidence_gated,392,test,buoy,fn,b1,,,prediction_jsonl
radar_confidence_gated,392,test,buoy,fn,b3,,,prediction_jsonl
radar_confidence_gated,392,test,buoy,fn,b4,,,prediction_jsonl
radar_confidence_gated,392,test,buoy,fn,b5,,,prediction_jsonl
radar_confidence_gated,392,test,buoy,fn,b6,,,prediction_jsonl
radar_confidence_gated,392,test,buoy,fn,b7,,,prediction_jsonl
radar_confidence_gated,392,test,buoy,fn,b8,,,prediction_jsonl
radar_confidence_gated,393,test,boat,tp,boat,0.6382648944854736,0.7179038911321525,prediction_jsonl
radar_confidence_gated,393,test,buoy,tp,b1,0.18211068212985992,0.6599584386684187,prediction_jsonl
radar_confidence_gated,393,test,buoy,fn,b3,,,prediction_jsonl
radar_confidence_gated,393,test,buoy,fn,b4,,,prediction_jsonl
radar_confidence_gated,393,test,buoy,fn,b5,,,prediction_jsonl
radar_confidence_gated,393,test,buoy,fn,b6,,,prediction_jsonl
radar_confidence_gated,393,test,buoy,fn,b7,,,prediction_jsonl
radar_confidence_gated,393,test,buoy,fn,b8,,,prediction_jsonl
radar_confidence_gated,394,test,boat,tp,boat,0.6405982971191406,0.7165259635427409,prediction_jsonl
radar_confidence_gated,394,test,boat,fp,,0.16571982204914093,,prediction_jsonl
radar_confidence_gated,394,test,buoy,tp,b1,0.20025375485420227,0.6815515618617316,prediction_jsonl
radar_confidence_gated,394,test,buoy,fn,b3,,,prediction_jsonl
radar_confidence_gated,394,test,buoy,fn,b4,,,prediction_jsonl
radar_confidence_gated,394,test,buoy,fn,b5,,,prediction_jsonl
radar_confidence_gated,394,test,buoy,fn,b6,,,prediction_jsonl
radar_confidence_gated,394,test,buoy,fn,b7,,,prediction_jsonl
radar_confidence_gated,394,test,buoy,fn,b8,,,prediction_jsonl
radar_confidence_gated,395,test,boat,tp,boat,0.6417251825332642,0.7161581106782724,prediction_jsonl
radar_confidence_gated,395,test,boat,fp,,0.1719067096710205,,prediction_jsonl
radar_confidence_gated,395,test,buoy,tp,b1,0.17326520383358002,0.6403176491978457,prediction_jsonl
radar_confidence_gated,395,test,buoy,fn,b3,,,prediction_jsonl
radar_confidence_gated,395,test,buoy,fn,b4,,,prediction_jsonl
radar_confidence_gated,395,test,buoy,fn,b5,,,prediction_jsonl
radar_confidence_gated,395,test,buoy,fn,b6,,,prediction_jsonl
radar_confidence_gated,395,test,buoy,fn,b7,,,prediction_jsonl
radar_confidence_gated,395,test,buoy,fn,b8,,,prediction_jsonl
radar_confidence_gated,396,test,boat,tp,boat,0.637768566608429,0.7183502998257097,prediction_jsonl
radar_confidence_gated,396,test,buoy,tp,b1,0.18359465897083282,0.6780043259292015,prediction_jsonl
radar_confidence_gated,396,test,buoy,fn,b3,,,prediction_jsonl
radar_confidence_gated,396,test,buoy,fn,b4,,,prediction_jsonl
radar_confidence_gated,396,test,buoy,fn,b5,,,prediction_jsonl
radar_confidence_gated,396,test,buoy,fn,b6,,,prediction_jsonl
radar_confidence_gated,396,test,buoy,fn,b7,,,prediction_jsonl
radar_confidence_gated,396,test,buoy,fn,b8,,,prediction_jsonl
radar_confidence_gated,397,test,boat,tp,boat,0.6374543905258179,0.7101171983318271,prediction_jsonl
radar_confidence_gated,397,test,buoy,fn,b1,,,prediction_jsonl
radar_confidence_gated,397,test,buoy,fn,b3,,,prediction_jsonl
radar_confidence_gated,397,test,buoy,fn,b4,,,prediction_jsonl
radar_confidence_gated,397,test,buoy,fn,b5,,,prediction_jsonl
radar_confidence_gated,397,test,buoy,fn,b6,,,prediction_jsonl
radar_confidence_gated,397,test,buoy,fn,b7,,,prediction_jsonl
radar_confidence_gated,397,test,buoy,fn,b8,,,prediction_jsonl
radar_confidence_gated,398,test,boat,tp,boat,0.6443518400192261,0.6981041968873491,prediction_jsonl
radar_confidence_gated,398,test,buoy,fn,b1,,,prediction_jsonl
radar_confidence_gated,398,test,buoy,fn,b3,,,prediction_jsonl
radar_confidence_gated,398,test,buoy,fn,b4,,,prediction_jsonl
radar_confidence_gated,398,test,buoy,fn,b5,,,prediction_jsonl
radar_confidence_gated,398,test,buoy,fn,b6,,,prediction_jsonl
radar_confidence_gated,398,test,buoy,fn,b7,,,prediction_jsonl
radar_confidence_gated,398,test,buoy,fn,b8,,,prediction_jsonl
radar_confidence_gated,399,test,boat,tp,boat,0.6466122269630432,0.6817469293282546,prediction_jsonl
radar_confidence_gated,399,test,buoy,tp,b1,0.16251206398010254,0.6327640151816523,prediction_jsonl
radar_confidence_gated,399,test,buoy,fn,b3,,,prediction_jsonl
radar_confidence_gated,399,test,buoy,fn,b4,,,prediction_jsonl
radar_confidence_gated,399,test,buoy,fn,b5,,,prediction_jsonl
radar_confidence_gated,399,test,buoy,fn,b6,,,prediction_jsonl
radar_confidence_gated,399,test,buoy,fn,b7,,,prediction_jsonl
radar_confidence_gated,399,test,buoy,fn,b8,,,prediction_jsonl
radar_confidence_gated,400,test,boat,tp,boat,0.6428921222686768,0.7066331615752981,prediction_jsonl
radar_confidence_gated,400,test,buoy,fn,b1,,,prediction_jsonl
radar_confidence_gated,400,test,buoy,fn,b3,,,prediction_jsonl
radar_confidence_gated,400,test,buoy,fn,b4,,,prediction_jsonl
radar_confidence_gated,400,test,buoy,fn,b5,,,prediction_jsonl
radar_confidence_gated,400,test,buoy,fn,b6,,,prediction_jsonl
radar_confidence_gated,400,test,buoy,fn,b7,,,prediction_jsonl
radar_confidence_gated,400,test,buoy,fn,b8,,,prediction_jsonl
radar_confidence_gated,401,test,boat,tp,boat,0.6487320065498352,0.6993309366068656,prediction_jsonl
radar_confidence_gated,401,test,buoy,tp,b1,0.18787796795368195,0.6180449170297257,prediction_jsonl
radar_confidence_gated,401,test,buoy,fn,b3,,,prediction_jsonl
radar_confidence_gated,401,test,buoy,fn,b4,,,prediction_jsonl
radar_confidence_gated,401,test,buoy,fn,b5,,,prediction_jsonl
radar_confidence_gated,401,test,buoy,fn,b6,,,prediction_jsonl
radar_confidence_gated,401,test,buoy,fn,b7,,,prediction_jsonl
radar_confidence_gated,401,test,buoy,fn,b8,,,prediction_jsonl
radar_confidence_gated,402,test,boat,tp,boat,0.6528430581092834,0.6920739162342489,prediction_jsonl
radar_confidence_gated,402,test,buoy,tp,b1,0.1856989860534668,0.62491935782083,prediction_jsonl
radar_confidence_gated,402,test,buoy,fn,b3,,,prediction_jsonl
radar_confidence_gated,402,test,buoy,fn,b4,,,prediction_jsonl
radar_confidence_gated,402,test,buoy,fn,b5,,,prediction_jsonl
radar_confidence_gated,402,test,buoy,fn,b6,,,prediction_jsonl
radar_confidence_gated,402,test,buoy,fn,b7,,,prediction_jsonl
radar_confidence_gated,402,test,buoy,fn,b8,,,prediction_jsonl
radar_confidence_gated,403,test,boat,tp,boat,0.6400536894798279,0.7145976938663067,prediction_jsonl
radar_confidence_gated,403,test,buoy,tp,b1,0.16812558472156525,0.6348846627870753,prediction_jsonl
radar_confidence_gated,403,test,buoy,fn,b3,,,prediction_jsonl
radar_confidence_gated,403,test,buoy,fn,b4,,,prediction_jsonl
radar_confidence_gated,403,test,buoy,fn,b5,,,prediction_jsonl
radar_confidence_gated,403,test,buoy,fn,b6,,,prediction_jsonl
radar_confidence_gated,403,test,buoy,fn,b7,,,prediction_jsonl
radar_confidence_gated,403,test,buoy,fn,b8,,,prediction_jsonl
radar_confidence_gated,404,test,boat,tp,boat,0.6392407417297363,0.7039929362872075,prediction_jsonl
radar_confidence_gated,404,test,buoy,tp,b1,0.164055734872818,0.6315310655015226,prediction_jsonl
radar_confidence_gated,404,test,buoy,fn,b3,,,prediction_jsonl
radar_confidence_gated,404,test,buoy,fn,b4,,,prediction_jsonl
radar_confidence_gated,404,test,buoy,fn,b5,,,prediction_jsonl
radar_confidence_gated,404,test,buoy,fn,b6,,,prediction_jsonl
radar_confidence_gated,404,test,buoy,fn,b7,,,prediction_jsonl
radar_confidence_gated,404,test,buoy,fn,b8,,,prediction_jsonl
radar_confidence_gated,405,test,boat,tp,boat,0.6321523189544678,0.7163244308400368,prediction_jsonl
radar_confidence_gated,405,test,buoy,tp,b1,0.1613602191209793,0.6477171780405334,prediction_jsonl
radar_confidence_gated,405,test,buoy,fn,b3,,,prediction_jsonl
radar_confidence_gated,405,test,buoy,fn,b4,,,prediction_jsonl
radar_confidence_gated,405,test,buoy,fn,b5,,,prediction_jsonl
radar_confidence_gated,405,test,buoy,fn,b6,,,prediction_jsonl
radar_confidence_gated,405,test,buoy,fn,b7,,,prediction_jsonl
radar_confidence_gated,405,test,buoy,fn,b8,,,prediction_jsonl
radar_confidence_gated,406,test,boat,tp,boat,0.6391363143920898,0.7114354665512979,prediction_jsonl
radar_confidence_gated,406,test,buoy,tp,b1,0.16971082985401154,0.6704072094363493,prediction_jsonl
radar_confidence_gated,406,test,buoy,fn,b3,,,prediction_jsonl
radar_confidence_gated,406,test,buoy,fn,b4,,,prediction_jsonl
radar_confidence_gated,406,test,buoy,fn,b5,,,prediction_jsonl
radar_confidence_gated,406,test,buoy,fn,b6,,,prediction_jsonl
radar_confidence_gated,406,test,buoy,fn,b7,,,prediction_jsonl
radar_confidence_gated,406,test,buoy,fn,b8,,,prediction_jsonl
radar_confidence_gated,407,test,boat,tp,boat,0.6523748636245728,0.7255123393751226,prediction_jsonl
radar_confidence_gated,407,test,buoy,tp,b1,0.2263273000717163,0.6429213967715026,prediction_jsonl
radar_confidence_gated,407,test,buoy,fn,b3,,,prediction_jsonl
radar_confidence_gated,407,test,buoy,fn,b4,,,prediction_jsonl
radar_confidence_gated,407,test,buoy,fn,b5,,,prediction_jsonl
radar_confidence_gated,407,test,buoy,fn,b6,,,prediction_jsonl
radar_confidence_gated,407,test,buoy,fn,b7,,,prediction_jsonl
radar_confidence_gated,407,test,buoy,fn,b8,,,prediction_jsonl
radar_confidence_gated,408,test,boat,tp,boat,0.6386333703994751,0.737652511411998,prediction_jsonl
radar_confidence_gated,408,test,buoy,tp,b1,0.21223078668117523,0.644094947532682,prediction_jsonl
radar_confidence_gated,408,test,buoy,fn,b3,,,prediction_jsonl
radar_confidence_gated,408,test,buoy,fn,b4,,,prediction_jsonl
radar_confidence_gated,408,test,buoy,fn,b5,,,prediction_jsonl
radar_confidence_gated,408,test,buoy,fn,b6,,,prediction_jsonl
radar_confidence_gated,408,test,buoy,fn,b7,,,prediction_jsonl
radar_confidence_gated,408,test,buoy,fn,b8,,,prediction_jsonl
radar_confidence_gated,409,test,boat,tp,boat,0.6527619957923889,0.7010464476922199,prediction_jsonl
radar_confidence_gated,409,test,buoy,tp,b1,0.22558914124965668,0.6208514991809763,prediction_jsonl
radar_confidence_gated,409,test,buoy,fn,b3,,,prediction_jsonl
radar_confidence_gated,409,test,buoy,fn,b4,,,prediction_jsonl
radar_confidence_gated,409,test,buoy,fn,b5,,,prediction_jsonl
radar_confidence_gated,409,test,buoy,fn,b6,,,prediction_jsonl
radar_confidence_gated,409,test,buoy,fn,b7,,,prediction_jsonl
radar_confidence_gated,409,test,buoy,fn,b8,,,prediction_jsonl
radar_confidence_gated,410,test,boat,tp,boat,0.6606642603874207,0.6857679106508571,prediction_jsonl
radar_confidence_gated,410,test,buoy,tp,b1,0.24651484191417694,0.6435673183941111,prediction_jsonl
radar_confidence_gated,410,test,buoy,fn,b3,,,prediction_jsonl
radar_confidence_gated,410,test,buoy,fn,b4,,,prediction_jsonl
radar_confidence_gated,410,test,buoy,fn,b5,,,prediction_jsonl
radar_confidence_gated,410,test,buoy,fn,b6,,,prediction_jsonl
radar_confidence_gated,410,test,buoy,fn,b7,,,prediction_jsonl
radar_confidence_gated,410,test,buoy,fn,b8,,,prediction_jsonl
radar_confidence_gated,411,test,boat,tp,boat,0.6583653092384338,0.6692044544684667,prediction_jsonl
radar_confidence_gated,411,test,buoy,tp,b1,0.2303043156862259,0.6145993128003661,prediction_jsonl
radar_confidence_gated,411,test,buoy,fn,b3,,,prediction_jsonl
radar_confidence_gated,411,test,buoy,fn,b4,,,prediction_jsonl
radar_confidence_gated,411,test,buoy,fn,b5,,,prediction_jsonl
radar_confidence_gated,411,test,buoy,fn,b6,,,prediction_jsonl
radar_confidence_gated,411,test,buoy,fn,b7,,,prediction_jsonl
radar_confidence_gated,411,test,buoy,fn,b8,,,prediction_jsonl
radar_confidence_gated,412,test,boat,tp,boat,0.6547691822052002,0.6975729005499554,prediction_jsonl
radar_confidence_gated,412,test,boat,fp,,0.17638905346393585,,prediction_jsonl
radar_confidence_gated,412,test,buoy,tp,b1,0.20596927404403687,0.6311161701479145,prediction_jsonl
radar_confidence_gated,412,test,buoy,fn,b3,,,prediction_jsonl
radar_confidence_gated,412,test,buoy,fn,b4,,,prediction_jsonl
radar_confidence_gated,412,test,buoy,fn,b5,,,prediction_jsonl
radar_confidence_gated,412,test,buoy,fn,b6,,,prediction_jsonl
radar_confidence_gated,412,test,buoy,fn,b7,,,prediction_jsonl
radar_confidence_gated,412,test,buoy,fn,b8,,,prediction_jsonl
radar_confidence_gated,413,test,boat,tp,boat,0.651319682598114,0.6825287451928933,prediction_jsonl
radar_confidence_gated,413,test,buoy,tp,b1,0.18979604542255402,0.6357310382002649,prediction_jsonl
radar_confidence_gated,413,test,buoy,fn,b3,,,prediction_jsonl
radar_confidence_gated,413,test,buoy,fn,b4,,,prediction_jsonl
radar_confidence_gated,413,test,buoy,fn,b5,,,prediction_jsonl
radar_confidence_gated,413,test,buoy,fn,b6,,,prediction_jsonl
radar_confidence_gated,413,test,buoy,fn,b7,,,prediction_jsonl
radar_confidence_gated,413,test,buoy,fn,b8,,,prediction_jsonl
radar_confidence_gated,414,test,boat,tp,boat,0.6561571955680847,0.7045057373595238,prediction_jsonl
radar_confidence_gated,414,test,boat,fp,,0.16853436827659607,,prediction_jsonl
radar_confidence_gated,414,test,buoy,fn,b1,,,prediction_jsonl
radar_confidence_gated,414,test,buoy,fn,b3,,,prediction_jsonl
radar_confidence_gated,414,test,buoy,fn,b4,,,prediction_jsonl
radar_confidence_gated,414,test,buoy,fn,b5,,,prediction_jsonl
radar_confidence_gated,414,test,buoy,fn,b6,,,prediction_jsonl
radar_confidence_gated,414,test,buoy,fn,b7,,,prediction_jsonl
radar_confidence_gated,414,test,buoy,fn,b8,,,prediction_jsonl
radar_confidence_gated,415,test,boat,tp,boat,0.6513081192970276,0.707330595417819,prediction_jsonl
radar_confidence_gated,415,test,buoy,tp,b1,0.1986224353313446,0.6590015055366807,prediction_jsonl
radar_confidence_gated,415,test,buoy,fn,b3,,,prediction_jsonl
radar_confidence_gated,415,test,buoy,fn,b4,,,prediction_jsonl
radar_confidence_gated,415,test,buoy,fn,b5,,,prediction_jsonl
radar_confidence_gated,415,test,buoy,fn,b6,,,prediction_jsonl
radar_confidence_gated,415,test,buoy,fn,b7,,,prediction_jsonl
radar_confidence_gated,415,test,buoy,fn,b8,,,prediction_jsonl
radar_confidence_gated,416,test,boat,tp,boat,0.632702648639679,0.6796235116751006,prediction_jsonl
radar_confidence_gated,416,test,boat,fp,,0.22001345455646515,,prediction_jsonl
radar_confidence_gated,416,test,buoy,tp,b1,0.18431398272514343,0.6495733486897778,prediction_jsonl
radar_confidence_gated,416,test,buoy,fn,b3,,,prediction_jsonl
radar_confidence_gated,416,test,buoy,fn,b4,,,prediction_jsonl
radar_confidence_gated,416,test,buoy,fn,b5,,,prediction_jsonl
radar_confidence_gated,416,test,buoy,fn,b6,,,prediction_jsonl
radar_confidence_gated,416,test,buoy,fn,b7,,,prediction_jsonl
radar_confidence_gated,416,test,buoy,fn,b8,,,prediction_jsonl
radar_confidence_gated,417,test,boat,tp,boat,0.659578800201416,0.7024953310963192,prediction_jsonl
radar_confidence_gated,417,test,buoy,tp,b1,0.19434785842895508,0.6605741246930307,prediction_jsonl
radar_confidence_gated,417,test,buoy,fn,b3,,,prediction_jsonl
radar_confidence_gated,417,test,buoy,fn,b4,,,prediction_jsonl
radar_confidence_gated,417,test,buoy,fn,b5,,,prediction_jsonl
radar_confidence_gated,417,test,buoy,fn,b6,,,prediction_jsonl
radar_confidence_gated,417,test,buoy,fn,b7,,,prediction_jsonl
radar_confidence_gated,417,test,buoy,fn,b8,,,prediction_jsonl
radar_confidence_gated,418,test,boat,tp,boat,0.6522756814956665,0.6975917444519912,prediction_jsonl
radar_confidence_gated,418,test,buoy,tp,b1,0.16025908291339874,0.6951346467442746,prediction_jsonl
radar_confidence_gated,418,test,buoy,fn,b3,,,prediction_jsonl
radar_confidence_gated,418,test,buoy,fn,b4,,,prediction_jsonl
radar_confidence_gated,418,test,buoy,fn,b5,,,prediction_jsonl
radar_confidence_gated,418,test,buoy,fn,b6,,,prediction_jsonl
radar_confidence_gated,418,test,buoy,fn,b7,,,prediction_jsonl
radar_confidence_gated,418,test,buoy,fn,b8,,,prediction_jsonl
vision_only_tiled,119,train,boat,tp,boat,0.6370086073875427,0.7120108964510586,prediction_jsonl
vision_only_tiled,119,train,buoy,tp,b1,0.22126361727714539,0.6020642336529316,prediction_jsonl
vision_only_tiled,119,train,buoy,fn,b2,,,prediction_jsonl
vision_only_tiled,119,train,buoy,fn,b3,,,prediction_jsonl
vision_only_tiled,119,train,buoy,fn,b4,,,prediction_jsonl
vision_only_tiled,119,train,buoy,fn,b5,,,prediction_jsonl
vision_only_tiled,119,train,buoy,fn,b6,,,prediction_jsonl
vision_only_tiled,119,train,buoy,fn,b7,,,prediction_jsonl
vision_only_tiled,119,train,buoy,fn,b8,,,prediction_jsonl
vision_only_tiled,120,train,boat,tp,boat,0.655012845993042,0.6856854640282276,prediction_jsonl
vision_only_tiled,120,train,buoy,tp,b1,0.2248810976743698,0.5877413615845505,prediction_jsonl
vision_only_tiled,120,train,buoy,fn,b2,,,prediction_jsonl
vision_only_tiled,120,train,buoy,fn,b3,,,prediction_jsonl
vision_only_tiled,120,train,buoy,fn,b4,,,prediction_jsonl
vision_only_tiled,120,train,buoy,fn,b5,,,prediction_jsonl
vision_only_tiled,120,train,buoy,fn,b6,,,prediction_jsonl
vision_only_tiled,120,train,buoy,fn,b7,,,prediction_jsonl
vision_only_tiled,120,train,buoy,fn,b8,,,prediction_jsonl
vision_only_tiled,121,train,boat,tp,boat,0.6587588787078857,0.7192467297760078,prediction_jsonl
vision_only_tiled,121,train,buoy,tp,b1,0.2042919397354126,0.6152168175328241,prediction_jsonl
vision_only_tiled,121,train,buoy,fn,b2,,,prediction_jsonl
vision_only_tiled,121,train,buoy,fn,b3,,,prediction_jsonl
vision_only_tiled,121,train,buoy,fn,b4,,,prediction_jsonl
vision_only_tiled,121,train,buoy,fn,b5,,,prediction_jsonl
vision_only_tiled,121,train,buoy,fn,b6,,,prediction_jsonl
vision_only_tiled,121,train,buoy,fn,b7,,,prediction_jsonl
vision_only_tiled,121,train,buoy,fn,b8,,,prediction_jsonl
vision_only_tiled,122,train,boat,tp,boat,0.643306314945221,0.719096177709124,prediction_jsonl
vision_only_tiled,122,train,buoy,tp,b1,0.1826675683259964,0.6130984630354689,prediction_jsonl
vision_only_tiled,122,train,buoy,fn,b2,,,prediction_jsonl
vision_only_tiled,122,train,buoy,fn,b3,,,prediction_jsonl
vision_only_tiled,122,train,buoy,fn,b4,,,prediction_jsonl
vision_only_tiled,122,train,buoy,fn,b5,,,prediction_jsonl
vision_only_tiled,122,train,buoy,fn,b6,,,prediction_jsonl
vision_only_tiled,122,train,buoy,fn,b7,,,prediction_jsonl
vision_only_tiled,122,train,buoy,fn,b8,,,prediction_jsonl
vision_only_tiled,123,train,boat,tp,boat,0.6453753113746643,0.7033542515881489,prediction_jsonl
vision_only_tiled,123,train,buoy,tp,b1,0.18542277812957764,0.5915504271007026,prediction_jsonl
vision_only_tiled,123,train,buoy,fn,b2,,,prediction_jsonl
vision_only_tiled,123,train,buoy,fn,b3,,,prediction_jsonl
vision_only_tiled,123,train,buoy,fn,b4,,,prediction_jsonl
vision_only_tiled,123,train,buoy,fn,b5,,,prediction_jsonl
vision_only_tiled,123,train,buoy,fn,b6,,,prediction_jsonl
vision_only_tiled,123,train,buoy,fn,b7,,,prediction_jsonl
vision_only_tiled,123,train,buoy,fn,b8,,,prediction_jsonl
vision_only_tiled,124,train,boat,tp,boat,0.6462193727493286,0.6930290229017684,prediction_jsonl
vision_only_tiled,124,train,buoy,tp,b1,0.21214717626571655,0.5894453423182822,prediction_jsonl
vision_only_tiled,124,train,buoy,fn,b2,,,prediction_jsonl
vision_only_tiled,124,train,buoy,fn,b3,,,prediction_jsonl
vision_only_tiled,124,train,buoy,fn,b4,,,prediction_jsonl
vision_only_tiled,124,train,buoy,fn,b5,,,prediction_jsonl
vision_only_tiled,124,train,buoy,fn,b6,,,prediction_jsonl
vision_only_tiled,124,train,buoy,fn,b7,,,prediction_jsonl
vision_only_tiled,124,train,buoy,fn,b8,,,prediction_jsonl
vision_only_tiled,125,train,boat,tp,boat,0.6497337222099304,0.6918044949673002,prediction_jsonl
vision_only_tiled,125,train,buoy,tp,b1,0.21629980206489563,0.5624013911815118,prediction_jsonl
vision_only_tiled,125,train,buoy,fn,b2,,,prediction_jsonl
vision_only_tiled,125,train,buoy,fn,b3,,,prediction_jsonl
vision_only_tiled,125,train,buoy,fn,b4,,,prediction_jsonl
vision_only_tiled,125,train,buoy,fn,b5,,,prediction_jsonl
vision_only_tiled,125,train,buoy,fn,b6,,,prediction_jsonl
vision_only_tiled,125,train,buoy,fn,b7,,,prediction_jsonl
vision_only_tiled,125,train,buoy,fn,b8,,,prediction_jsonl
vision_only_tiled,126,train,boat,tp,boat,0.6515589952468872,0.6804011795185697,prediction_jsonl
vision_only_tiled,126,train,buoy,tp,b1,0.2300954908132553,0.573363082476747,prediction_jsonl
vision_only_tiled,126,train,buoy,fn,b2,,,prediction_jsonl
vision_only_tiled,126,train,buoy,fn,b3,,,prediction_jsonl
vision_only_tiled,126,train,buoy,fn,b4,,,prediction_jsonl
vision_only_tiled,126,train,buoy,fn,b5,,,prediction_jsonl
vision_only_tiled,126,train,buoy,fn,b6,,,prediction_jsonl
vision_only_tiled,126,train,buoy,fn,b7,,,prediction_jsonl
vision_only_tiled,126,train,buoy,fn,b8,,,prediction_jsonl
vision_only_tiled,127,train,boat,tp,boat,0.6536134481430054,0.6988795729831883,prediction_jsonl
vision_only_tiled,127,train,buoy,tp,b1,0.21180063486099243,0.5714712242386483,prediction_jsonl
vision_only_tiled,127,train,buoy,fn,b2,,,prediction_jsonl
vision_only_tiled,127,train,buoy,fn,b3,,,prediction_jsonl
vision_only_tiled,127,train,buoy,fn,b4,,,prediction_jsonl
vision_only_tiled,127,train,buoy,fn,b5,,,prediction_jsonl
vision_only_tiled,127,train,buoy,fn,b6,,,prediction_jsonl
vision_only_tiled,127,train,buoy,fn,b7,,,prediction_jsonl
vision_only_tiled,127,train,buoy,fn,b8,,,prediction_jsonl
vision_only_tiled,128,train,boat,tp,boat,0.6426524519920349,0.6836999746987475,prediction_jsonl
vision_only_tiled,128,train,buoy,tp,b1,0.21084536612033844,0.5761929778603454,prediction_jsonl
vision_only_tiled,128,train,buoy,fn,b2,,,prediction_jsonl
vision_only_tiled,128,train,buoy,fn,b3,,,prediction_jsonl
vision_only_tiled,128,train,buoy,fn,b4,,,prediction_jsonl
vision_only_tiled,128,train,buoy,fn,b5,,,prediction_jsonl
vision_only_tiled,128,train,buoy,fn,b6,,,prediction_jsonl
vision_only_tiled,128,train,buoy,fn,b7,,,prediction_jsonl
vision_only_tiled,128,train,buoy,fn,b8,,,prediction_jsonl
vision_only_tiled,129,train,boat,tp,boat,0.6453797221183777,0.647562432455728,prediction_jsonl
vision_only_tiled,129,train,buoy,tp,b1,0.19362513720989227,0.592885139978452,prediction_jsonl
vision_only_tiled,129,train,buoy,fn,b2,,,prediction_jsonl
vision_only_tiled,129,train,buoy,fn,b3,,,prediction_jsonl
vision_only_tiled,129,train,buoy,fn,b4,,,prediction_jsonl
vision_only_tiled,129,train,buoy,fn,b5,,,prediction_jsonl
vision_only_tiled,129,train,buoy,fn,b6,,,prediction_jsonl
vision_only_tiled,129,train,buoy,fn,b7,,,prediction_jsonl
vision_only_tiled,129,train,buoy,fn,b8,,,prediction_jsonl
vision_only_tiled,130,train,boat,tp,boat,0.6446740627288818,0.7037801414742831,prediction_jsonl
vision_only_tiled,130,train,buoy,tp,b1,0.2085561752319336,0.5792253991632815,prediction_jsonl
vision_only_tiled,130,train,buoy,fn,b2,,,prediction_jsonl
vision_only_tiled,130,train,buoy,fn,b3,,,prediction_jsonl
vision_only_tiled,130,train,buoy,fn,b4,,,prediction_jsonl
vision_only_tiled,130,train,buoy,fn,b5,,,prediction_jsonl
vision_only_tiled,130,train,buoy,fn,b6,,,prediction_jsonl
vision_only_tiled,130,train,buoy,fn,b7,,,prediction_jsonl
vision_only_tiled,130,train,buoy,fn,b8,,,prediction_jsonl
vision_only_tiled,131,train,boat,tp,boat,0.6508535742759705,0.690431951858827,prediction_jsonl
vision_only_tiled,131,train,buoy,tp,b1,0.18980804085731506,0.560845482036759,prediction_jsonl
vision_only_tiled,131,train,buoy,fn,b2,,,prediction_jsonl
vision_only_tiled,131,train,buoy,fn,b3,,,prediction_jsonl
vision_only_tiled,131,train,buoy,fn,b4,,,prediction_jsonl
vision_only_tiled,131,train,buoy,fn,b5,,,prediction_jsonl
vision_only_tiled,131,train,buoy,fn,b6,,,prediction_jsonl
vision_only_tiled,131,train,buoy,fn,b7,,,prediction_jsonl
vision_only_tiled,131,train,buoy,fn,b8,,,prediction_jsonl
vision_only_tiled,132,train,boat,tp,boat,0.6543265581130981,0.6854023167154728,prediction_jsonl
vision_only_tiled,132,train,buoy,tp,b1,0.20736883580684662,0.5691241221224944,prediction_jsonl
vision_only_tiled,132,train,buoy,fn,b2,,,prediction_jsonl
vision_only_tiled,132,train,buoy,fn,b3,,,prediction_jsonl
vision_only_tiled,132,train,buoy,fn,b4,,,prediction_jsonl
vision_only_tiled,132,train,buoy,fn,b5,,,prediction_jsonl
vision_only_tiled,132,train,buoy,fn,b6,,,prediction_jsonl
vision_only_tiled,132,train,buoy,fn,b7,,,prediction_jsonl
vision_only_tiled,132,train,buoy,fn,b8,,,prediction_jsonl
vision_only_tiled,133,train,boat,tp,boat,0.6430542469024658,0.6952911519263085,prediction_jsonl
vision_only_tiled,133,train,buoy,tp,b1,0.2189377099275589,0.570155615471033,prediction_jsonl
vision_only_tiled,133,train,buoy,fn,b2,,,prediction_jsonl
vision_only_tiled,133,train,buoy,fn,b3,,,prediction_jsonl
vision_only_tiled,133,train,buoy,fn,b4,,,prediction_jsonl
vision_only_tiled,133,train,buoy,fn,b5,,,prediction_jsonl
vision_only_tiled,133,train,buoy,fn,b6,,,prediction_jsonl
vision_only_tiled,133,train,buoy,fn,b7,,,prediction_jsonl
vision_only_tiled,133,train,buoy,fn,b8,,,prediction_jsonl
vision_only_tiled,134,train,boat,tp,boat,0.6449906826019287,0.7009442717562744,prediction_jsonl
vision_only_tiled,134,train,buoy,tp,b1,0.24370956420898438,0.5913083772789,prediction_jsonl
vision_only_tiled,134,train,buoy,fn,b2,,,prediction_jsonl
vision_only_tiled,134,train,buoy,fn,b3,,,prediction_jsonl
vision_only_tiled,134,train,buoy,fn,b4,,,prediction_jsonl
vision_only_tiled,134,train,buoy,fn,b5,,,prediction_jsonl
vision_only_tiled,134,train,buoy,fn,b6,,,prediction_jsonl
vision_only_tiled,134,train,buoy,fn,b7,,,prediction_jsonl
vision_only_tiled,134,train,buoy,fn,b8,,,prediction_jsonl
vision_only_tiled,135,train,boat,tp,boat,0.6496593356132507,0.6939822317113469,prediction_jsonl
vision_only_tiled,135,train,buoy,tp,b1,0.22028958797454834,0.5618727387338853,prediction_jsonl
vision_only_tiled,135,train,buoy,fn,b2,,,prediction_jsonl
vision_only_tiled,135,train,buoy,fn,b3,,,prediction_jsonl
vision_only_tiled,135,train,buoy,fn,b4,,,prediction_jsonl
vision_only_tiled,135,train,buoy,fn,b5,,,prediction_jsonl
vision_only_tiled,135,train,buoy,fn,b6,,,prediction_jsonl
vision_only_tiled,135,train,buoy,fn,b7,,,prediction_jsonl
vision_only_tiled,135,train,buoy,fn,b8,,,prediction_jsonl
vision_only_tiled,136,train,boat,tp,boat,0.6427674889564514,0.6830215837881741,prediction_jsonl
vision_only_tiled,136,train,buoy,tp,b1,0.21170048415660858,0.565103684288664,prediction_jsonl
vision_only_tiled,136,train,buoy,fn,b2,,,prediction_jsonl
vision_only_tiled,136,train,buoy,fn,b3,,,prediction_jsonl
vision_only_tiled,136,train,buoy,fn,b4,,,prediction_jsonl
vision_only_tiled,136,train,buoy,fn,b5,,,prediction_jsonl
vision_only_tiled,136,train,buoy,fn,b6,,,prediction_jsonl
vision_only_tiled,136,train,buoy,fn,b7,,,prediction_jsonl
vision_only_tiled,136,train,buoy,fn,b8,,,prediction_jsonl
vision_only_tiled,137,train,boat,tp,boat,0.6270310878753662,0.6750786168524444,prediction_jsonl
vision_only_tiled,137,train,buoy,tp,b1,0.20767298340797424,0.54104298779246,prediction_jsonl
vision_only_tiled,137,train,buoy,fn,b2,,,prediction_jsonl
vision_only_tiled,137,train,buoy,fn,b3,,,prediction_jsonl
vision_only_tiled,137,train,buoy,fn,b4,,,prediction_jsonl
vision_only_tiled,137,train,buoy,fn,b5,,,prediction_jsonl
vision_only_tiled,137,train,buoy,fn,b6,,,prediction_jsonl
vision_only_tiled,137,train,buoy,fn,b7,,,prediction_jsonl
vision_only_tiled,137,train,buoy,fn,b8,,,prediction_jsonl
vision_only_tiled,138,train,boat,tp,boat,0.6362408995628357,0.680888519276641,prediction_jsonl
vision_only_tiled,138,train,buoy,fn,b1,,,prediction_jsonl
vision_only_tiled,138,train,buoy,fn,b2,,,prediction_jsonl
vision_only_tiled,138,train,buoy,fn,b3,,,prediction_jsonl
vision_only_tiled,138,train,buoy,fn,b4,,,prediction_jsonl
vision_only_tiled,138,train,buoy,fn,b5,,,prediction_jsonl
vision_only_tiled,138,train,buoy,fn,b6,,,prediction_jsonl
vision_only_tiled,138,train,buoy,fn,b7,,,prediction_jsonl
vision_only_tiled,138,train,buoy,fn,b8,,,prediction_jsonl
vision_only_tiled,139,train,boat,tp,boat,0.6417778730392456,0.6953110324730051,prediction_jsonl
vision_only_tiled,139,train,buoy,tp,b1,0.22081074118614197,0.6137371264738758,prediction_jsonl
vision_only_tiled,139,train,buoy,fn,b2,,,prediction_jsonl
vision_only_tiled,139,train,buoy,fn,b3,,,prediction_jsonl
vision_only_tiled,139,train,buoy,fn,b4,,,prediction_jsonl
vision_only_tiled,139,train,buoy,fn,b5,,,prediction_jsonl
vision_only_tiled,139,train,buoy,fn,b6,,,prediction_jsonl
vision_only_tiled,139,train,buoy,fn,b7,,,prediction_jsonl
vision_only_tiled,139,train,buoy,fn,b8,,,prediction_jsonl
vision_only_tiled,140,train,boat,tp,boat,0.6437845230102539,0.6748371153086252,prediction_jsonl
vision_only_tiled,140,train,buoy,tp,b1,0.22478212416172028,0.5934746325808183,prediction_jsonl
vision_only_tiled,140,train,buoy,fn,b2,,,prediction_jsonl
vision_only_tiled,140,train,buoy,fn,b3,,,prediction_jsonl
vision_only_tiled,140,train,buoy,fn,b4,,,prediction_jsonl
vision_only_tiled,140,train,buoy,fn,b5,,,prediction_jsonl
vision_only_tiled,140,train,buoy,fn,b6,,,prediction_jsonl
vision_only_tiled,140,train,buoy,fn,b7,,,prediction_jsonl
vision_only_tiled,140,train,buoy,fn,b8,,,prediction_jsonl
vision_only_tiled,141,train,boat,tp,boat,0.6485875248908997,0.6919041676054788,prediction_jsonl
vision_only_tiled,141,train,buoy,tp,b1,0.20324034988880157,0.6103234779019215,prediction_jsonl
vision_only_tiled,141,train,buoy,fn,b2,,,prediction_jsonl
vision_only_tiled,141,train,buoy,fn,b3,,,prediction_jsonl
vision_only_tiled,141,train,buoy,fn,b4,,,prediction_jsonl
vision_only_tiled,141,train,buoy,fn,b5,,,prediction_jsonl
vision_only_tiled,141,train,buoy,fn,b6,,,prediction_jsonl
vision_only_tiled,141,train,buoy,fn,b7,,,prediction_jsonl
vision_only_tiled,141,train,buoy,fn,b8,,,prediction_jsonl
vision_only_tiled,142,train,boat,tp,boat,0.6271960735321045,0.6879445550902944,prediction_jsonl
vision_only_tiled,142,train,buoy,tp,b1,0.21831929683685303,0.6142735695176401,prediction_jsonl
vision_only_tiled,142,train,buoy,fn,b2,,,prediction_jsonl
vision_only_tiled,142,train,buoy,fn,b3,,,prediction_jsonl
vision_only_tiled,142,train,buoy,fn,b4,,,prediction_jsonl
vision_only_tiled,142,train,buoy,fn,b5,,,prediction_jsonl
vision_only_tiled,142,train,buoy,fn,b6,,,prediction_jsonl
vision_only_tiled,142,train,buoy,fn,b7,,,prediction_jsonl
vision_only_tiled,142,train,buoy,fn,b8,,,prediction_jsonl
vision_only_tiled,143,train,boat,tp,boat,0.6026223301887512,0.7054737097400727,prediction_jsonl
vision_only_tiled,143,train,buoy,tp,b1,0.18123310804367065,0.6111912651750695,prediction_jsonl
vision_only_tiled,143,train,buoy,fn,b2,,,prediction_jsonl
vision_only_tiled,143,train,buoy,fn,b3,,,prediction_jsonl
vision_only_tiled,143,train,buoy,fn,b4,,,prediction_jsonl
vision_only_tiled,143,train,buoy,fn,b5,,,prediction_jsonl
vision_only_tiled,143,train,buoy,fn,b6,,,prediction_jsonl
vision_only_tiled,143,train,buoy,fn,b7,,,prediction_jsonl
vision_only_tiled,143,train,buoy,fn,b8,,,prediction_jsonl
vision_only_tiled,144,train,boat,tp,boat,0.6285107135772705,0.685931508244626,prediction_jsonl
vision_only_tiled,144,train,buoy,tp,b1,0.22351211309432983,0.5737612851978566,prediction_jsonl
vision_only_tiled,144,train,buoy,fn,b2,,,prediction_jsonl
vision_only_tiled,144,train,buoy,fn,b3,,,prediction_jsonl
vision_only_tiled,144,train,buoy,fn,b4,,,prediction_jsonl
vision_only_tiled,144,train,buoy,fn,b5,,,prediction_jsonl
vision_only_tiled,144,train,buoy,fn,b6,,,prediction_jsonl
vision_only_tiled,144,train,buoy,fn,b7,,,prediction_jsonl
vision_only_tiled,144,train,buoy,fn,b8,,,prediction_jsonl
vision_only_tiled,145,train,boat,tp,boat,0.6186997890472412,0.6839157770702269,prediction_jsonl
vision_only_tiled,145,train,buoy,tp,b1,0.18512338399887085,0.6145591355786939,prediction_jsonl
vision_only_tiled,145,train,buoy,fn,b2,,,prediction_jsonl
vision_only_tiled,145,train,buoy,fn,b3,,,prediction_jsonl
vision_only_tiled,145,train,buoy,fn,b4,,,prediction_jsonl
vision_only_tiled,145,train,buoy,fn,b5,,,prediction_jsonl
vision_only_tiled,145,train,buoy,fn,b6,,,prediction_jsonl
vision_only_tiled,145,train,buoy,fn,b7,,,prediction_jsonl
vision_only_tiled,145,train,buoy,fn,b8,,,prediction_jsonl
vision_only_tiled,146,train,boat,tp,boat,0.6295648813247681,0.7143946811297361,prediction_jsonl
vision_only_tiled,146,train,buoy,tp,b1,0.18499189615249634,0.5878433551983643,prediction_jsonl
vision_only_tiled,146,train,buoy,fn,b2,,,prediction_jsonl
vision_only_tiled,146,train,buoy,fn,b3,,,prediction_jsonl
vision_only_tiled,146,train,buoy,fn,b4,,,prediction_jsonl
vision_only_tiled,146,train,buoy,fn,b5,,,prediction_jsonl
vision_only_tiled,146,train,buoy,fn,b6,,,prediction_jsonl
vision_only_tiled,146,train,buoy,fn,b7,,,prediction_jsonl
vision_only_tiled,146,train,buoy,fn,b8,,,prediction_jsonl
vision_only_tiled,147,train,boat,tp,boat,0.6461994051933289,0.6801109869561159,prediction_jsonl
vision_only_tiled,147,train,buoy,tp,b1,0.21555869281291962,0.592721727925992,prediction_jsonl
vision_only_tiled,147,train,buoy,fn,b2,,,prediction_jsonl
vision_only_tiled,147,train,buoy,fn,b3,,,prediction_jsonl
vision_only_tiled,147,train,buoy,fn,b4,,,prediction_jsonl
vision_only_tiled,147,train,buoy,fn,b5,,,prediction_jsonl
vision_only_tiled,147,train,buoy,fn,b6,,,prediction_jsonl
vision_only_tiled,147,train,buoy,fn,b7,,,prediction_jsonl
vision_only_tiled,147,train,buoy,fn,b8,,,prediction_jsonl
vision_only_tiled,148,train,boat,tp,boat,0.6341513395309448,0.6911454574424297,prediction_jsonl
vision_only_tiled,148,train,buoy,tp,b1,0.2015482634305954,0.5967979897387892,prediction_jsonl
vision_only_tiled,148,train,buoy,fn,b2,,,prediction_jsonl
vision_only_tiled,148,train,buoy,fn,b3,,,prediction_jsonl
vision_only_tiled,148,train,buoy,fn,b4,,,prediction_jsonl
vision_only_tiled,148,train,buoy,fn,b5,,,prediction_jsonl
vision_only_tiled,148,train,buoy,fn,b6,,,prediction_jsonl
vision_only_tiled,148,train,buoy,fn,b7,,,prediction_jsonl
vision_only_tiled,148,train,buoy,fn,b8,,,prediction_jsonl
vision_only_tiled,149,train,boat,tp,boat,0.6432569026947021,0.6653062941600991,prediction_jsonl
vision_only_tiled,149,train,buoy,tp,b1,0.21019130945205688,0.5840486297713385,prediction_jsonl
vision_only_tiled,149,train,buoy,fn,b2,,,prediction_jsonl
vision_only_tiled,149,train,buoy,fn,b3,,,prediction_jsonl
vision_only_tiled,149,train,buoy,fn,b4,,,prediction_jsonl
vision_only_tiled,149,train,buoy,fn,b5,,,prediction_jsonl
vision_only_tiled,149,train,buoy,fn,b6,,,prediction_jsonl
vision_only_tiled,149,train,buoy,fn,b7,,,prediction_jsonl
vision_only_tiled,149,train,buoy,fn,b8,,,prediction_jsonl
vision_only_tiled,150,train,boat,tp,boat,0.6470515727996826,0.6991517258187376,prediction_jsonl
vision_only_tiled,150,train,buoy,tp,b1,0.22384387254714966,0.5683594378745134,prediction_jsonl
vision_only_tiled,150,train,buoy,fn,b2,,,prediction_jsonl
vision_only_tiled,150,train,buoy,fn,b3,,,prediction_jsonl
vision_only_tiled,150,train,buoy,fn,b4,,,prediction_jsonl
vision_only_tiled,150,train,buoy,fn,b5,,,prediction_jsonl
vision_only_tiled,150,train,buoy,fn,b6,,,prediction_jsonl
vision_only_tiled,150,train,buoy,fn,b7,,,prediction_jsonl
vision_only_tiled,150,train,buoy,fn,b8,,,prediction_jsonl
vision_only_tiled,151,train,boat,tp,boat,0.6482003331184387,0.6647968239154793,prediction_jsonl
vision_only_tiled,151,train,buoy,tp,b1,0.24217049777507782,0.5943562349737533,prediction_jsonl
vision_only_tiled,151,train,buoy,fn,b2,,,prediction_jsonl
vision_only_tiled,151,train,buoy,fn,b3,,,prediction_jsonl
vision_only_tiled,151,train,buoy,fn,b4,,,prediction_jsonl
vision_only_tiled,151,train,buoy,fn,b5,,,prediction_jsonl
vision_only_tiled,151,train,buoy,fn,b6,,,prediction_jsonl
vision_only_tiled,151,train,buoy,fn,b7,,,prediction_jsonl
vision_only_tiled,151,train,buoy,fn,b8,,,prediction_jsonl
vision_only_tiled,152,train,boat,tp,boat,0.6412693858146667,0.6881159146800623,prediction_jsonl
vision_only_tiled,152,train,buoy,tp,b1,0.21215176582336426,0.604555575292083,prediction_jsonl
vision_only_tiled,152,train,buoy,fn,b2,,,prediction_jsonl
vision_only_tiled,152,train,buoy,fn,b3,,,prediction_jsonl
vision_only_tiled,152,train,buoy,fn,b4,,,prediction_jsonl
vision_only_tiled,152,train,buoy,fn,b5,,,prediction_jsonl
vision_only_tiled,152,train,buoy,fn,b6,,,prediction_jsonl
vision_only_tiled,152,train,buoy,fn,b7,,,prediction_jsonl
vision_only_tiled,152,train,buoy,fn,b8,,,prediction_jsonl
vision_only_tiled,153,train,boat,tp,boat,0.6361167430877686,0.683038268896538,prediction_jsonl
vision_only_tiled,153,train,buoy,tp,b1,0.22442135214805603,0.6122402740714519,prediction_jsonl
vision_only_tiled,153,train,buoy,fn,b2,,,prediction_jsonl
vision_only_tiled,153,train,buoy,fn,b3,,,prediction_jsonl
vision_only_tiled,153,train,buoy,fn,b4,,,prediction_jsonl
vision_only_tiled,153,train,buoy,fn,b5,,,prediction_jsonl
vision_only_tiled,153,train,buoy,fn,b6,,,prediction_jsonl
vision_only_tiled,153,train,buoy,fn,b7,,,prediction_jsonl
vision_only_tiled,153,train,buoy,fn,b8,,,prediction_jsonl
vision_only_tiled,154,train,boat,tp,boat,0.6319398283958435,0.6717903113468187,prediction_jsonl
vision_only_tiled,154,train,buoy,tp,b1,0.18477442860603333,0.6222369911619584,prediction_jsonl
vision_only_tiled,154,train,buoy,fn,b2,,,prediction_jsonl
vision_only_tiled,154,train,buoy,fn,b3,,,prediction_jsonl
vision_only_tiled,154,train,buoy,fn,b4,,,prediction_jsonl
vision_only_tiled,154,train,buoy,fn,b5,,,prediction_jsonl
vision_only_tiled,154,train,buoy,fn,b6,,,prediction_jsonl
vision_only_tiled,154,train,buoy,fn,b7,,,prediction_jsonl
vision_only_tiled,154,train,buoy,fn,b8,,,prediction_jsonl
vision_only_tiled,155,train,boat,tp,boat,0.6527012586593628,0.655592530257073,prediction_jsonl
vision_only_tiled,155,train,buoy,tp,b1,0.23722724616527557,0.6306132682694983,prediction_jsonl
vision_only_tiled,155,train,buoy,fn,b2,,,prediction_jsonl
vision_only_tiled,155,train,buoy,fn,b3,,,prediction_jsonl
vision_only_tiled,155,train,buoy,fn,b4,,,prediction_jsonl
vision_only_tiled,155,train,buoy,fn,b5,,,prediction_jsonl
vision_only_tiled,155,train,buoy,fn,b6,,,prediction_jsonl
vision_only_tiled,155,train,buoy,fn,b7,,,prediction_jsonl
vision_only_tiled,155,train,buoy,fn,b8,,,prediction_jsonl
vision_only_tiled,156,train,boat,tp,boat,0.6498709321022034,0.6784774168248577,prediction_jsonl
vision_only_tiled,156,train,buoy,tp,b1,0.20170022547245026,0.6234998146725338,prediction_jsonl
vision_only_tiled,156,train,buoy,fn,b2,,,prediction_jsonl
vision_only_tiled,156,train,buoy,fn,b3,,,prediction_jsonl
vision_only_tiled,156,train,buoy,fn,b4,,,prediction_jsonl
vision_only_tiled,156,train,buoy,fn,b5,,,prediction_jsonl
vision_only_tiled,156,train,buoy,fn,b6,,,prediction_jsonl
vision_only_tiled,156,train,buoy,fn,b7,,,prediction_jsonl
vision_only_tiled,156,train,buoy,fn,b8,,,prediction_jsonl
vision_only_tiled,157,train,boat,tp,boat,0.6298069357872009,0.6932293850727927,prediction_jsonl
vision_only_tiled,157,train,buoy,tp,b1,0.2009463757276535,0.6521797019877501,prediction_jsonl
vision_only_tiled,157,train,buoy,fn,b2,,,prediction_jsonl
vision_only_tiled,157,train,buoy,fn,b3,,,prediction_jsonl
vision_only_tiled,157,train,buoy,fn,b4,,,prediction_jsonl
vision_only_tiled,157,train,buoy,fn,b5,,,prediction_jsonl
vision_only_tiled,157,train,buoy,fn,b6,,,prediction_jsonl
vision_only_tiled,157,train,buoy,fn,b7,,,prediction_jsonl
vision_only_tiled,157,train,buoy,fn,b8,,,prediction_jsonl
vision_only_tiled,158,train,boat,tp,boat,0.6263938546180725,0.68519777499581,prediction_jsonl
vision_only_tiled,158,train,buoy,tp,b1,0.18958665430545807,0.631365199248499,prediction_jsonl
vision_only_tiled,158,train,buoy,fn,b2,,,prediction_jsonl
vision_only_tiled,158,train,buoy,fn,b3,,,prediction_jsonl
vision_only_tiled,158,train,buoy,fn,b4,,,prediction_jsonl
vision_only_tiled,158,train,buoy,fn,b5,,,prediction_jsonl
vision_only_tiled,158,train,buoy,fn,b6,,,prediction_jsonl
vision_only_tiled,158,train,buoy,fn,b7,,,prediction_jsonl
vision_only_tiled,158,train,buoy,fn,b8,,,prediction_jsonl
vision_only_tiled,159,train,boat,tp,boat,0.642605721950531,0.6992885137959489,prediction_jsonl
vision_only_tiled,159,train,buoy,tp,b1,0.2147156298160553,0.5982298547498389,prediction_jsonl
vision_only_tiled,159,train,buoy,fn,b2,,,prediction_jsonl
vision_only_tiled,159,train,buoy,fn,b3,,,prediction_jsonl
vision_only_tiled,159,train,buoy,fn,b4,,,prediction_jsonl
vision_only_tiled,159,train,buoy,fn,b5,,,prediction_jsonl
vision_only_tiled,159,train,buoy,fn,b6,,,prediction_jsonl
vision_only_tiled,159,train,buoy,fn,b7,,,prediction_jsonl
vision_only_tiled,159,train,buoy,fn,b8,,,prediction_jsonl
vision_only_tiled,160,train,boat,tp,boat,0.6316248178482056,0.6993934557181469,prediction_jsonl
vision_only_tiled,160,train,buoy,tp,b1,0.2293371558189392,0.6020581539227425,prediction_jsonl
vision_only_tiled,160,train,buoy,fn,b2,,,prediction_jsonl
vision_only_tiled,160,train,buoy,fn,b3,,,prediction_jsonl
vision_only_tiled,160,train,buoy,fn,b4,,,prediction_jsonl
vision_only_tiled,160,train,buoy,fn,b5,,,prediction_jsonl
vision_only_tiled,160,train,buoy,fn,b6,,,prediction_jsonl
vision_only_tiled,160,train,buoy,fn,b7,,,prediction_jsonl
vision_only_tiled,160,train,buoy,fn,b8,,,prediction_jsonl
vision_only_tiled,161,train,boat,tp,boat,0.6322957277297974,0.7004238644547983,prediction_jsonl
vision_only_tiled,161,train,buoy,tp,b1,0.1913163810968399,0.6176751347616026,prediction_jsonl
vision_only_tiled,161,train,buoy,fn,b2,,,prediction_jsonl
vision_only_tiled,161,train,buoy,fn,b3,,,prediction_jsonl
vision_only_tiled,161,train,buoy,fn,b4,,,prediction_jsonl
vision_only_tiled,161,train,buoy,fn,b5,,,prediction_jsonl
vision_only_tiled,161,train,buoy,fn,b6,,,prediction_jsonl
vision_only_tiled,161,train,buoy,fn,b7,,,prediction_jsonl
vision_only_tiled,161,train,buoy,fn,b8,,,prediction_jsonl
vision_only_tiled,162,train,boat,tp,boat,0.6335526704788208,0.7024161183816988,prediction_jsonl
vision_only_tiled,162,train,buoy,tp,b1,0.1887187957763672,0.6091683792663067,prediction_jsonl
vision_only_tiled,162,train,buoy,fn,b2,,,prediction_jsonl
vision_only_tiled,162,train,buoy,fn,b3,,,prediction_jsonl
vision_only_tiled,162,train,buoy,fn,b4,,,prediction_jsonl
vision_only_tiled,162,train,buoy,fn,b5,,,prediction_jsonl
vision_only_tiled,162,train,buoy,fn,b6,,,prediction_jsonl
vision_only_tiled,162,train,buoy,fn,b7,,,prediction_jsonl
vision_only_tiled,162,train,buoy,fn,b8,,,prediction_jsonl
vision_only_tiled,163,train,boat,tp,boat,0.6456437706947327,0.7032914906511136,prediction_jsonl
vision_only_tiled,163,train,buoy,tp,b1,0.22672687470912933,0.6240374129788334,prediction_jsonl
vision_only_tiled,163,train,buoy,fn,b2,,,prediction_jsonl
vision_only_tiled,163,train,buoy,fn,b3,,,prediction_jsonl
vision_only_tiled,163,train,buoy,fn,b4,,,prediction_jsonl
vision_only_tiled,163,train,buoy,fn,b5,,,prediction_jsonl
vision_only_tiled,163,train,buoy,fn,b6,,,prediction_jsonl
vision_only_tiled,163,train,buoy,fn,b7,,,prediction_jsonl
vision_only_tiled,163,train,buoy,fn,b8,,,prediction_jsonl
vision_only_tiled,164,train,boat,tp,boat,0.6382286548614502,0.6780286155649017,prediction_jsonl
vision_only_tiled,164,train,buoy,tp,b1,0.20793306827545166,0.5940604813477948,prediction_jsonl
vision_only_tiled,164,train,buoy,fn,b2,,,prediction_jsonl
vision_only_tiled,164,train,buoy,fn,b3,,,prediction_jsonl
vision_only_tiled,164,train,buoy,fn,b4,,,prediction_jsonl
vision_only_tiled,164,train,buoy,fn,b5,,,prediction_jsonl
vision_only_tiled,164,train,buoy,fn,b6,,,prediction_jsonl
vision_only_tiled,164,train,buoy,fn,b7,,,prediction_jsonl
vision_only_tiled,164,train,buoy,fn,b8,,,prediction_jsonl
vision_only_tiled,165,train,boat,tp,boat,0.6318438649177551,0.6883023209708492,prediction_jsonl
vision_only_tiled,165,train,buoy,tp,b1,0.22037658095359802,0.6055541553975378,prediction_jsonl
vision_only_tiled,165,train,buoy,fn,b2,,,prediction_jsonl
vision_only_tiled,165,train,buoy,fn,b3,,,prediction_jsonl
vision_only_tiled,165,train,buoy,fn,b4,,,prediction_jsonl
vision_only_tiled,165,train,buoy,fn,b5,,,prediction_jsonl
vision_only_tiled,165,train,buoy,fn,b6,,,prediction_jsonl
vision_only_tiled,165,train,buoy,fn,b7,,,prediction_jsonl
vision_only_tiled,165,train,buoy,fn,b8,,,prediction_jsonl
vision_only_tiled,166,train,boat,tp,boat,0.6414209008216858,0.6866367179092809,prediction_jsonl
vision_only_tiled,166,train,buoy,tp,b1,0.2157164067029953,0.5985424913806178,prediction_jsonl
vision_only_tiled,166,train,buoy,fn,b2,,,prediction_jsonl
vision_only_tiled,166,train,buoy,fn,b3,,,prediction_jsonl
vision_only_tiled,166,train,buoy,fn,b4,,,prediction_jsonl
vision_only_tiled,166,train,buoy,fn,b5,,,prediction_jsonl
vision_only_tiled,166,train,buoy,fn,b6,,,prediction_jsonl
vision_only_tiled,166,train,buoy,fn,b7,,,prediction_jsonl
vision_only_tiled,166,train,buoy,fn,b8,,,prediction_jsonl
vision_only_tiled,167,train,boat,tp,boat,0.6422868967056274,0.681920145429983,prediction_jsonl
vision_only_tiled,167,train,buoy,tp,b1,0.25502046942710876,0.5738683454726354,prediction_jsonl
vision_only_tiled,167,train,buoy,fn,b2,,,prediction_jsonl
vision_only_tiled,167,train,buoy,fn,b3,,,prediction_jsonl
vision_only_tiled,167,train,buoy,fn,b4,,,prediction_jsonl
vision_only_tiled,167,train,buoy,fn,b5,,,prediction_jsonl
vision_only_tiled,167,train,buoy,fn,b6,,,prediction_jsonl
vision_only_tiled,167,train,buoy,fn,b7,,,prediction_jsonl
vision_only_tiled,167,train,buoy,fn,b8,,,prediction_jsonl
vision_only_tiled,168,train,boat,tp,boat,0.6449650526046753,0.6859267929677428,prediction_jsonl
vision_only_tiled,168,train,buoy,tp,b1,0.22255705296993256,0.594667768714484,prediction_jsonl
vision_only_tiled,168,train,buoy,fn,b2,,,prediction_jsonl
vision_only_tiled,168,train,buoy,fn,b3,,,prediction_jsonl
vision_only_tiled,168,train,buoy,fn,b4,,,prediction_jsonl
vision_only_tiled,168,train,buoy,fn,b5,,,prediction_jsonl
vision_only_tiled,168,train,buoy,fn,b6,,,prediction_jsonl
vision_only_tiled,168,train,buoy,fn,b7,,,prediction_jsonl
vision_only_tiled,168,train,buoy,fn,b8,,,prediction_jsonl
vision_only_tiled,169,train,boat,tp,boat,0.6498276591300964,0.6920934707391473,prediction_jsonl
vision_only_tiled,169,train,buoy,tp,b1,0.22961674630641937,0.6247251735911826,prediction_jsonl
vision_only_tiled,169,train,buoy,fn,b2,,,prediction_jsonl
vision_only_tiled,169,train,buoy,fn,b3,,,prediction_jsonl
vision_only_tiled,169,train,buoy,fn,b4,,,prediction_jsonl
vision_only_tiled,169,train,buoy,fn,b5,,,prediction_jsonl
vision_only_tiled,169,train,buoy,fn,b6,,,prediction_jsonl
vision_only_tiled,169,train,buoy,fn,b7,,,prediction_jsonl
vision_only_tiled,169,train,buoy,fn,b8,,,prediction_jsonl
vision_only_tiled,170,train,boat,tp,boat,0.6368966698646545,0.6972812359860536,prediction_jsonl
vision_only_tiled,170,train,buoy,tp,b1,0.1982998251914978,0.6055216884242923,prediction_jsonl
vision_only_tiled,170,train,buoy,fn,b2,,,prediction_jsonl
vision_only_tiled,170,train,buoy,fn,b3,,,prediction_jsonl
vision_only_tiled,170,train,buoy,fn,b4,,,prediction_jsonl
vision_only_tiled,170,train,buoy,fn,b5,,,prediction_jsonl
vision_only_tiled,170,train,buoy,fn,b6,,,prediction_jsonl
vision_only_tiled,170,train,buoy,fn,b7,,,prediction_jsonl
vision_only_tiled,170,train,buoy,fn,b8,,,prediction_jsonl
vision_only_tiled,171,train,boat,tp,boat,0.639757513999939,0.6925711321045662,prediction_jsonl
vision_only_tiled,171,train,buoy,tp,b1,0.18354426324367523,0.5873479095813118,prediction_jsonl
vision_only_tiled,171,train,buoy,fn,b2,,,prediction_jsonl
vision_only_tiled,171,train,buoy,fn,b3,,,prediction_jsonl
vision_only_tiled,171,train,buoy,fn,b4,,,prediction_jsonl
vision_only_tiled,171,train,buoy,fn,b5,,,prediction_jsonl
vision_only_tiled,171,train,buoy,fn,b6,,,prediction_jsonl
vision_only_tiled,171,train,buoy,fn,b7,,,prediction_jsonl
vision_only_tiled,171,train,buoy,fn,b8,,,prediction_jsonl
vision_only_tiled,172,train,boat,tp,boat,0.6160666346549988,0.689568833039907,prediction_jsonl
vision_only_tiled,172,train,buoy,fn,b1,,,prediction_jsonl
vision_only_tiled,172,train,buoy,fn,b2,,,prediction_jsonl
vision_only_tiled,172,train,buoy,fn,b3,,,prediction_jsonl
vision_only_tiled,172,train,buoy,fn,b4,,,prediction_jsonl
vision_only_tiled,172,train,buoy,fn,b5,,,prediction_jsonl
vision_only_tiled,172,train,buoy,fn,b6,,,prediction_jsonl
vision_only_tiled,172,train,buoy,fn,b7,,,prediction_jsonl
vision_only_tiled,172,train,buoy,fn,b8,,,prediction_jsonl
vision_only_tiled,173,train,boat,tp,boat,0.618992805480957,0.6767268370686287,prediction_jsonl
vision_only_tiled,173,train,buoy,fn,b1,,,prediction_jsonl
vision_only_tiled,173,train,buoy,fn,b2,,,prediction_jsonl
vision_only_tiled,173,train,buoy,fn,b3,,,prediction_jsonl
vision_only_tiled,173,train,buoy,fn,b4,,,prediction_jsonl
vision_only_tiled,173,train,buoy,fn,b5,,,prediction_jsonl
vision_only_tiled,173,train,buoy,fn,b6,,,prediction_jsonl
vision_only_tiled,173,train,buoy,fn,b7,,,prediction_jsonl
vision_only_tiled,173,train,buoy,fn,b8,,,prediction_jsonl
vision_only_tiled,174,train,boat,tp,boat,0.6156301498413086,0.7013764940416015,prediction_jsonl
vision_only_tiled,174,train,buoy,fn,b1,,,prediction_jsonl
vision_only_tiled,174,train,buoy,fn,b2,,,prediction_jsonl
vision_only_tiled,174,train,buoy,fn,b3,,,prediction_jsonl
vision_only_tiled,174,train,buoy,fn,b4,,,prediction_jsonl
vision_only_tiled,174,train,buoy,fn,b5,,,prediction_jsonl
vision_only_tiled,174,train,buoy,fn,b6,,,prediction_jsonl
vision_only_tiled,174,train,buoy,fn,b7,,,prediction_jsonl
vision_only_tiled,174,train,buoy,fn,b8,,,prediction_jsonl
vision_only_tiled,175,train,boat,tp,boat,0.6324756145477295,0.6924350461428368,prediction_jsonl
vision_only_tiled,175,train,buoy,tp,b1,0.19819235801696777,0.6104631390274358,prediction_jsonl
vision_only_tiled,175,train,buoy,fn,b2,,,prediction_jsonl
vision_only_tiled,175,train,buoy,fn,b3,,,prediction_jsonl
vision_only_tiled,175,train,buoy,fn,b4,,,prediction_jsonl
vision_only_tiled,175,train,buoy,fn,b5,,,prediction_jsonl
vision_only_tiled,175,train,buoy,fn,b6,,,prediction_jsonl
vision_only_tiled,175,train,buoy,fn,b7,,,prediction_jsonl
vision_only_tiled,175,train,buoy,fn,b8,,,prediction_jsonl
vision_only_tiled,176,train,boat,tp,boat,0.6298790574073792,0.7005197123144584,prediction_jsonl
vision_only_tiled,176,train,buoy,tp,b1,0.1999541074037552,0.5985795925665081,prediction_jsonl
vision_only_tiled,176,train,buoy,fn,b2,,,prediction_jsonl
vision_only_tiled,176,train,buoy,fn,b3,,,prediction_jsonl
vision_only_tiled,176,train,buoy,fn,b4,,,prediction_jsonl
vision_only_tiled,176,train,buoy,fn,b5,,,prediction_jsonl
vision_only_tiled,176,train,buoy,fn,b6,,,prediction_jsonl
vision_only_tiled,176,train,buoy,fn,b7,,,prediction_jsonl
vision_only_tiled,176,train,buoy,fn,b8,,,prediction_jsonl
vision_only_tiled,177,train,boat,tp,boat,0.6358864903450012,0.6918261761194373,prediction_jsonl
vision_only_tiled,177,train,buoy,fn,b1,,,prediction_jsonl
vision_only_tiled,177,train,buoy,fn,b2,,,prediction_jsonl
vision_only_tiled,177,train,buoy,fn,b3,,,prediction_jsonl
vision_only_tiled,177,train,buoy,fn,b4,,,prediction_jsonl
vision_only_tiled,177,train,buoy,fn,b5,,,prediction_jsonl
vision_only_tiled,177,train,buoy,fn,b6,,,prediction_jsonl
vision_only_tiled,177,train,buoy,fn,b7,,,prediction_jsonl
vision_only_tiled,177,train,buoy,fn,b8,,,prediction_jsonl
vision_only_tiled,178,train,boat,tp,boat,0.6453890204429626,0.7120665700195237,prediction_jsonl
vision_only_tiled,178,train,buoy,tp,b1,0.18234743177890778,0.6170448204214605,prediction_jsonl
vision_only_tiled,178,train,buoy,fn,b2,,,prediction_jsonl
vision_only_tiled,178,train,buoy,fn,b3,,,prediction_jsonl
vision_only_tiled,178,train,buoy,fn,b4,,,prediction_jsonl
vision_only_tiled,178,train,buoy,fn,b5,,,prediction_jsonl
vision_only_tiled,178,train,buoy,fn,b6,,,prediction_jsonl
vision_only_tiled,178,train,buoy,fn,b7,,,prediction_jsonl
vision_only_tiled,178,train,buoy,fn,b8,,,prediction_jsonl
vision_only_tiled,179,train,boat,tp,boat,0.6388394832611084,0.6929312494487998,prediction_jsonl
vision_only_tiled,179,train,buoy,fn,b1,,,prediction_jsonl
vision_only_tiled,179,train,buoy,fn,b2,,,prediction_jsonl
vision_only_tiled,179,train,buoy,fn,b3,,,prediction_jsonl
vision_only_tiled,179,train,buoy,fn,b4,,,prediction_jsonl
vision_only_tiled,179,train,buoy,fn,b5,,,prediction_jsonl
vision_only_tiled,179,train,buoy,fn,b6,,,prediction_jsonl
vision_only_tiled,179,train,buoy,fn,b7,,,prediction_jsonl
vision_only_tiled,179,train,buoy,fn,b8,,,prediction_jsonl
vision_only_tiled,180,train,boat,tp,boat,0.6481789946556091,0.7014228441835936,prediction_jsonl
vision_only_tiled,180,train,buoy,tp,b1,0.2301144301891327,0.6100031863660387,prediction_jsonl
vision_only_tiled,180,train,buoy,fn,b2,,,prediction_jsonl
vision_only_tiled,180,train,buoy,fn,b3,,,prediction_jsonl
vision_only_tiled,180,train,buoy,fn,b4,,,prediction_jsonl
vision_only_tiled,180,train,buoy,fn,b5,,,prediction_jsonl
vision_only_tiled,180,train,buoy,fn,b6,,,prediction_jsonl
vision_only_tiled,180,train,buoy,fn,b7,,,prediction_jsonl
vision_only_tiled,180,train,buoy,fn,b8,,,prediction_jsonl
vision_only_tiled,181,train,boat,tp,boat,0.6464408040046692,0.6909920981750001,prediction_jsonl
vision_only_tiled,181,train,buoy,tp,b1,0.18548962473869324,0.6171212917696406,prediction_jsonl
vision_only_tiled,181,train,buoy,fn,b2,,,prediction_jsonl
vision_only_tiled,181,train,buoy,fn,b3,,,prediction_jsonl
vision_only_tiled,181,train,buoy,fn,b4,,,prediction_jsonl
vision_only_tiled,181,train,buoy,fn,b5,,,prediction_jsonl
vision_only_tiled,181,train,buoy,fn,b6,,,prediction_jsonl
vision_only_tiled,181,train,buoy,fn,b7,,,prediction_jsonl
vision_only_tiled,181,train,buoy,fn,b8,,,prediction_jsonl
vision_only_tiled,182,train,boat,tp,boat,0.6490398645401001,0.6980415890595008,prediction_jsonl
vision_only_tiled,182,train,buoy,tp,b1,0.18808917701244354,0.6300967246884912,prediction_jsonl
vision_only_tiled,182,train,buoy,fn,b2,,,prediction_jsonl
vision_only_tiled,182,train,buoy,fn,b3,,,prediction_jsonl
vision_only_tiled,182,train,buoy,fn,b4,,,prediction_jsonl
vision_only_tiled,182,train,buoy,fn,b5,,,prediction_jsonl
vision_only_tiled,182,train,buoy,fn,b6,,,prediction_jsonl
vision_only_tiled,182,train,buoy,fn,b7,,,prediction_jsonl
vision_only_tiled,182,train,buoy,fn,b8,,,prediction_jsonl
vision_only_tiled,183,train,boat,tp,boat,0.6207709312438965,0.6937655650964453,prediction_jsonl
vision_only_tiled,183,train,buoy,fn,b1,,,prediction_jsonl
vision_only_tiled,183,train,buoy,fn,b2,,,prediction_jsonl
vision_only_tiled,183,train,buoy,fn,b3,,,prediction_jsonl
vision_only_tiled,183,train,buoy,fn,b4,,,prediction_jsonl
vision_only_tiled,183,train,buoy,fn,b5,,,prediction_jsonl
vision_only_tiled,183,train,buoy,fn,b6,,,prediction_jsonl
vision_only_tiled,183,train,buoy,fn,b7,,,prediction_jsonl
vision_only_tiled,183,train,buoy,fn,b8,,,prediction_jsonl
vision_only_tiled,184,train,boat,tp,boat,0.6325066685676575,0.6822311716405145,prediction_jsonl
vision_only_tiled,184,train,buoy,tp,b1,0.19995950162410736,0.5822886494007519,prediction_jsonl
vision_only_tiled,184,train,buoy,fn,b2,,,prediction_jsonl
vision_only_tiled,184,train,buoy,fn,b3,,,prediction_jsonl
vision_only_tiled,184,train,buoy,fn,b4,,,prediction_jsonl
vision_only_tiled,184,train,buoy,fn,b5,,,prediction_jsonl
vision_only_tiled,184,train,buoy,fn,b6,,,prediction_jsonl
vision_only_tiled,184,train,buoy,fn,b7,,,prediction_jsonl
vision_only_tiled,184,train,buoy,fn,b8,,,prediction_jsonl
vision_only_tiled,185,train,boat,tp,boat,0.6367969512939453,0.6975804467217066,prediction_jsonl
vision_only_tiled,185,train,buoy,tp,b1,0.207159623503685,0.608972814963513,prediction_jsonl
vision_only_tiled,185,train,buoy,fn,b2,,,prediction_jsonl
vision_only_tiled,185,train,buoy,fn,b3,,,prediction_jsonl
vision_only_tiled,185,train,buoy,fn,b4,,,prediction_jsonl
vision_only_tiled,185,train,buoy,fn,b5,,,prediction_jsonl
vision_only_tiled,185,train,buoy,fn,b6,,,prediction_jsonl
vision_only_tiled,185,train,buoy,fn,b7,,,prediction_jsonl
vision_only_tiled,185,train,buoy,fn,b8,,,prediction_jsonl
vision_only_tiled,186,train,boat,tp,boat,0.627248227596283,0.6971640676122987,prediction_jsonl
vision_only_tiled,186,train,buoy,fn,b1,,,prediction_jsonl
vision_only_tiled,186,train,buoy,fn,b2,,,prediction_jsonl
vision_only_tiled,186,train,buoy,fn,b3,,,prediction_jsonl
vision_only_tiled,186,train,buoy,fn,b4,,,prediction_jsonl
vision_only_tiled,186,train,buoy,fn,b5,,,prediction_jsonl
vision_only_tiled,186,train,buoy,fn,b6,,,prediction_jsonl
vision_only_tiled,186,train,buoy,fn,b7,,,prediction_jsonl
vision_only_tiled,186,train,buoy,fn,b8,,,prediction_jsonl
vision_only_tiled,187,train,boat,tp,boat,0.6322124600410461,0.6748283174337845,prediction_jsonl
vision_only_tiled,187,train,buoy,tp,b1,0.1971013844013214,0.6165023749477805,prediction_jsonl
vision_only_tiled,187,train,buoy,fn,b2,,,prediction_jsonl
vision_only_tiled,187,train,buoy,fn,b3,,,prediction_jsonl
vision_only_tiled,187,train,buoy,fn,b4,,,prediction_jsonl
vision_only_tiled,187,train,buoy,fn,b5,,,prediction_jsonl
vision_only_tiled,187,train,buoy,fn,b6,,,prediction_jsonl
vision_only_tiled,187,train,buoy,fn,b7,,,prediction_jsonl
vision_only_tiled,187,train,buoy,fn,b8,,,prediction_jsonl
vision_only_tiled,188,train,boat,tp,boat,0.6265716552734375,0.6929557454663533,prediction_jsonl
vision_only_tiled,188,train,buoy,tp,b1,0.2449507862329483,0.5917179742850125,prediction_jsonl
vision_only_tiled,188,train,buoy,fn,b2,,,prediction_jsonl
vision_only_tiled,188,train,buoy,fn,b3,,,prediction_jsonl
vision_only_tiled,188,train,buoy,fn,b4,,,prediction_jsonl
vision_only_tiled,188,train,buoy,fn,b5,,,prediction_jsonl
vision_only_tiled,188,train,buoy,fn,b6,,,prediction_jsonl
vision_only_tiled,188,train,buoy,fn,b7,,,prediction_jsonl
vision_only_tiled,188,train,buoy,fn,b8,,,prediction_jsonl
vision_only_tiled,189,train,boat,tp,boat,0.6406146883964539,0.6675466956946108,prediction_jsonl
vision_only_tiled,189,train,buoy,tp,b1,0.18856753408908844,0.5825642106666473,prediction_jsonl
vision_only_tiled,189,train,buoy,fn,b2,,,prediction_jsonl
vision_only_tiled,189,train,buoy,fn,b3,,,prediction_jsonl
vision_only_tiled,189,train,buoy,fn,b4,,,prediction_jsonl
vision_only_tiled,189,train,buoy,fn,b5,,,prediction_jsonl
vision_only_tiled,189,train,buoy,fn,b6,,,prediction_jsonl
vision_only_tiled,189,train,buoy,fn,b7,,,prediction_jsonl
vision_only_tiled,189,train,buoy,fn,b8,,,prediction_jsonl
vision_only_tiled,190,train,boat,tp,boat,0.6383846998214722,0.650878439714501,prediction_jsonl
vision_only_tiled,190,train,buoy,tp,b1,0.1867489516735077,0.5739687270505189,prediction_jsonl
vision_only_tiled,190,train,buoy,fn,b2,,,prediction_jsonl
vision_only_tiled,190,train,buoy,fn,b3,,,prediction_jsonl
vision_only_tiled,190,train,buoy,fn,b4,,,prediction_jsonl
vision_only_tiled,190,train,buoy,fn,b5,,,prediction_jsonl
vision_only_tiled,190,train,buoy,fn,b6,,,prediction_jsonl
vision_only_tiled,190,train,buoy,fn,b7,,,prediction_jsonl
vision_only_tiled,190,train,buoy,fn,b8,,,prediction_jsonl
vision_only_tiled,191,train,boat,tp,boat,0.6322475671768188,0.6692024986931168,prediction_jsonl
vision_only_tiled,191,train,buoy,fn,b1,,,prediction_jsonl
vision_only_tiled,191,train,buoy,fn,b2,,,prediction_jsonl
vision_only_tiled,191,train,buoy,fn,b3,,,prediction_jsonl
vision_only_tiled,191,train,buoy,fn,b4,,,prediction_jsonl
vision_only_tiled,191,train,buoy,fn,b5,,,prediction_jsonl
vision_only_tiled,191,train,buoy,fn,b6,,,prediction_jsonl
vision_only_tiled,191,train,buoy,fn,b7,,,prediction_jsonl
vision_only_tiled,191,train,buoy,fn,b8,,,prediction_jsonl
vision_only_tiled,192,train,boat,tp,boat,0.6319159865379333,0.675324439667507,prediction_jsonl
vision_only_tiled,192,train,buoy,tp,b1,0.1806107610464096,0.6070351849370682,prediction_jsonl
vision_only_tiled,192,train,buoy,fn,b2,,,prediction_jsonl
vision_only_tiled,192,train,buoy,fn,b3,,,prediction_jsonl
vision_only_tiled,192,train,buoy,fn,b4,,,prediction_jsonl
vision_only_tiled,192,train,buoy,fn,b5,,,prediction_jsonl
vision_only_tiled,192,train,buoy,fn,b6,,,prediction_jsonl
vision_only_tiled,192,train,buoy,fn,b7,,,prediction_jsonl
vision_only_tiled,192,train,buoy,fn,b8,,,prediction_jsonl
vision_only_tiled,193,train,boat,tp,boat,0.6360388994216919,0.6636490241481809,prediction_jsonl
vision_only_tiled,193,train,buoy,fn,b1,,,prediction_jsonl
vision_only_tiled,193,train,buoy,fn,b2,,,prediction_jsonl
vision_only_tiled,193,train,buoy,fn,b3,,,prediction_jsonl
vision_only_tiled,193,train,buoy,fn,b4,,,prediction_jsonl
vision_only_tiled,193,train,buoy,fn,b5,,,prediction_jsonl
vision_only_tiled,193,train,buoy,fn,b6,,,prediction_jsonl
vision_only_tiled,193,train,buoy,fn,b7,,,prediction_jsonl
vision_only_tiled,193,train,buoy,fn,b8,,,prediction_jsonl
vision_only_tiled,194,train,boat,tp,boat,0.613706111907959,0.6831570503416105,prediction_jsonl
vision_only_tiled,194,train,buoy,fn,b1,,,prediction_jsonl
vision_only_tiled,194,train,buoy,fn,b2,,,prediction_jsonl
vision_only_tiled,194,train,buoy,fn,b3,,,prediction_jsonl
vision_only_tiled,194,train,buoy,fn,b4,,,prediction_jsonl
vision_only_tiled,194,train,buoy,fn,b5,,,prediction_jsonl
vision_only_tiled,194,train,buoy,fn,b6,,,prediction_jsonl
vision_only_tiled,194,train,buoy,fn,b7,,,prediction_jsonl
vision_only_tiled,194,train,buoy,fn,b8,,,prediction_jsonl
vision_only_tiled,195,train,boat,tp,boat,0.6211267113685608,0.6538513092157526,prediction_jsonl
vision_only_tiled,195,train,buoy,fn,b1,,,prediction_jsonl
vision_only_tiled,195,train,buoy,fn,b2,,,prediction_jsonl
vision_only_tiled,195,train,buoy,fn,b3,,,prediction_jsonl
vision_only_tiled,195,train,buoy,fn,b4,,,prediction_jsonl
vision_only_tiled,195,train,buoy,fn,b5,,,prediction_jsonl
vision_only_tiled,195,train,buoy,fn,b6,,,prediction_jsonl
vision_only_tiled,195,train,buoy,fn,b7,,,prediction_jsonl
vision_only_tiled,195,train,buoy,fn,b8,,,prediction_jsonl
vision_only_tiled,196,train,boat,tp,boat,0.6467134356498718,0.646783563465731,prediction_jsonl
vision_only_tiled,196,train,buoy,fn,b1,,,prediction_jsonl
vision_only_tiled,196,train,buoy,fn,b2,,,prediction_jsonl
vision_only_tiled,196,train,buoy,fn,b3,,,prediction_jsonl
vision_only_tiled,196,train,buoy,fn,b4,,,prediction_jsonl
vision_only_tiled,196,train,buoy,fn,b5,,,prediction_jsonl
vision_only_tiled,196,train,buoy,fn,b6,,,prediction_jsonl
vision_only_tiled,196,train,buoy,fn,b7,,,prediction_jsonl
vision_only_tiled,196,train,buoy,fn,b8,,,prediction_jsonl
vision_only_tiled,197,train,boat,tp,boat,0.6406359076499939,0.645589056688841,prediction_jsonl
vision_only_tiled,197,train,buoy,fn,b1,,,prediction_jsonl
vision_only_tiled,197,train,buoy,fn,b2,,,prediction_jsonl
vision_only_tiled,197,train,buoy,fn,b3,,,prediction_jsonl
vision_only_tiled,197,train,buoy,fn,b4,,,prediction_jsonl
vision_only_tiled,197,train,buoy,fn,b5,,,prediction_jsonl
vision_only_tiled,197,train,buoy,fn,b6,,,prediction_jsonl
vision_only_tiled,197,train,buoy,fn,b7,,,prediction_jsonl
vision_only_tiled,197,train,buoy,fn,b8,,,prediction_jsonl
vision_only_tiled,198,train,boat,tp,boat,0.6321174502372742,0.6474510106151128,prediction_jsonl
vision_only_tiled,198,train,buoy,fn,b1,,,prediction_jsonl
vision_only_tiled,198,train,buoy,fn,b2,,,prediction_jsonl
vision_only_tiled,198,train,buoy,fn,b3,,,prediction_jsonl
vision_only_tiled,198,train,buoy,fn,b4,,,prediction_jsonl
vision_only_tiled,198,train,buoy,fn,b5,,,prediction_jsonl
vision_only_tiled,198,train,buoy,fn,b6,,,prediction_jsonl
vision_only_tiled,198,train,buoy,fn,b7,,,prediction_jsonl
vision_only_tiled,198,train,buoy,fn,b8,,,prediction_jsonl
vision_only_tiled,199,train,boat,tp,boat,0.6450217962265015,0.6595773536201348,prediction_jsonl
vision_only_tiled,199,train,buoy,fn,b1,,,prediction_jsonl
vision_only_tiled,199,train,buoy,fn,b2,,,prediction_jsonl
vision_only_tiled,199,train,buoy,fn,b3,,,prediction_jsonl
vision_only_tiled,199,train,buoy,fn,b4,,,prediction_jsonl
vision_only_tiled,199,train,buoy,fn,b5,,,prediction_jsonl
vision_only_tiled,199,train,buoy,fn,b6,,,prediction_jsonl
vision_only_tiled,199,train,buoy,fn,b7,,,prediction_jsonl
vision_only_tiled,199,train,buoy,fn,b8,,,prediction_jsonl
vision_only_tiled,200,train,boat,tp,boat,0.6363183856010437,0.683075624042845,prediction_jsonl
vision_only_tiled,200,train,buoy,tp,b1,0.21514728665351868,0.5935188311562329,prediction_jsonl
vision_only_tiled,200,train,buoy,fn,b2,,,prediction_jsonl
vision_only_tiled,200,train,buoy,fn,b3,,,prediction_jsonl
vision_only_tiled,200,train,buoy,fn,b4,,,prediction_jsonl
vision_only_tiled,200,train,buoy,fn,b5,,,prediction_jsonl
vision_only_tiled,200,train,buoy,fn,b6,,,prediction_jsonl
vision_only_tiled,200,train,buoy,fn,b7,,,prediction_jsonl
vision_only_tiled,200,train,buoy,fn,b8,,,prediction_jsonl
vision_only_tiled,201,train,boat,tp,boat,0.6228598356246948,0.6843700016602483,prediction_jsonl
vision_only_tiled,201,train,buoy,tp,b1,0.19190986454486847,0.6223925752436714,prediction_jsonl
vision_only_tiled,201,train,buoy,fn,b2,,,prediction_jsonl
vision_only_tiled,201,train,buoy,fn,b3,,,prediction_jsonl
vision_only_tiled,201,train,buoy,fn,b4,,,prediction_jsonl
vision_only_tiled,201,train,buoy,fn,b5,,,prediction_jsonl
vision_only_tiled,201,train,buoy,fn,b6,,,prediction_jsonl
vision_only_tiled,201,train,buoy,fn,b7,,,prediction_jsonl
vision_only_tiled,201,train,buoy,fn,b8,,,prediction_jsonl
vision_only_tiled,202,train,boat,tp,boat,0.6218039393424988,0.6808318925173699,prediction_jsonl
vision_only_tiled,202,train,buoy,fn,b1,,,prediction_jsonl
vision_only_tiled,202,train,buoy,fn,b2,,,prediction_jsonl
vision_only_tiled,202,train,buoy,fn,b3,,,prediction_jsonl
vision_only_tiled,202,train,buoy,fn,b4,,,prediction_jsonl
vision_only_tiled,202,train,buoy,fn,b5,,,prediction_jsonl
vision_only_tiled,202,train,buoy,fn,b6,,,prediction_jsonl
vision_only_tiled,202,train,buoy,fn,b7,,,prediction_jsonl
vision_only_tiled,202,train,buoy,fn,b8,,,prediction_jsonl
vision_only_tiled,203,train,boat,tp,boat,0.6270266771316528,0.6681250727479019,prediction_jsonl
vision_only_tiled,203,train,buoy,fn,b1,,,prediction_jsonl
vision_only_tiled,203,train,buoy,fn,b2,,,prediction_jsonl
vision_only_tiled,203,train,buoy,fn,b3,,,prediction_jsonl
vision_only_tiled,203,train,buoy,fn,b4,,,prediction_jsonl
vision_only_tiled,203,train,buoy,fn,b5,,,prediction_jsonl
vision_only_tiled,203,train,buoy,fn,b6,,,prediction_jsonl
vision_only_tiled,203,train,buoy,fn,b7,,,prediction_jsonl
vision_only_tiled,203,train,buoy,fn,b8,,,prediction_jsonl
vision_only_tiled,204,train,boat,tp,boat,0.62369304895401,0.6623735836174749,prediction_jsonl
vision_only_tiled,204,train,buoy,tp,b1,0.19445405900478363,0.5998428981420978,prediction_jsonl
vision_only_tiled,204,train,buoy,fn,b2,,,prediction_jsonl
vision_only_tiled,204,train,buoy,fn,b3,,,prediction_jsonl
vision_only_tiled,204,train,buoy,fn,b4,,,prediction_jsonl
vision_only_tiled,204,train,buoy,fn,b5,,,prediction_jsonl
vision_only_tiled,204,train,buoy,fn,b6,,,prediction_jsonl
vision_only_tiled,204,train,buoy,fn,b7,,,prediction_jsonl
vision_only_tiled,204,train,buoy,fn,b8,,,prediction_jsonl
vision_only_tiled,205,train,boat,tp,boat,0.6367902159690857,0.6589150332030771,prediction_jsonl
vision_only_tiled,205,train,buoy,tp,b1,0.2005261927843094,0.6057172632434042,prediction_jsonl
vision_only_tiled,205,train,buoy,fn,b2,,,prediction_jsonl
vision_only_tiled,205,train,buoy,fn,b3,,,prediction_jsonl
vision_only_tiled,205,train,buoy,fn,b4,,,prediction_jsonl
vision_only_tiled,205,train,buoy,fn,b5,,,prediction_jsonl
vision_only_tiled,205,train,buoy,fn,b6,,,prediction_jsonl
vision_only_tiled,205,train,buoy,fn,b7,,,prediction_jsonl
vision_only_tiled,205,train,buoy,fn,b8,,,prediction_jsonl
vision_only_tiled,206,train,boat,tp,boat,0.6270920634269714,0.6608515280970659,prediction_jsonl
vision_only_tiled,206,train,buoy,tp,b1,0.19174665212631226,0.6284420504440782,prediction_jsonl
vision_only_tiled,206,train,buoy,fn,b2,,,prediction_jsonl
vision_only_tiled,206,train,buoy,fn,b3,,,prediction_jsonl
vision_only_tiled,206,train,buoy,fn,b4,,,prediction_jsonl
vision_only_tiled,206,train,buoy,fn,b5,,,prediction_jsonl
vision_only_tiled,206,train,buoy,fn,b6,,,prediction_jsonl
vision_only_tiled,206,train,buoy,fn,b7,,,prediction_jsonl
vision_only_tiled,206,train,buoy,fn,b8,,,prediction_jsonl
vision_only_tiled,207,train,boat,tp,boat,0.6534222960472107,0.6701786148856372,prediction_jsonl
vision_only_tiled,207,train,buoy,tp,b1,0.22184717655181885,0.5961967253027416,prediction_jsonl
vision_only_tiled,207,train,buoy,fn,b2,,,prediction_jsonl
vision_only_tiled,207,train,buoy,fn,b3,,,prediction_jsonl
vision_only_tiled,207,train,buoy,fn,b4,,,prediction_jsonl
vision_only_tiled,207,train,buoy,fn,b5,,,prediction_jsonl
vision_only_tiled,207,train,buoy,fn,b6,,,prediction_jsonl
vision_only_tiled,207,train,buoy,fn,b7,,,prediction_jsonl
vision_only_tiled,207,train,buoy,fn,b8,,,prediction_jsonl
vision_only_tiled,208,train,boat,tp,boat,0.6562607288360596,0.6532881276368716,prediction_jsonl
vision_only_tiled,208,train,buoy,tp,b1,0.18557032942771912,0.6234154339360762,prediction_jsonl
vision_only_tiled,208,train,buoy,fn,b2,,,prediction_jsonl
vision_only_tiled,208,train,buoy,fn,b3,,,prediction_jsonl
vision_only_tiled,208,train,buoy,fn,b4,,,prediction_jsonl
vision_only_tiled,208,train,buoy,fn,b5,,,prediction_jsonl
vision_only_tiled,208,train,buoy,fn,b6,,,prediction_jsonl
vision_only_tiled,208,train,buoy,fn,b7,,,prediction_jsonl
vision_only_tiled,208,train,buoy,fn,b8,,,prediction_jsonl
vision_only_tiled,209,train,boat,tp,boat,0.6307691931724548,0.6555677223102754,prediction_jsonl
vision_only_tiled,209,train,buoy,fn,b1,,,prediction_jsonl
vision_only_tiled,209,train,buoy,fn,b2,,,prediction_jsonl
vision_only_tiled,209,train,buoy,fn,b3,,,prediction_jsonl
vision_only_tiled,209,train,buoy,fn,b4,,,prediction_jsonl
vision_only_tiled,209,train,buoy,fn,b5,,,prediction_jsonl
vision_only_tiled,209,train,buoy,fn,b6,,,prediction_jsonl
vision_only_tiled,209,train,buoy,fn,b7,,,prediction_jsonl
vision_only_tiled,209,train,buoy,fn,b8,,,prediction_jsonl
vision_only_tiled,210,train,boat,tp,boat,0.6478707194328308,0.6488523132638294,prediction_jsonl
vision_only_tiled,210,train,buoy,tp,b1,0.21042677760124207,0.6141823082157717,prediction_jsonl
vision_only_tiled,210,train,buoy,fn,b2,,,prediction_jsonl
vision_only_tiled,210,train,buoy,fn,b3,,,prediction_jsonl
vision_only_tiled,210,train,buoy,fn,b4,,,prediction_jsonl
vision_only_tiled,210,train,buoy,fn,b5,,,prediction_jsonl
vision_only_tiled,210,train,buoy,fn,b6,,,prediction_jsonl
vision_only_tiled,210,train,buoy,fn,b7,,,prediction_jsonl
vision_only_tiled,210,train,buoy,fn,b8,,,prediction_jsonl
vision_only_tiled,211,train,boat,tp,boat,0.6331257820129395,0.6592388781154215,prediction_jsonl
vision_only_tiled,211,train,buoy,tp,b1,0.19581496715545654,0.6591047812806268,prediction_jsonl
vision_only_tiled,211,train,buoy,fn,b3,,,prediction_jsonl
vision_only_tiled,211,train,buoy,fn,b4,,,prediction_jsonl
vision_only_tiled,211,train,buoy,fn,b5,,,prediction_jsonl
vision_only_tiled,211,train,buoy,fn,b6,,,prediction_jsonl
vision_only_tiled,211,train,buoy,fn,b7,,,prediction_jsonl
vision_only_tiled,211,train,buoy,fn,b8,,,prediction_jsonl
vision_only_tiled,212,train,boat,tp,boat,0.6211783289909363,0.6658022159475842,prediction_jsonl
vision_only_tiled,212,train,buoy,tp,b1,0.18650679290294647,0.6172004888605478,prediction_jsonl
vision_only_tiled,212,train,buoy,fn,b3,,,prediction_jsonl
vision_only_tiled,212,train,buoy,fn,b4,,,prediction_jsonl
vision_only_tiled,212,train,buoy,fn,b5,,,prediction_jsonl
vision_only_tiled,212,train,buoy,fn,b6,,,prediction_jsonl
vision_only_tiled,212,train,buoy,fn,b7,,,prediction_jsonl
vision_only_tiled,212,train,buoy,fn,b8,,,prediction_jsonl
vision_only_tiled,213,train,boat,tp,boat,0.6330593228340149,0.6608292425266307,prediction_jsonl
vision_only_tiled,213,train,buoy,fn,b1,,,prediction_jsonl
vision_only_tiled,213,train,buoy,fn,b3,,,prediction_jsonl
vision_only_tiled,213,train,buoy,fn,b4,,,prediction_jsonl
vision_only_tiled,213,train,buoy,fn,b5,,,prediction_jsonl
vision_only_tiled,213,train,buoy,fn,b6,,,prediction_jsonl
vision_only_tiled,213,train,buoy,fn,b7,,,prediction_jsonl
vision_only_tiled,213,train,buoy,fn,b8,,,prediction_jsonl
vision_only_tiled,214,train,boat,tp,boat,0.6350048184394836,0.64884361494118,prediction_jsonl
vision_only_tiled,214,train,buoy,tp,b1,0.19450563192367554,0.6567360711673208,prediction_jsonl
vision_only_tiled,214,train,buoy,fn,b3,,,prediction_jsonl
vision_only_tiled,214,train,buoy,fn,b4,,,prediction_jsonl
vision_only_tiled,214,train,buoy,fn,b5,,,prediction_jsonl
vision_only_tiled,214,train,buoy,fn,b6,,,prediction_jsonl
vision_only_tiled,214,train,buoy,fn,b7,,,prediction_jsonl
vision_only_tiled,214,train,buoy,fn,b8,,,prediction_jsonl
vision_only_tiled,215,train,boat,tp,boat,0.6313492655754089,0.6577434378867695,prediction_jsonl
vision_only_tiled,215,train,buoy,fn,b1,,,prediction_jsonl
vision_only_tiled,215,train,buoy,fn,b3,,,prediction_jsonl
vision_only_tiled,215,train,buoy,fn,b4,,,prediction_jsonl
vision_only_tiled,215,train,buoy,fn,b5,,,prediction_jsonl
vision_only_tiled,215,train,buoy,fn,b6,,,prediction_jsonl
vision_only_tiled,215,train,buoy,fn,b7,,,prediction_jsonl
vision_only_tiled,215,train,buoy,fn,b8,,,prediction_jsonl
vision_only_tiled,216,train,boat,tp,boat,0.6318992376327515,0.6751921204903655,prediction_jsonl
vision_only_tiled,216,train,buoy,fn,b1,,,prediction_jsonl
vision_only_tiled,216,train,buoy,fn,b3,,,prediction_jsonl
vision_only_tiled,216,train,buoy,fn,b4,,,prediction_jsonl
vision_only_tiled,216,train,buoy,fn,b5,,,prediction_jsonl
vision_only_tiled,216,train,buoy,fn,b6,,,prediction_jsonl
vision_only_tiled,216,train,buoy,fn,b7,,,prediction_jsonl
vision_only_tiled,216,train,buoy,fn,b8,,,prediction_jsonl
vision_only_tiled,217,train,boat,tp,boat,0.6361960768699646,0.6951303869640425,prediction_jsonl
vision_only_tiled,217,train,buoy,fn,b1,,,prediction_jsonl
vision_only_tiled,217,train,buoy,fn,b3,,,prediction_jsonl
vision_only_tiled,217,train,buoy,fn,b4,,,prediction_jsonl
vision_only_tiled,217,train,buoy,fn,b5,,,prediction_jsonl
vision_only_tiled,217,train,buoy,fn,b6,,,prediction_jsonl
vision_only_tiled,217,train,buoy,fn,b7,,,prediction_jsonl
vision_only_tiled,217,train,buoy,fn,b8,,,prediction_jsonl
vision_only_tiled,218,train,boat,tp,boat,0.641014814376831,0.7042046892470764,prediction_jsonl
vision_only_tiled,218,train,buoy,fn,b1,,,prediction_jsonl
vision_only_tiled,218,train,buoy,fn,b3,,,prediction_jsonl
vision_only_tiled,218,train,buoy,fn,b4,,,prediction_jsonl
vision_only_tiled,218,train,buoy,fn,b5,,,prediction_jsonl
vision_only_tiled,218,train,buoy,fn,b6,,,prediction_jsonl
vision_only_tiled,218,train,buoy,fn,b7,,,prediction_jsonl
vision_only_tiled,218,train,buoy,fn,b8,,,prediction_jsonl
vision_only_tiled,219,train,boat,tp,boat,0.6662656664848328,0.7098764528170161,prediction_jsonl
vision_only_tiled,219,train,buoy,tp,b1,0.1849428415298462,0.5826981895203415,prediction_jsonl
vision_only_tiled,219,train,buoy,fn,b3,,,prediction_jsonl
vision_only_tiled,219,train,buoy,fn,b4,,,prediction_jsonl
vision_only_tiled,219,train,buoy,fn,b5,,,prediction_jsonl
vision_only_tiled,219,train,buoy,fn,b6,,,prediction_jsonl
vision_only_tiled,219,train,buoy,fn,b7,,,prediction_jsonl
vision_only_tiled,219,train,buoy,fn,b8,,,prediction_jsonl
vision_only_tiled,220,train,boat,tp,boat,0.6380869746208191,0.7067867701247953,prediction_jsonl
vision_only_tiled,220,train,buoy,fn,b1,,,prediction_jsonl
vision_only_tiled,220,train,buoy,fn,b3,,,prediction_jsonl
vision_only_tiled,220,train,buoy,fn,b4,,,prediction_jsonl
vision_only_tiled,220,train,buoy,fn,b5,,,prediction_jsonl
vision_only_tiled,220,train,buoy,fn,b6,,,prediction_jsonl
vision_only_tiled,220,train,buoy,fn,b7,,,prediction_jsonl
vision_only_tiled,220,train,buoy,fn,b8,,,prediction_jsonl
vision_only_tiled,221,train,boat,tp,boat,0.6573875546455383,0.6949072914423212,prediction_jsonl
vision_only_tiled,221,train,buoy,tp,b1,0.18655382096767426,0.6221767558464624,prediction_jsonl
vision_only_tiled,221,train,buoy,fn,b3,,,prediction_jsonl
vision_only_tiled,221,train,buoy,fn,b4,,,prediction_jsonl
vision_only_tiled,221,train,buoy,fn,b5,,,prediction_jsonl
vision_only_tiled,221,train,buoy,fn,b6,,,prediction_jsonl
vision_only_tiled,221,train,buoy,fn,b7,,,prediction_jsonl
vision_only_tiled,221,train,buoy,fn,b8,,,prediction_jsonl
vision_only_tiled,222,train,boat,tp,boat,0.6524205207824707,0.7156683472598441,prediction_jsonl
vision_only_tiled,222,train,buoy,tp,b1,0.18459570407867432,0.6400625460473279,prediction_jsonl
vision_only_tiled,222,train,buoy,fn,b3,,,prediction_jsonl
vision_only_tiled,222,train,buoy,fn,b4,,,prediction_jsonl
vision_only_tiled,222,train,buoy,fn,b5,,,prediction_jsonl
vision_only_tiled,222,train,buoy,fn,b6,,,prediction_jsonl
vision_only_tiled,222,train,buoy,fn,b7,,,prediction_jsonl
vision_only_tiled,222,train,buoy,fn,b8,,,prediction_jsonl
vision_only_tiled,223,train,boat,tp,boat,0.6479641199111938,0.7271033831623521,prediction_jsonl
vision_only_tiled,223,train,buoy,tp,b1,0.19187897443771362,0.687089895869052,prediction_jsonl
vision_only_tiled,223,train,buoy,fn,b3,,,prediction_jsonl
vision_only_tiled,223,train,buoy,fn,b4,,,prediction_jsonl
vision_only_tiled,223,train,buoy,fn,b5,,,prediction_jsonl
vision_only_tiled,223,train,buoy,fn,b6,,,prediction_jsonl
vision_only_tiled,223,train,buoy,fn,b7,,,prediction_jsonl
vision_only_tiled,223,train,buoy,fn,b8,,,prediction_jsonl
vision_only_tiled,224,train,boat,tp,boat,0.639829158782959,0.7165245816899345,prediction_jsonl
vision_only_tiled,224,train,buoy,tp,b1,0.1815871149301529,0.6576825673948801,prediction_jsonl
vision_only_tiled,224,train,buoy,fn,b3,,,prediction_jsonl
vision_only_tiled,224,train,buoy,fn,b4,,,prediction_jsonl
vision_only_tiled,224,train,buoy,fn,b5,,,prediction_jsonl
vision_only_tiled,224,train,buoy,fn,b6,,,prediction_jsonl
vision_only_tiled,224,train,buoy,fn,b7,,,prediction_jsonl
vision_only_tiled,224,train,buoy,fn,b8,,,prediction_jsonl
vision_only_tiled,225,train,boat,tp,boat,0.632107138633728,0.7067833720720512,prediction_jsonl
vision_only_tiled,225,train,buoy,tp,b1,0.18262100219726562,0.6682451537417858,prediction_jsonl
vision_only_tiled,225,train,buoy,fn,b3,,,prediction_jsonl
vision_only_tiled,225,train,buoy,fn,b4,,,prediction_jsonl
vision_only_tiled,225,train,buoy,fn,b5,,,prediction_jsonl
vision_only_tiled,225,train,buoy,fn,b6,,,prediction_jsonl
vision_only_tiled,225,train,buoy,fn,b7,,,prediction_jsonl
vision_only_tiled,225,train,buoy,fn,b8,,,prediction_jsonl
vision_only_tiled,226,train,boat,tp,boat,0.6389349699020386,0.6747393753679753,prediction_jsonl
vision_only_tiled,226,train,buoy,tp,b1,0.2569091022014618,0.6395370683346099,prediction_jsonl
vision_only_tiled,226,train,buoy,fn,b3,,,prediction_jsonl
vision_only_tiled,226,train,buoy,fn,b4,,,prediction_jsonl
vision_only_tiled,226,train,buoy,fn,b5,,,prediction_jsonl
vision_only_tiled,226,train,buoy,fn,b6,,,prediction_jsonl
vision_only_tiled,226,train,buoy,fn,b7,,,prediction_jsonl
vision_only_tiled,226,train,buoy,fn,b8,,,prediction_jsonl
vision_only_tiled,227,train,boat,tp,boat,0.6410889625549316,0.6749627122266612,prediction_jsonl
vision_only_tiled,227,train,buoy,tp,b1,0.18481752276420593,0.659180153311391,prediction_jsonl
vision_only_tiled,227,train,buoy,fn,b3,,,prediction_jsonl
vision_only_tiled,227,train,buoy,fn,b4,,,prediction_jsonl
vision_only_tiled,227,train,buoy,fn,b5,,,prediction_jsonl
vision_only_tiled,227,train,buoy,fn,b6,,,prediction_jsonl
vision_only_tiled,227,train,buoy,fn,b7,,,prediction_jsonl
vision_only_tiled,227,train,buoy,fn,b8,,,prediction_jsonl
vision_only_tiled,228,train,boat,tp,boat,0.6467885971069336,0.6722610661478522,prediction_jsonl
vision_only_tiled,228,train,buoy,tp,b1,0.19081896543502808,0.6206345242206064,prediction_jsonl
vision_only_tiled,228,train,buoy,fn,b3,,,prediction_jsonl
vision_only_tiled,228,train,buoy,fn,b4,,,prediction_jsonl
vision_only_tiled,228,train,buoy,fn,b5,,,prediction_jsonl
vision_only_tiled,228,train,buoy,fn,b6,,,prediction_jsonl
vision_only_tiled,228,train,buoy,fn,b7,,,prediction_jsonl
vision_only_tiled,228,train,buoy,fn,b8,,,prediction_jsonl
vision_only_tiled,229,train,boat,tp,boat,0.6355711221694946,0.6758169099464358,prediction_jsonl
vision_only_tiled,229,train,buoy,fn,b1,,,prediction_jsonl
vision_only_tiled,229,train,buoy,fn,b3,,,prediction_jsonl
vision_only_tiled,229,train,buoy,fn,b4,,,prediction_jsonl
vision_only_tiled,229,train,buoy,fn,b5,,,prediction_jsonl
vision_only_tiled,229,train,buoy,fn,b6,,,prediction_jsonl
vision_only_tiled,229,train,buoy,fn,b7,,,prediction_jsonl
vision_only_tiled,229,train,buoy,fn,b8,,,prediction_jsonl
vision_only_tiled,230,train,boat,tp,boat,0.6381354928016663,0.6917766834466871,prediction_jsonl
vision_only_tiled,230,train,buoy,tp,b1,0.18854013085365295,0.6294998966989368,prediction_jsonl
vision_only_tiled,230,train,buoy,fn,b3,,,prediction_jsonl
vision_only_tiled,230,train,buoy,fn,b4,,,prediction_jsonl
vision_only_tiled,230,train,buoy,fn,b5,,,prediction_jsonl
vision_only_tiled,230,train,buoy,fn,b6,,,prediction_jsonl
vision_only_tiled,230,train,buoy,fn,b7,,,prediction_jsonl
vision_only_tiled,230,train,buoy,fn,b8,,,prediction_jsonl
vision_only_tiled,231,train,boat,tp,boat,0.6443309783935547,0.6812262029578139,prediction_jsonl
vision_only_tiled,231,train,buoy,tp,b1,0.1892985999584198,0.6297340771428096,prediction_jsonl
vision_only_tiled,231,train,buoy,fn,b3,,,prediction_jsonl
vision_only_tiled,231,train,buoy,fn,b4,,,prediction_jsonl
vision_only_tiled,231,train,buoy,fn,b5,,,prediction_jsonl
vision_only_tiled,231,train,buoy,fn,b6,,,prediction_jsonl
vision_only_tiled,231,train,buoy,fn,b7,,,prediction_jsonl
vision_only_tiled,231,train,buoy,fn,b8,,,prediction_jsonl
vision_only_tiled,232,train,boat,tp,boat,0.6593641042709351,0.690930269399048,prediction_jsonl
vision_only_tiled,232,train,buoy,tp,b1,0.19215451180934906,0.6720419472960173,prediction_jsonl
vision_only_tiled,232,train,buoy,fn,b3,,,prediction_jsonl
vision_only_tiled,232,train,buoy,fn,b4,,,prediction_jsonl
vision_only_tiled,232,train,buoy,fn,b5,,,prediction_jsonl
vision_only_tiled,232,train,buoy,fn,b6,,,prediction_jsonl
vision_only_tiled,232,train,buoy,fn,b7,,,prediction_jsonl
vision_only_tiled,232,train,buoy,fn,b8,,,prediction_jsonl
vision_only_tiled,233,train,boat,tp,boat,0.6644378900527954,0.6702784694091022,prediction_jsonl
vision_only_tiled,233,train,buoy,fn,b1,,,prediction_jsonl
vision_only_tiled,233,train,buoy,fn,b3,,,prediction_jsonl
vision_only_tiled,233,train,buoy,fn,b4,,,prediction_jsonl
vision_only_tiled,233,train,buoy,fn,b5,,,prediction_jsonl
vision_only_tiled,233,train,buoy,fn,b6,,,prediction_jsonl
vision_only_tiled,233,train,buoy,fn,b7,,,prediction_jsonl
vision_only_tiled,233,train,buoy,fn,b8,,,prediction_jsonl
vision_only_tiled,234,train,boat,tp,boat,0.6645836234092712,0.6582357888854712,prediction_jsonl
vision_only_tiled,234,train,buoy,fn,b1,,,prediction_jsonl
vision_only_tiled,234,train,buoy,fn,b3,,,prediction_jsonl
vision_only_tiled,234,train,buoy,fn,b4,,,prediction_jsonl
vision_only_tiled,234,train,buoy,fn,b5,,,prediction_jsonl
vision_only_tiled,234,train,buoy,fn,b6,,,prediction_jsonl
vision_only_tiled,234,train,buoy,fn,b7,,,prediction_jsonl
vision_only_tiled,234,train,buoy,fn,b8,,,prediction_jsonl
vision_only_tiled,235,train,boat,tp,boat,0.6505745649337769,0.7008665195572625,prediction_jsonl
vision_only_tiled,235,train,buoy,fn,b1,,,prediction_jsonl
vision_only_tiled,235,train,buoy,fn,b3,,,prediction_jsonl
vision_only_tiled,235,train,buoy,fn,b4,,,prediction_jsonl
vision_only_tiled,235,train,buoy,fn,b5,,,prediction_jsonl
vision_only_tiled,235,train,buoy,fn,b6,,,prediction_jsonl
vision_only_tiled,235,train,buoy,fn,b7,,,prediction_jsonl
vision_only_tiled,235,train,buoy,fn,b8,,,prediction_jsonl
vision_only_tiled,236,train,boat,tp,boat,0.6478264927864075,0.6958148521333333,prediction_jsonl
vision_only_tiled,236,train,buoy,fn,b1,,,prediction_jsonl
vision_only_tiled,236,train,buoy,fn,b3,,,prediction_jsonl
vision_only_tiled,236,train,buoy,fn,b4,,,prediction_jsonl
vision_only_tiled,236,train,buoy,fn,b5,,,prediction_jsonl
vision_only_tiled,236,train,buoy,fn,b6,,,prediction_jsonl
vision_only_tiled,236,train,buoy,fn,b7,,,prediction_jsonl
vision_only_tiled,236,train,buoy,fn,b8,,,prediction_jsonl
vision_only_tiled,237,train,boat,tp,boat,0.665226399898529,0.6779306547507278,prediction_jsonl
vision_only_tiled,237,train,buoy,fn,b1,,,prediction_jsonl
vision_only_tiled,237,train,buoy,fn,b3,,,prediction_jsonl
vision_only_tiled,237,train,buoy,fn,b4,,,prediction_jsonl
vision_only_tiled,237,train,buoy,fn,b5,,,prediction_jsonl
vision_only_tiled,237,train,buoy,fn,b6,,,prediction_jsonl
vision_only_tiled,237,train,buoy,fn,b7,,,prediction_jsonl
vision_only_tiled,237,train,buoy,fn,b8,,,prediction_jsonl
vision_only_tiled,238,train,boat,tp,boat,0.6665727496147156,0.6829022029487269,prediction_jsonl
vision_only_tiled,238,train,buoy,fn,b1,,,prediction_jsonl
vision_only_tiled,238,train,buoy,fn,b3,,,prediction_jsonl
vision_only_tiled,238,train,buoy,fn,b4,,,prediction_jsonl
vision_only_tiled,238,train,buoy,fn,b5,,,prediction_jsonl
vision_only_tiled,238,train,buoy,fn,b6,,,prediction_jsonl
vision_only_tiled,238,train,buoy,fn,b7,,,prediction_jsonl
vision_only_tiled,238,train,buoy,fn,b8,,,prediction_jsonl
vision_only_tiled,239,train,boat,tp,boat,0.6404761672019958,0.6814237984845822,prediction_jsonl
vision_only_tiled,239,train,buoy,fn,b1,,,prediction_jsonl
vision_only_tiled,239,train,buoy,fn,b3,,,prediction_jsonl
vision_only_tiled,239,train,buoy,fn,b4,,,prediction_jsonl
vision_only_tiled,239,train,buoy,fn,b5,,,prediction_jsonl
vision_only_tiled,239,train,buoy,fn,b6,,,prediction_jsonl
vision_only_tiled,239,train,buoy,fn,b7,,,prediction_jsonl
vision_only_tiled,239,train,buoy,fn,b8,,,prediction_jsonl
vision_only_tiled,240,train,boat,tp,boat,0.6467589139938354,0.6747758427095562,prediction_jsonl
vision_only_tiled,240,train,buoy,tp,b1,0.18023493885993958,0.6358487962251539,prediction_jsonl
vision_only_tiled,240,train,buoy,fn,b3,,,prediction_jsonl
vision_only_tiled,240,train,buoy,fn,b4,,,prediction_jsonl
vision_only_tiled,240,train,buoy,fn,b5,,,prediction_jsonl
vision_only_tiled,240,train,buoy,fn,b6,,,prediction_jsonl
vision_only_tiled,240,train,buoy,fn,b7,,,prediction_jsonl
vision_only_tiled,240,train,buoy,fn,b8,,,prediction_jsonl
vision_only_tiled,241,train,boat,tp,boat,0.645240306854248,0.6865558336001599,prediction_jsonl
vision_only_tiled,241,train,buoy,tp,b1,0.20450426638126373,0.6179527851483896,prediction_jsonl
vision_only_tiled,241,train,buoy,fn,b3,,,prediction_jsonl
vision_only_tiled,241,train,buoy,fn,b4,,,prediction_jsonl
vision_only_tiled,241,train,buoy,fn,b5,,,prediction_jsonl
vision_only_tiled,241,train,buoy,fn,b6,,,prediction_jsonl
vision_only_tiled,241,train,buoy,fn,b7,,,prediction_jsonl
vision_only_tiled,241,train,buoy,fn,b8,,,prediction_jsonl
vision_only_tiled,242,train,boat,tp,boat,0.645543098449707,0.6784146372756661,prediction_jsonl
vision_only_tiled,242,train,buoy,tp,b1,0.19515033066272736,0.6111514735335744,prediction_jsonl
vision_only_tiled,242,train,buoy,fn,b3,,,prediction_jsonl
vision_only_tiled,242,train,buoy,fn,b4,,,prediction_jsonl
vision_only_tiled,242,train,buoy,fn,b5,,,prediction_jsonl
vision_only_tiled,242,train,buoy,fn,b6,,,prediction_jsonl
vision_only_tiled,242,train,buoy,fn,b7,,,prediction_jsonl
vision_only_tiled,242,train,buoy,fn,b8,,,prediction_jsonl
vision_only_tiled,243,train,boat,tp,boat,0.6494410634040833,0.6947109875719851,prediction_jsonl
vision_only_tiled,243,train,buoy,tp,b1,0.1805109828710556,0.6340090536299173,prediction_jsonl
vision_only_tiled,243,train,buoy,fn,b3,,,prediction_jsonl
vision_only_tiled,243,train,buoy,fn,b4,,,prediction_jsonl
vision_only_tiled,243,train,buoy,fn,b5,,,prediction_jsonl
vision_only_tiled,243,train,buoy,fn,b6,,,prediction_jsonl
vision_only_tiled,243,train,buoy,fn,b7,,,prediction_jsonl
vision_only_tiled,243,train,buoy,fn,b8,,,prediction_jsonl
vision_only_tiled,244,train,boat,tp,boat,0.64220130443573,0.6976066646230393,prediction_jsonl
vision_only_tiled,244,train,buoy,tp,b1,0.18236041069030762,0.6466402606299723,prediction_jsonl
vision_only_tiled,244,train,buoy,fn,b3,,,prediction_jsonl
vision_only_tiled,244,train,buoy,fn,b4,,,prediction_jsonl
vision_only_tiled,244,train,buoy,fn,b5,,,prediction_jsonl
vision_only_tiled,244,train,buoy,fn,b6,,,prediction_jsonl
vision_only_tiled,244,train,buoy,fn,b7,,,prediction_jsonl
vision_only_tiled,244,train,buoy,fn,b8,,,prediction_jsonl
vision_only_tiled,245,train,boat,tp,boat,0.642688512802124,0.7017582358008679,prediction_jsonl
vision_only_tiled,245,train,buoy,tp,b1,0.20122480392456055,0.6350040631685582,prediction_jsonl
vision_only_tiled,245,train,buoy,fn,b3,,,prediction_jsonl
vision_only_tiled,245,train,buoy,fn,b4,,,prediction_jsonl
vision_only_tiled,245,train,buoy,fn,b5,,,prediction_jsonl
vision_only_tiled,245,train,buoy,fn,b6,,,prediction_jsonl
vision_only_tiled,245,train,buoy,fn,b7,,,prediction_jsonl
vision_only_tiled,245,train,buoy,fn,b8,,,prediction_jsonl
vision_only_tiled,246,train,boat,tp,boat,0.6451094746589661,0.7085979994070423,prediction_jsonl
vision_only_tiled,246,train,buoy,tp,b1,0.1938147246837616,0.6286761470143412,prediction_jsonl
vision_only_tiled,246,train,buoy,fn,b3,,,prediction_jsonl
vision_only_tiled,246,train,buoy,fn,b4,,,prediction_jsonl
vision_only_tiled,246,train,buoy,fn,b5,,,prediction_jsonl
vision_only_tiled,246,train,buoy,fn,b6,,,prediction_jsonl
vision_only_tiled,246,train,buoy,fn,b7,,,prediction_jsonl
vision_only_tiled,246,train,buoy,fn,b8,,,prediction_jsonl
vision_only_tiled,247,train,boat,tp,boat,0.6532315611839294,0.6980088398424086,prediction_jsonl
vision_only_tiled,247,train,buoy,tp,b1,0.20173276960849762,0.6320654961144184,prediction_jsonl
vision_only_tiled,247,train,buoy,fn,b3,,,prediction_jsonl
vision_only_tiled,247,train,buoy,fn,b4,,,prediction_jsonl
vision_only_tiled,247,train,buoy,fn,b5,,,prediction_jsonl
vision_only_tiled,247,train,buoy,fn,b6,,,prediction_jsonl
vision_only_tiled,247,train,buoy,fn,b7,,,prediction_jsonl
vision_only_tiled,247,train,buoy,fn,b8,,,prediction_jsonl
vision_only_tiled,248,train,boat,tp,boat,0.6498556137084961,0.6904562903520274,prediction_jsonl
vision_only_tiled,248,train,buoy,tp,b1,0.22157227993011475,0.6381865966747026,prediction_jsonl
vision_only_tiled,248,train,buoy,fn,b3,,,prediction_jsonl
vision_only_tiled,248,train,buoy,fn,b4,,,prediction_jsonl
vision_only_tiled,248,train,buoy,fn,b5,,,prediction_jsonl
vision_only_tiled,248,train,buoy,fn,b6,,,prediction_jsonl
vision_only_tiled,248,train,buoy,fn,b7,,,prediction_jsonl
vision_only_tiled,248,train,buoy,fn,b8,,,prediction_jsonl
vision_only_tiled,249,train,boat,tp,boat,0.6299687623977661,0.6998286746651211,prediction_jsonl
vision_only_tiled,249,train,buoy,tp,b1,0.18260686099529266,0.6177054740037159,prediction_jsonl
vision_only_tiled,249,train,buoy,fn,b3,,,prediction_jsonl
vision_only_tiled,249,train,buoy,fn,b4,,,prediction_jsonl
vision_only_tiled,249,train,buoy,fn,b5,,,prediction_jsonl
vision_only_tiled,249,train,buoy,fn,b6,,,prediction_jsonl
vision_only_tiled,249,train,buoy,fn,b7,,,prediction_jsonl
vision_only_tiled,249,train,buoy,fn,b8,,,prediction_jsonl
vision_only_tiled,250,train,boat,tp,boat,0.6297556161880493,0.6934229771479664,prediction_jsonl
vision_only_tiled,250,train,buoy,tp,b1,0.1985553354024887,0.6386799062293382,prediction_jsonl
vision_only_tiled,250,train,buoy,fn,b3,,,prediction_jsonl
vision_only_tiled,250,train,buoy,fn,b4,,,prediction_jsonl
vision_only_tiled,250,train,buoy,fn,b5,,,prediction_jsonl
vision_only_tiled,250,train,buoy,fn,b6,,,prediction_jsonl
vision_only_tiled,250,train,buoy,fn,b7,,,prediction_jsonl
vision_only_tiled,250,train,buoy,fn,b8,,,prediction_jsonl
vision_only_tiled,251,train,boat,tp,boat,0.6296814680099487,0.6949061928013363,prediction_jsonl
vision_only_tiled,251,train,buoy,tp,b1,0.195634663105011,0.649935918746464,prediction_jsonl
vision_only_tiled,251,train,buoy,fn,b3,,,prediction_jsonl
vision_only_tiled,251,train,buoy,fn,b4,,,prediction_jsonl
vision_only_tiled,251,train,buoy,fn,b5,,,prediction_jsonl
vision_only_tiled,251,train,buoy,fn,b6,,,prediction_jsonl
vision_only_tiled,251,train,buoy,fn,b7,,,prediction_jsonl
vision_only_tiled,251,train,buoy,fn,b8,,,prediction_jsonl
vision_only_tiled,252,train,boat,tp,boat,0.6428946852684021,0.6845981685968946,prediction_jsonl
vision_only_tiled,252,train,buoy,tp,b1,0.18247194588184357,0.6363210121815241,prediction_jsonl
vision_only_tiled,252,train,buoy,fn,b3,,,prediction_jsonl
vision_only_tiled,252,train,buoy,fn,b4,,,prediction_jsonl
vision_only_tiled,252,train,buoy,fn,b5,,,prediction_jsonl
vision_only_tiled,252,train,buoy,fn,b6,,,prediction_jsonl
vision_only_tiled,252,train,buoy,fn,b7,,,prediction_jsonl
vision_only_tiled,252,train,buoy,fn,b8,,,prediction_jsonl
vision_only_tiled,253,train,boat,tp,boat,0.6515691876411438,0.6672361822049051,prediction_jsonl
vision_only_tiled,253,train,buoy,tp,b1,0.18898490071296692,0.6059174599325022,prediction_jsonl
vision_only_tiled,253,train,buoy,fn,b3,,,prediction_jsonl
vision_only_tiled,253,train,buoy,fn,b4,,,prediction_jsonl
vision_only_tiled,253,train,buoy,fn,b5,,,prediction_jsonl
vision_only_tiled,253,train,buoy,fn,b6,,,prediction_jsonl
vision_only_tiled,253,train,buoy,fn,b7,,,prediction_jsonl
vision_only_tiled,253,train,buoy,fn,b8,,,prediction_jsonl
vision_only_tiled,254,train,boat,tp,boat,0.646914005279541,0.6834790786819728,prediction_jsonl
vision_only_tiled,254,train,buoy,tp,b1,0.18713216483592987,0.6560104699673565,prediction_jsonl
vision_only_tiled,254,train,buoy,fn,b3,,,prediction_jsonl
vision_only_tiled,254,train,buoy,fn,b4,,,prediction_jsonl
vision_only_tiled,254,train,buoy,fn,b5,,,prediction_jsonl
vision_only_tiled,254,train,buoy,fn,b6,,,prediction_jsonl
vision_only_tiled,254,train,buoy,fn,b7,,,prediction_jsonl
vision_only_tiled,254,train,buoy,fn,b8,,,prediction_jsonl
vision_only_tiled,255,train,boat,tp,boat,0.6360965371131897,0.706112707147392,prediction_jsonl
vision_only_tiled,255,train,buoy,tp,b1,0.19130170345306396,0.6743576302884647,prediction_jsonl
vision_only_tiled,255,train,buoy,fn,b3,,,prediction_jsonl
vision_only_tiled,255,train,buoy,fn,b4,,,prediction_jsonl
vision_only_tiled,255,train,buoy,fn,b5,,,prediction_jsonl
vision_only_tiled,255,train,buoy,fn,b6,,,prediction_jsonl
vision_only_tiled,255,train,buoy,fn,b7,,,prediction_jsonl
vision_only_tiled,255,train,buoy,fn,b8,,,prediction_jsonl
vision_only_tiled,256,train,boat,tp,boat,0.6561868190765381,0.6976362463107186,prediction_jsonl
vision_only_tiled,256,train,buoy,tp,b1,0.18105287849903107,0.6560339607695156,prediction_jsonl
vision_only_tiled,256,train,buoy,fn,b3,,,prediction_jsonl
vision_only_tiled,256,train,buoy,fn,b4,,,prediction_jsonl
vision_only_tiled,256,train,buoy,fn,b5,,,prediction_jsonl
vision_only_tiled,256,train,buoy,fn,b6,,,prediction_jsonl
vision_only_tiled,256,train,buoy,fn,b7,,,prediction_jsonl
vision_only_tiled,256,train,buoy,fn,b8,,,prediction_jsonl
vision_only_tiled,257,train,boat,tp,boat,0.6457296013832092,0.699437188913969,prediction_jsonl
vision_only_tiled,257,train,buoy,tp,b1,0.19905410706996918,0.6350920703521841,prediction_jsonl
vision_only_tiled,257,train,buoy,fn,b3,,,prediction_jsonl
vision_only_tiled,257,train,buoy,fn,b4,,,prediction_jsonl
vision_only_tiled,257,train,buoy,fn,b5,,,prediction_jsonl
vision_only_tiled,257,train,buoy,fn,b6,,,prediction_jsonl
vision_only_tiled,257,train,buoy,fn,b7,,,prediction_jsonl
vision_only_tiled,257,train,buoy,fn,b8,,,prediction_jsonl
vision_only_tiled,258,train,boat,tp,boat,0.6338492631912231,0.6957712278658073,prediction_jsonl
vision_only_tiled,258,train,buoy,tp,b1,0.19543476402759552,0.629868348695924,prediction_jsonl
vision_only_tiled,258,train,buoy,fn,b3,,,prediction_jsonl
vision_only_tiled,258,train,buoy,fn,b4,,,prediction_jsonl
vision_only_tiled,258,train,buoy,fn,b5,,,prediction_jsonl
vision_only_tiled,258,train,buoy,fn,b6,,,prediction_jsonl
vision_only_tiled,258,train,buoy,fn,b7,,,prediction_jsonl
vision_only_tiled,258,train,buoy,fn,b8,,,prediction_jsonl
vision_only_tiled,259,train,boat,tp,boat,0.6518465280532837,0.6913723430916829,prediction_jsonl
vision_only_tiled,259,train,buoy,tp,b1,0.22961023449897766,0.6494252016639582,prediction_jsonl
vision_only_tiled,259,train,buoy,fn,b3,,,prediction_jsonl
vision_only_tiled,259,train,buoy,fn,b4,,,prediction_jsonl
vision_only_tiled,259,train,buoy,fn,b5,,,prediction_jsonl
vision_only_tiled,259,train,buoy,fn,b6,,,prediction_jsonl
vision_only_tiled,259,train,buoy,fn,b7,,,prediction_jsonl
vision_only_tiled,259,train,buoy,fn,b8,,,prediction_jsonl
vision_only_tiled,260,train,boat,tp,boat,0.6579629778862,0.6978996378960717,prediction_jsonl
vision_only_tiled,260,train,buoy,tp,b1,0.20957955718040466,0.6417218214627818,prediction_jsonl
vision_only_tiled,260,train,buoy,fn,b3,,,prediction_jsonl
vision_only_tiled,260,train,buoy,fn,b4,,,prediction_jsonl
vision_only_tiled,260,train,buoy,fn,b5,,,prediction_jsonl
vision_only_tiled,260,train,buoy,fn,b6,,,prediction_jsonl
vision_only_tiled,260,train,buoy,fn,b7,,,prediction_jsonl
vision_only_tiled,260,train,buoy,fn,b8,,,prediction_jsonl
vision_only_tiled,261,train,boat,tp,boat,0.6449894309043884,0.6588363211435583,prediction_jsonl
vision_only_tiled,261,train,buoy,tp,b1,0.21080535650253296,0.5804376217887778,prediction_jsonl
vision_only_tiled,261,train,buoy,fn,b3,,,prediction_jsonl
vision_only_tiled,261,train,buoy,fn,b4,,,prediction_jsonl
vision_only_tiled,261,train,buoy,fn,b5,,,prediction_jsonl
vision_only_tiled,261,train,buoy,fn,b6,,,prediction_jsonl
vision_only_tiled,261,train,buoy,fn,b7,,,prediction_jsonl
vision_only_tiled,261,train,buoy,fn,b8,,,prediction_jsonl
vision_only_tiled,262,train,boat,tp,boat,0.6391928195953369,0.6831385929508776,prediction_jsonl
vision_only_tiled,262,train,buoy,tp,b1,0.18892315030097961,0.6166674204623407,prediction_jsonl
vision_only_tiled,262,train,buoy,fn,b3,,,prediction_jsonl
vision_only_tiled,262,train,buoy,fn,b4,,,prediction_jsonl
vision_only_tiled,262,train,buoy,fn,b5,,,prediction_jsonl
vision_only_tiled,262,train,buoy,fn,b6,,,prediction_jsonl
vision_only_tiled,262,train,buoy,fn,b7,,,prediction_jsonl
vision_only_tiled,262,train,buoy,fn,b8,,,prediction_jsonl
vision_only_tiled,263,train,boat,tp,boat,0.6507090330123901,0.6853177277805628,prediction_jsonl
vision_only_tiled,263,train,buoy,tp,b1,0.20840181410312653,0.6345168179663031,prediction_jsonl
vision_only_tiled,263,train,buoy,fn,b3,,,prediction_jsonl
vision_only_tiled,263,train,buoy,fn,b4,,,prediction_jsonl
vision_only_tiled,263,train,buoy,fn,b5,,,prediction_jsonl
vision_only_tiled,263,train,buoy,fn,b6,,,prediction_jsonl
vision_only_tiled,263,train,buoy,fn,b7,,,prediction_jsonl
vision_only_tiled,263,train,buoy,fn,b8,,,prediction_jsonl
vision_only_tiled,264,train,boat,tp,boat,0.6638590693473816,0.6902372473597314,prediction_jsonl
vision_only_tiled,264,train,buoy,tp,b1,0.22672393918037415,0.6270886239717063,prediction_jsonl
vision_only_tiled,264,train,buoy,fn,b3,,,prediction_jsonl
vision_only_tiled,264,train,buoy,fn,b4,,,prediction_jsonl
vision_only_tiled,264,train,buoy,fn,b5,,,prediction_jsonl
vision_only_tiled,264,train,buoy,fn,b6,,,prediction_jsonl
vision_only_tiled,264,train,buoy,fn,b7,,,prediction_jsonl
vision_only_tiled,264,train,buoy,fn,b8,,,prediction_jsonl
vision_only_tiled,265,train,boat,tp,boat,0.6594076156616211,0.7126756386706048,prediction_jsonl
vision_only_tiled,265,train,buoy,tp,b1,0.21299567818641663,0.6110183011468595,prediction_jsonl
vision_only_tiled,265,train,buoy,fn,b3,,,prediction_jsonl
vision_only_tiled,265,train,buoy,fn,b4,,,prediction_jsonl
vision_only_tiled,265,train,buoy,fn,b5,,,prediction_jsonl
vision_only_tiled,265,train,buoy,fn,b6,,,prediction_jsonl
vision_only_tiled,265,train,buoy,fn,b7,,,prediction_jsonl
vision_only_tiled,265,train,buoy,fn,b8,,,prediction_jsonl
vision_only_tiled,266,train,boat,tp,boat,0.6603055000305176,0.7197717838608356,prediction_jsonl
vision_only_tiled,266,train,buoy,tp,b1,0.19038227200508118,0.6125912632572165,prediction_jsonl
vision_only_tiled,266,train,buoy,fn,b3,,,prediction_jsonl
vision_only_tiled,266,train,buoy,fn,b4,,,prediction_jsonl
vision_only_tiled,266,train,buoy,fn,b5,,,prediction_jsonl
vision_only_tiled,266,train,buoy,fn,b6,,,prediction_jsonl
vision_only_tiled,266,train,buoy,fn,b7,,,prediction_jsonl
vision_only_tiled,266,train,buoy,fn,b8,,,prediction_jsonl
vision_only_tiled,267,train,boat,tp,boat,0.65097576379776,0.7222422639066463,prediction_jsonl
vision_only_tiled,267,train,buoy,fn,b1,,,prediction_jsonl
vision_only_tiled,267,train,buoy,fn,b3,,,prediction_jsonl
vision_only_tiled,267,train,buoy,fn,b4,,,prediction_jsonl
vision_only_tiled,267,train,buoy,fn,b5,,,prediction_jsonl
vision_only_tiled,267,train,buoy,fn,b6,,,prediction_jsonl
vision_only_tiled,267,train,buoy,fn,b7,,,prediction_jsonl
vision_only_tiled,267,train,buoy,fn,b8,,,prediction_jsonl
vision_only_tiled,268,train,boat,tp,boat,0.6601384878158569,0.702565372240645,prediction_jsonl
vision_only_tiled,268,train,buoy,tp,b1,0.2222239375114441,0.5977660689359603,prediction_jsonl
vision_only_tiled,268,train,buoy,fn,b3,,,prediction_jsonl
vision_only_tiled,268,train,buoy,fn,b4,,,prediction_jsonl
vision_only_tiled,268,train,buoy,fn,b5,,,prediction_jsonl
vision_only_tiled,268,train,buoy,fn,b6,,,prediction_jsonl
vision_only_tiled,268,train,buoy,fn,b7,,,prediction_jsonl
vision_only_tiled,268,train,buoy,fn,b8,,,prediction_jsonl
vision_only_tiled,269,train,boat,tp,boat,0.6511326432228088,0.6805957722536286,prediction_jsonl
vision_only_tiled,269,train,buoy,fn,b1,,,prediction_jsonl
vision_only_tiled,269,train,buoy,fn,b3,,,prediction_jsonl
vision_only_tiled,269,train,buoy,fn,b4,,,prediction_jsonl
vision_only_tiled,269,train,buoy,fn,b5,,,prediction_jsonl
vision_only_tiled,269,train,buoy,fn,b6,,,prediction_jsonl
vision_only_tiled,269,train,buoy,fn,b7,,,prediction_jsonl
vision_only_tiled,269,train,buoy,fn,b8,,,prediction_jsonl
vision_only_tiled,270,train,boat,tp,boat,0.6537080407142639,0.6660460104459095,prediction_jsonl
vision_only_tiled,270,train,buoy,tp,b1,0.19580864906311035,0.6057638439056052,prediction_jsonl
vision_only_tiled,270,train,buoy,fn,b3,,,prediction_jsonl
vision_only_tiled,270,train,buoy,fn,b4,,,prediction_jsonl
vision_only_tiled,270,train,buoy,fn,b5,,,prediction_jsonl
vision_only_tiled,270,train,buoy,fn,b6,,,prediction_jsonl
vision_only_tiled,270,train,buoy,fn,b7,,,prediction_jsonl
vision_only_tiled,270,train,buoy,fn,b8,,,prediction_jsonl
vision_only_tiled,271,train,boat,tp,boat,0.6607342958450317,0.6823502778161444,prediction_jsonl
vision_only_tiled,271,train,buoy,tp,b1,0.2314184010028839,0.6207725433635979,prediction_jsonl
vision_only_tiled,271,train,buoy,fn,b3,,,prediction_jsonl
vision_only_tiled,271,train,buoy,fn,b4,,,prediction_jsonl
vision_only_tiled,271,train,buoy,fn,b5,,,prediction_jsonl
vision_only_tiled,271,train,buoy,fn,b6,,,prediction_jsonl
vision_only_tiled,271,train,buoy,fn,b7,,,prediction_jsonl
vision_only_tiled,271,train,buoy,fn,b8,,,prediction_jsonl
vision_only_tiled,272,train,boat,tp,boat,0.6510207056999207,0.6793325741556033,prediction_jsonl
vision_only_tiled,272,train,buoy,tp,b1,0.19244703650474548,0.6271111235919117,prediction_jsonl
vision_only_tiled,272,train,buoy,fn,b3,,,prediction_jsonl
vision_only_tiled,272,train,buoy,fn,b4,,,prediction_jsonl
vision_only_tiled,272,train,buoy,fn,b5,,,prediction_jsonl
vision_only_tiled,272,train,buoy,fn,b6,,,prediction_jsonl
vision_only_tiled,272,train,buoy,fn,b7,,,prediction_jsonl
vision_only_tiled,272,train,buoy,fn,b8,,,prediction_jsonl
vision_only_tiled,273,train,boat,tp,boat,0.651292622089386,0.6918612390078402,prediction_jsonl
vision_only_tiled,273,train,buoy,tp,b1,0.18843534588813782,0.6303071393215438,prediction_jsonl
vision_only_tiled,273,train,buoy,fn,b3,,,prediction_jsonl
vision_only_tiled,273,train,buoy,fn,b4,,,prediction_jsonl
vision_only_tiled,273,train,buoy,fn,b5,,,prediction_jsonl
vision_only_tiled,273,train,buoy,fn,b6,,,prediction_jsonl
vision_only_tiled,273,train,buoy,fn,b7,,,prediction_jsonl
vision_only_tiled,273,train,buoy,fn,b8,,,prediction_jsonl
vision_only_tiled,274,train,boat,tp,boat,0.6506136059761047,0.7025114111644563,prediction_jsonl
vision_only_tiled,274,train,buoy,fn,b1,,,prediction_jsonl
vision_only_tiled,274,train,buoy,fn,b3,,,prediction_jsonl
vision_only_tiled,274,train,buoy,fn,b4,,,prediction_jsonl
vision_only_tiled,274,train,buoy,fn,b5,,,prediction_jsonl
vision_only_tiled,274,train,buoy,fn,b6,,,prediction_jsonl
vision_only_tiled,274,train,buoy,fn,b7,,,prediction_jsonl
vision_only_tiled,274,train,buoy,fn,b8,,,prediction_jsonl
vision_only_tiled,275,train,boat,tp,boat,0.6550595164299011,0.6617035080843812,prediction_jsonl
vision_only_tiled,275,train,buoy,tp,b1,0.21657226979732513,0.6613865226167298,prediction_jsonl
vision_only_tiled,275,train,buoy,fn,b3,,,prediction_jsonl
vision_only_tiled,275,train,buoy,fn,b4,,,prediction_jsonl
vision_only_tiled,275,train,buoy,fn,b5,,,prediction_jsonl
vision_only_tiled,275,train,buoy,fn,b6,,,prediction_jsonl
vision_only_tiled,275,train,buoy,fn,b7,,,prediction_jsonl
vision_only_tiled,275,train,buoy,fn,b8,,,prediction_jsonl
vision_only_tiled,276,train,boat,tp,boat,0.653781533241272,0.6769955209924948,prediction_jsonl
vision_only_tiled,276,train,buoy,tp,b1,0.22499436140060425,0.6835380940068342,prediction_jsonl
vision_only_tiled,276,train,buoy,fn,b3,,,prediction_jsonl
vision_only_tiled,276,train,buoy,fn,b4,,,prediction_jsonl
vision_only_tiled,276,train,buoy,fn,b5,,,prediction_jsonl
vision_only_tiled,276,train,buoy,fn,b6,,,prediction_jsonl
vision_only_tiled,276,train,buoy,fn,b7,,,prediction_jsonl
vision_only_tiled,276,train,buoy,fn,b8,,,prediction_jsonl
vision_only_tiled,277,train,boat,tp,boat,0.6609758734703064,0.67178489786787,prediction_jsonl
vision_only_tiled,277,train,buoy,tp,b1,0.20955713093280792,0.671365075793797,prediction_jsonl
vision_only_tiled,277,train,buoy,fn,b3,,,prediction_jsonl
vision_only_tiled,277,train,buoy,fn,b4,,,prediction_jsonl
vision_only_tiled,277,train,buoy,fn,b5,,,prediction_jsonl
vision_only_tiled,277,train,buoy,fn,b6,,,prediction_jsonl
vision_only_tiled,277,train,buoy,fn,b7,,,prediction_jsonl
vision_only_tiled,277,train,buoy,fn,b8,,,prediction_jsonl
vision_only_tiled,278,train,boat,tp,boat,0.6323003768920898,0.6914931232905906,prediction_jsonl
vision_only_tiled,278,train,buoy,tp,b1,0.21074290573596954,0.6295580978580777,prediction_jsonl
vision_only_tiled,278,train,buoy,fn,b3,,,prediction_jsonl
vision_only_tiled,278,train,buoy,fn,b4,,,prediction_jsonl
vision_only_tiled,278,train,buoy,fn,b5,,,prediction_jsonl
vision_only_tiled,278,train,buoy,fn,b6,,,prediction_jsonl
vision_only_tiled,278,train,buoy,fn,b7,,,prediction_jsonl
vision_only_tiled,278,train,buoy,fn,b8,,,prediction_jsonl
vision_only_tiled,279,train,boat,tp,boat,0.6376510262489319,0.7128672459648122,prediction_jsonl
vision_only_tiled,279,train,buoy,tp,b1,0.21457603573799133,0.6401965587241322,prediction_jsonl
vision_only_tiled,279,train,buoy,fn,b3,,,prediction_jsonl
vision_only_tiled,279,train,buoy,fn,b4,,,prediction_jsonl
vision_only_tiled,279,train,buoy,fn,b5,,,prediction_jsonl
vision_only_tiled,279,train,buoy,fn,b6,,,prediction_jsonl
vision_only_tiled,279,train,buoy,fn,b7,,,prediction_jsonl
vision_only_tiled,279,train,buoy,fn,b8,,,prediction_jsonl
vision_only_tiled,280,train,boat,tp,boat,0.6451545357704163,0.7193050490178182,prediction_jsonl
vision_only_tiled,280,train,buoy,tp,b1,0.2181202620267868,0.6415098794657295,prediction_jsonl
vision_only_tiled,280,train,buoy,fn,b3,,,prediction_jsonl
vision_only_tiled,280,train,buoy,fn,b4,,,prediction_jsonl
vision_only_tiled,280,train,buoy,fn,b5,,,prediction_jsonl
vision_only_tiled,280,train,buoy,fn,b6,,,prediction_jsonl
vision_only_tiled,280,train,buoy,fn,b7,,,prediction_jsonl
vision_only_tiled,280,train,buoy,fn,b8,,,prediction_jsonl
vision_only_tiled,281,train,boat,tp,boat,0.6529096364974976,0.7088737936553019,prediction_jsonl
vision_only_tiled,281,train,buoy,tp,b1,0.22980891168117523,0.6013992574752045,prediction_jsonl
vision_only_tiled,281,train,buoy,fn,b3,,,prediction_jsonl
vision_only_tiled,281,train,buoy,fn,b4,,,prediction_jsonl
vision_only_tiled,281,train,buoy,fn,b5,,,prediction_jsonl
vision_only_tiled,281,train,buoy,fn,b6,,,prediction_jsonl
vision_only_tiled,281,train,buoy,fn,b7,,,prediction_jsonl
vision_only_tiled,281,train,buoy,fn,b8,,,prediction_jsonl
vision_only_tiled,282,train,boat,tp,boat,0.6409177184104919,0.6944963405668814,prediction_jsonl
vision_only_tiled,282,train,buoy,tp,b1,0.22119084000587463,0.6199908488168161,prediction_jsonl
vision_only_tiled,282,train,buoy,fn,b3,,,prediction_jsonl
vision_only_tiled,282,train,buoy,fn,b4,,,prediction_jsonl
vision_only_tiled,282,train,buoy,fn,b5,,,prediction_jsonl
vision_only_tiled,282,train,buoy,fn,b6,,,prediction_jsonl
vision_only_tiled,282,train,buoy,fn,b7,,,prediction_jsonl
vision_only_tiled,282,train,buoy,fn,b8,,,prediction_jsonl
vision_only_tiled,283,train,boat,tp,boat,0.6407590508460999,0.7196202564182399,prediction_jsonl
vision_only_tiled,283,train,buoy,tp,b1,0.22468088567256927,0.6185426342997077,prediction_jsonl
vision_only_tiled,283,train,buoy,fn,b3,,,prediction_jsonl
vision_only_tiled,283,train,buoy,fn,b4,,,prediction_jsonl
vision_only_tiled,283,train,buoy,fn,b5,,,prediction_jsonl
vision_only_tiled,283,train,buoy,fn,b6,,,prediction_jsonl
vision_only_tiled,283,train,buoy,fn,b7,,,prediction_jsonl
vision_only_tiled,283,train,buoy,fn,b8,,,prediction_jsonl
vision_only_tiled,284,train,boat,tp,boat,0.654283344745636,0.7030600086383878,prediction_jsonl
vision_only_tiled,284,train,buoy,tp,b1,0.23510171473026276,0.6392937100129146,prediction_jsonl
vision_only_tiled,284,train,buoy,fn,b3,,,prediction_jsonl
vision_only_tiled,284,train,buoy,fn,b4,,,prediction_jsonl
vision_only_tiled,284,train,buoy,fn,b5,,,prediction_jsonl
vision_only_tiled,284,train,buoy,fn,b6,,,prediction_jsonl
vision_only_tiled,284,train,buoy,fn,b7,,,prediction_jsonl
vision_only_tiled,284,train,buoy,fn,b8,,,prediction_jsonl
vision_only_tiled,285,train,boat,tp,boat,0.6428923606872559,0.6841276278009876,prediction_jsonl
vision_only_tiled,285,train,buoy,tp,b1,0.238608255982399,0.6432305063167983,prediction_jsonl
vision_only_tiled,285,train,buoy,fn,b3,,,prediction_jsonl
vision_only_tiled,285,train,buoy,fn,b4,,,prediction_jsonl
vision_only_tiled,285,train,buoy,fn,b5,,,prediction_jsonl
vision_only_tiled,285,train,buoy,fn,b6,,,prediction_jsonl
vision_only_tiled,285,train,buoy,fn,b7,,,prediction_jsonl
vision_only_tiled,285,train,buoy,fn,b8,,,prediction_jsonl
vision_only_tiled,286,train,boat,tp,boat,0.6429428458213806,0.6690488442354546,prediction_jsonl
vision_only_tiled,286,train,buoy,tp,b1,0.2332947999238968,0.6395309803975948,prediction_jsonl
vision_only_tiled,286,train,buoy,fn,b3,,,prediction_jsonl
vision_only_tiled,286,train,buoy,fn,b4,,,prediction_jsonl
vision_only_tiled,286,train,buoy,fn,b5,,,prediction_jsonl
vision_only_tiled,286,train,buoy,fn,b6,,,prediction_jsonl
vision_only_tiled,286,train,buoy,fn,b7,,,prediction_jsonl
vision_only_tiled,286,train,buoy,fn,b8,,,prediction_jsonl
vision_only_tiled,287,train,boat,tp,boat,0.6627178192138672,0.681913653600951,prediction_jsonl
vision_only_tiled,287,train,buoy,tp,b1,0.2508224546909332,0.6343944676443065,prediction_jsonl
vision_only_tiled,287,train,buoy,fn,b3,,,prediction_jsonl
vision_only_tiled,287,train,buoy,fn,b4,,,prediction_jsonl
vision_only_tiled,287,train,buoy,fn,b5,,,prediction_jsonl
vision_only_tiled,287,train,buoy,fn,b6,,,prediction_jsonl
vision_only_tiled,287,train,buoy,fn,b7,,,prediction_jsonl
vision_only_tiled,287,train,buoy,fn,b8,,,prediction_jsonl
vision_only_tiled,288,train,boat,tp,boat,0.6458981037139893,0.6811617320298519,prediction_jsonl
vision_only_tiled,288,train,buoy,tp,b1,0.23002104461193085,0.6391592457224278,prediction_jsonl
vision_only_tiled,288,train,buoy,fn,b3,,,prediction_jsonl
vision_only_tiled,288,train,buoy,fn,b4,,,prediction_jsonl
vision_only_tiled,288,train,buoy,fn,b5,,,prediction_jsonl
vision_only_tiled,288,train,buoy,fn,b6,,,prediction_jsonl
vision_only_tiled,288,train,buoy,fn,b7,,,prediction_jsonl
vision_only_tiled,288,train,buoy,fn,b8,,,prediction_jsonl
vision_only_tiled,289,train,boat,tp,boat,0.6665074229240417,0.6715465162757344,prediction_jsonl
vision_only_tiled,289,train,buoy,tp,b1,0.24702240526676178,0.6204564244355855,prediction_jsonl
vision_only_tiled,289,train,buoy,fn,b3,,,prediction_jsonl
vision_only_tiled,289,train,buoy,fn,b4,,,prediction_jsonl
vision_only_tiled,289,train,buoy,fn,b5,,,prediction_jsonl
vision_only_tiled,289,train,buoy,fn,b6,,,prediction_jsonl
vision_only_tiled,289,train,buoy,fn,b7,,,prediction_jsonl
vision_only_tiled,289,train,buoy,fn,b8,,,prediction_jsonl
vision_only_tiled,290,train,boat,tp,boat,0.6367884278297424,0.6983576802001237,prediction_jsonl
vision_only_tiled,290,train,buoy,tp,b1,0.20727978646755219,0.6492725923155825,prediction_jsonl
vision_only_tiled,290,train,buoy,fn,b3,,,prediction_jsonl
vision_only_tiled,290,train,buoy,fn,b4,,,prediction_jsonl
vision_only_tiled,290,train,buoy,fn,b5,,,prediction_jsonl
vision_only_tiled,290,train,buoy,fn,b6,,,prediction_jsonl
vision_only_tiled,290,train,buoy,fn,b7,,,prediction_jsonl
vision_only_tiled,290,train,buoy,fn,b8,,,prediction_jsonl
vision_only_tiled,291,train,boat,tp,boat,0.6525434851646423,0.6913350122575088,prediction_jsonl
vision_only_tiled,291,train,buoy,tp,b1,0.18793384730815887,0.6533675198733926,prediction_jsonl
vision_only_tiled,291,train,buoy,fn,b3,,,prediction_jsonl
vision_only_tiled,291,train,buoy,fn,b4,,,prediction_jsonl
vision_only_tiled,291,train,buoy,fn,b5,,,prediction_jsonl
vision_only_tiled,291,train,buoy,fn,b6,,,prediction_jsonl
vision_only_tiled,291,train,buoy,fn,b7,,,prediction_jsonl
vision_only_tiled,291,train,buoy,fn,b8,,,prediction_jsonl
vision_only_tiled,292,train,boat,tp,boat,0.6592328548431396,0.6848677770286451,prediction_jsonl
vision_only_tiled,292,train,buoy,tp,b1,0.20594654977321625,0.6599396181293765,prediction_jsonl
vision_only_tiled,292,train,buoy,fn,b3,,,prediction_jsonl
vision_only_tiled,292,train,buoy,fn,b4,,,prediction_jsonl
vision_only_tiled,292,train,buoy,fn,b5,,,prediction_jsonl
vision_only_tiled,292,train,buoy,fn,b6,,,prediction_jsonl
vision_only_tiled,292,train,buoy,fn,b7,,,prediction_jsonl
vision_only_tiled,292,train,buoy,fn,b8,,,prediction_jsonl
vision_only_tiled,293,train,boat,tp,boat,0.6452857255935669,0.7129068634666929,prediction_jsonl
vision_only_tiled,293,train,buoy,tp,b1,0.20222622156143188,0.6098181288288844,prediction_jsonl
vision_only_tiled,293,train,buoy,fn,b3,,,prediction_jsonl
vision_only_tiled,293,train,buoy,fn,b4,,,prediction_jsonl
vision_only_tiled,293,train,buoy,fn,b5,,,prediction_jsonl
vision_only_tiled,293,train,buoy,fn,b6,,,prediction_jsonl
vision_only_tiled,293,train,buoy,fn,b7,,,prediction_jsonl
vision_only_tiled,293,train,buoy,fn,b8,,,prediction_jsonl
vision_only_tiled,294,train,boat,tp,boat,0.6521766781806946,0.7057541842849777,prediction_jsonl
vision_only_tiled,294,train,buoy,tp,b1,0.20080766081809998,0.6600846003717873,prediction_jsonl
vision_only_tiled,294,train,buoy,fn,b3,,,prediction_jsonl
vision_only_tiled,294,train,buoy,fn,b4,,,prediction_jsonl
vision_only_tiled,294,train,buoy,fn,b5,,,prediction_jsonl
vision_only_tiled,294,train,buoy,fn,b6,,,prediction_jsonl
vision_only_tiled,294,train,buoy,fn,b7,,,prediction_jsonl
vision_only_tiled,294,train,buoy,fn,b8,,,prediction_jsonl
vision_only_tiled,295,train,boat,tp,boat,0.6404772400856018,0.7124765969855898,prediction_jsonl
vision_only_tiled,295,train,buoy,tp,b1,0.19778475165367126,0.651932525324617,prediction_jsonl
vision_only_tiled,295,train,buoy,fn,b3,,,prediction_jsonl
vision_only_tiled,295,train,buoy,fn,b4,,,prediction_jsonl
vision_only_tiled,295,train,buoy,fn,b5,,,prediction_jsonl
vision_only_tiled,295,train,buoy,fn,b6,,,prediction_jsonl
vision_only_tiled,295,train,buoy,fn,b7,,,prediction_jsonl
vision_only_tiled,295,train,buoy,fn,b8,,,prediction_jsonl
vision_only_tiled,296,train,boat,tp,boat,0.6436423659324646,0.7207304899994018,prediction_jsonl
vision_only_tiled,296,train,buoy,tp,b1,0.20035627484321594,0.6547591170927363,prediction_jsonl
vision_only_tiled,296,train,buoy,fn,b3,,,prediction_jsonl
vision_only_tiled,296,train,buoy,fn,b4,,,prediction_jsonl
vision_only_tiled,296,train,buoy,fn,b5,,,prediction_jsonl
vision_only_tiled,296,train,buoy,fn,b6,,,prediction_jsonl
vision_only_tiled,296,train,buoy,fn,b7,,,prediction_jsonl
vision_only_tiled,296,train,buoy,fn,b8,,,prediction_jsonl
vision_only_tiled,297,train,boat,tp,boat,0.6492447257041931,0.6916678374150811,prediction_jsonl
vision_only_tiled,297,train,buoy,tp,b1,0.20511363446712494,0.6887500575899266,prediction_jsonl
vision_only_tiled,297,train,buoy,fn,b3,,,prediction_jsonl
vision_only_tiled,297,train,buoy,fn,b4,,,prediction_jsonl
vision_only_tiled,297,train,buoy,fn,b5,,,prediction_jsonl
vision_only_tiled,297,train,buoy,fn,b6,,,prediction_jsonl
vision_only_tiled,297,train,buoy,fn,b7,,,prediction_jsonl
vision_only_tiled,297,train,buoy,fn,b8,,,prediction_jsonl
vision_only_tiled,298,train,boat,tp,boat,0.6345143914222717,0.6681957766205082,prediction_jsonl
vision_only_tiled,298,train,buoy,tp,b1,0.18315474689006805,0.6728900688617122,prediction_jsonl
vision_only_tiled,298,train,buoy,fn,b3,,,prediction_jsonl
vision_only_tiled,298,train,buoy,fn,b4,,,prediction_jsonl
vision_only_tiled,298,train,buoy,fn,b5,,,prediction_jsonl
vision_only_tiled,298,train,buoy,fn,b6,,,prediction_jsonl
vision_only_tiled,298,train,buoy,fn,b7,,,prediction_jsonl
vision_only_tiled,298,train,buoy,fn,b8,,,prediction_jsonl
vision_only_tiled,299,train,boat,tp,boat,0.6443741321563721,0.6917288033427488,prediction_jsonl
vision_only_tiled,299,train,buoy,tp,b1,0.1863926649093628,0.6567030403844006,prediction_jsonl
vision_only_tiled,299,train,buoy,fn,b3,,,prediction_jsonl
vision_only_tiled,299,train,buoy,fn,b4,,,prediction_jsonl
vision_only_tiled,299,train,buoy,fn,b5,,,prediction_jsonl
vision_only_tiled,299,train,buoy,fn,b6,,,prediction_jsonl
vision_only_tiled,299,train,buoy,fn,b7,,,prediction_jsonl
vision_only_tiled,299,train,buoy,fn,b8,,,prediction_jsonl
vision_only_tiled,300,train,boat,tp,boat,0.6407307386398315,0.707458050602048,prediction_jsonl
vision_only_tiled,300,train,buoy,tp,b1,0.22611792385578156,0.6344072057098756,prediction_jsonl
vision_only_tiled,300,train,buoy,fn,b3,,,prediction_jsonl
vision_only_tiled,300,train,buoy,fn,b4,,,prediction_jsonl
vision_only_tiled,300,train,buoy,fn,b5,,,prediction_jsonl
vision_only_tiled,300,train,buoy,fn,b6,,,prediction_jsonl
vision_only_tiled,300,train,buoy,fn,b7,,,prediction_jsonl
vision_only_tiled,300,train,buoy,fn,b8,,,prediction_jsonl
vision_only_tiled,301,train,boat,tp,boat,0.6463165879249573,0.7145636625507839,prediction_jsonl
vision_only_tiled,301,train,buoy,tp,b1,0.21464402973651886,0.6344506368580677,prediction_jsonl
vision_only_tiled,301,train,buoy,fn,b3,,,prediction_jsonl
vision_only_tiled,301,train,buoy,fn,b4,,,prediction_jsonl
vision_only_tiled,301,train,buoy,fn,b5,,,prediction_jsonl
vision_only_tiled,301,train,buoy,fn,b6,,,prediction_jsonl
vision_only_tiled,301,train,buoy,fn,b7,,,prediction_jsonl
vision_only_tiled,301,train,buoy,fn,b8,,,prediction_jsonl
vision_only_tiled,302,train,boat,tp,boat,0.6394267678260803,0.6885148274193647,prediction_jsonl
vision_only_tiled,302,train,buoy,tp,b1,0.2138833999633789,0.6328638005150643,prediction_jsonl
vision_only_tiled,302,train,buoy,fn,b3,,,prediction_jsonl
vision_only_tiled,302,train,buoy,fn,b4,,,prediction_jsonl
vision_only_tiled,302,train,buoy,fn,b5,,,prediction_jsonl
vision_only_tiled,302,train,buoy,fn,b6,,,prediction_jsonl
vision_only_tiled,302,train,buoy,fn,b7,,,prediction_jsonl
vision_only_tiled,302,train,buoy,fn,b8,,,prediction_jsonl
vision_only_tiled,303,train,boat,tp,boat,0.6411426663398743,0.6804543582321468,prediction_jsonl
vision_only_tiled,303,train,buoy,tp,b1,0.2515900433063507,0.635514249406235,prediction_jsonl
vision_only_tiled,303,train,buoy,fn,b3,,,prediction_jsonl
vision_only_tiled,303,train,buoy,fn,b4,,,prediction_jsonl
vision_only_tiled,303,train,buoy,fn,b5,,,prediction_jsonl
vision_only_tiled,303,train,buoy,fn,b6,,,prediction_jsonl
vision_only_tiled,303,train,buoy,fn,b7,,,prediction_jsonl
vision_only_tiled,303,train,buoy,fn,b8,,,prediction_jsonl
vision_only_tiled,304,train,boat,tp,boat,0.6304826140403748,0.6744223971821487,prediction_jsonl
vision_only_tiled,304,train,buoy,tp,b1,0.2227320373058319,0.6071796307121902,prediction_jsonl
vision_only_tiled,304,train,buoy,fn,b3,,,prediction_jsonl
vision_only_tiled,304,train,buoy,fn,b4,,,prediction_jsonl
vision_only_tiled,304,train,buoy,fn,b5,,,prediction_jsonl
vision_only_tiled,304,train,buoy,fn,b6,,,prediction_jsonl
vision_only_tiled,304,train,buoy,fn,b7,,,prediction_jsonl
vision_only_tiled,304,train,buoy,fn,b8,,,prediction_jsonl
vision_only_tiled,305,train,boat,tp,boat,0.6423788070678711,0.7043496400171311,prediction_jsonl
vision_only_tiled,305,train,buoy,tp,b1,0.24081866443157196,0.641738979548102,prediction_jsonl
vision_only_tiled,305,train,buoy,fn,b3,,,prediction_jsonl
vision_only_tiled,305,train,buoy,fn,b4,,,prediction_jsonl
vision_only_tiled,305,train,buoy,fn,b5,,,prediction_jsonl
vision_only_tiled,305,train,buoy,fn,b6,,,prediction_jsonl
vision_only_tiled,305,train,buoy,fn,b7,,,prediction_jsonl
vision_only_tiled,305,train,buoy,fn,b8,,,prediction_jsonl
vision_only_tiled,306,train,boat,tp,boat,0.6412985324859619,0.7171833825286793,prediction_jsonl
vision_only_tiled,306,train,buoy,tp,b1,0.21389645338058472,0.6311274991918221,prediction_jsonl
vision_only_tiled,306,train,buoy,fn,b3,,,prediction_jsonl
vision_only_tiled,306,train,buoy,fn,b4,,,prediction_jsonl
vision_only_tiled,306,train,buoy,fn,b5,,,prediction_jsonl
vision_only_tiled,306,train,buoy,fn,b6,,,prediction_jsonl
vision_only_tiled,306,train,buoy,fn,b7,,,prediction_jsonl
vision_only_tiled,306,train,buoy,fn,b8,,,prediction_jsonl
vision_only_tiled,307,train,boat,tp,boat,0.6412632465362549,0.7270806797621622,prediction_jsonl
vision_only_tiled,307,train,buoy,tp,b1,0.19048823416233063,0.6173116232113699,prediction_jsonl
vision_only_tiled,307,train,buoy,fn,b3,,,prediction_jsonl
vision_only_tiled,307,train,buoy,fn,b4,,,prediction_jsonl
vision_only_tiled,307,train,buoy,fn,b5,,,prediction_jsonl
vision_only_tiled,307,train,buoy,fn,b6,,,prediction_jsonl
vision_only_tiled,307,train,buoy,fn,b7,,,prediction_jsonl
vision_only_tiled,307,train,buoy,fn,b8,,,prediction_jsonl
vision_only_tiled,308,train,boat,tp,boat,0.6470840573310852,0.7292501057539005,prediction_jsonl
vision_only_tiled,308,train,buoy,tp,b1,0.2196117341518402,0.6242860506258062,prediction_jsonl
vision_only_tiled,308,train,buoy,fn,b3,,,prediction_jsonl
vision_only_tiled,308,train,buoy,fn,b4,,,prediction_jsonl
vision_only_tiled,308,train,buoy,fn,b5,,,prediction_jsonl
vision_only_tiled,308,train,buoy,fn,b6,,,prediction_jsonl
vision_only_tiled,308,train,buoy,fn,b7,,,prediction_jsonl
vision_only_tiled,308,train,buoy,fn,b8,,,prediction_jsonl
vision_only_tiled,309,train,boat,tp,boat,0.650671124458313,0.7060571275824815,prediction_jsonl
vision_only_tiled,309,train,buoy,tp,b1,0.20785564184188843,0.6321153371610663,prediction_jsonl
vision_only_tiled,309,train,buoy,fn,b3,,,prediction_jsonl
vision_only_tiled,309,train,buoy,fn,b4,,,prediction_jsonl
vision_only_tiled,309,train,buoy,fn,b5,,,prediction_jsonl
vision_only_tiled,309,train,buoy,fn,b6,,,prediction_jsonl
vision_only_tiled,309,train,buoy,fn,b7,,,prediction_jsonl
vision_only_tiled,309,train,buoy,fn,b8,,,prediction_jsonl
vision_only_tiled,310,train,boat,tp,boat,0.6397615075111389,0.7089119297100457,prediction_jsonl
vision_only_tiled,310,train,buoy,tp,b1,0.20684975385665894,0.6457118988180782,prediction_jsonl
vision_only_tiled,310,train,buoy,fn,b3,,,prediction_jsonl
vision_only_tiled,310,train,buoy,fn,b4,,,prediction_jsonl
vision_only_tiled,310,train,buoy,fn,b5,,,prediction_jsonl
vision_only_tiled,310,train,buoy,fn,b6,,,prediction_jsonl
vision_only_tiled,310,train,buoy,fn,b7,,,prediction_jsonl
vision_only_tiled,310,train,buoy,fn,b8,,,prediction_jsonl
vision_only_tiled,311,train,boat,tp,boat,0.6414651870727539,0.6813016568974162,prediction_jsonl
vision_only_tiled,311,train,buoy,tp,b1,0.22039347887039185,0.6237674950988122,prediction_jsonl
vision_only_tiled,311,train,buoy,fn,b3,,,prediction_jsonl
vision_only_tiled,311,train,buoy,fn,b4,,,prediction_jsonl
vision_only_tiled,311,train,buoy,fn,b5,,,prediction_jsonl
vision_only_tiled,311,train,buoy,fn,b6,,,prediction_jsonl
vision_only_tiled,311,train,buoy,fn,b7,,,prediction_jsonl
vision_only_tiled,311,train,buoy,fn,b8,,,prediction_jsonl
vision_only_tiled,312,train,boat,tp,boat,0.6369946599006653,0.6770371252730786,prediction_jsonl
vision_only_tiled,312,train,buoy,tp,b1,0.18968909978866577,0.6316606982838661,prediction_jsonl
vision_only_tiled,312,train,buoy,fn,b3,,,prediction_jsonl
vision_only_tiled,312,train,buoy,fn,b4,,,prediction_jsonl
vision_only_tiled,312,train,buoy,fn,b5,,,prediction_jsonl
vision_only_tiled,312,train,buoy,fn,b6,,,prediction_jsonl
vision_only_tiled,312,train,buoy,fn,b7,,,prediction_jsonl
vision_only_tiled,312,train,buoy,fn,b8,,,prediction_jsonl
vision_only_tiled,313,train,boat,tp,boat,0.6456933617591858,0.6781040486080834,prediction_jsonl
vision_only_tiled,313,train,buoy,tp,b1,0.20068201422691345,0.6459627765146945,prediction_jsonl
vision_only_tiled,313,train,buoy,fn,b3,,,prediction_jsonl
vision_only_tiled,313,train,buoy,fn,b4,,,prediction_jsonl
vision_only_tiled,313,train,buoy,fn,b5,,,prediction_jsonl
vision_only_tiled,313,train,buoy,fn,b6,,,prediction_jsonl
vision_only_tiled,313,train,buoy,fn,b7,,,prediction_jsonl
vision_only_tiled,313,train,buoy,fn,b8,,,prediction_jsonl
vision_only_tiled,314,train,boat,tp,boat,0.6515493392944336,0.6727271578009437,prediction_jsonl
vision_only_tiled,314,train,buoy,tp,b1,0.1937415450811386,0.6645948431554272,prediction_jsonl
vision_only_tiled,314,train,buoy,fn,b3,,,prediction_jsonl
vision_only_tiled,314,train,buoy,fn,b4,,,prediction_jsonl
vision_only_tiled,314,train,buoy,fn,b5,,,prediction_jsonl
vision_only_tiled,314,train,buoy,fn,b6,,,prediction_jsonl
vision_only_tiled,314,train,buoy,fn,b7,,,prediction_jsonl
vision_only_tiled,314,train,buoy,fn,b8,,,prediction_jsonl
vision_only_tiled,315,train,boat,tp,boat,0.647890567779541,0.6836539386499434,prediction_jsonl
vision_only_tiled,315,train,buoy,tp,b1,0.18246617913246155,0.6416521789059982,prediction_jsonl
vision_only_tiled,315,train,buoy,fn,b3,,,prediction_jsonl
vision_only_tiled,315,train,buoy,fn,b4,,,prediction_jsonl
vision_only_tiled,315,train,buoy,fn,b5,,,prediction_jsonl
vision_only_tiled,315,train,buoy,fn,b6,,,prediction_jsonl
vision_only_tiled,315,train,buoy,fn,b7,,,prediction_jsonl
vision_only_tiled,315,train,buoy,fn,b8,,,prediction_jsonl
vision_only_tiled,316,train,boat,tp,boat,0.6319733262062073,0.6940342996131089,prediction_jsonl
vision_only_tiled,316,train,buoy,fn,b1,,,prediction_jsonl
vision_only_tiled,316,train,buoy,fn,b3,,,prediction_jsonl
vision_only_tiled,316,train,buoy,fn,b4,,,prediction_jsonl
vision_only_tiled,316,train,buoy,fn,b5,,,prediction_jsonl
vision_only_tiled,316,train,buoy,fn,b6,,,prediction_jsonl
vision_only_tiled,316,train,buoy,fn,b7,,,prediction_jsonl
vision_only_tiled,316,train,buoy,fn,b8,,,prediction_jsonl
vision_only_tiled,317,train,boat,tp,boat,0.6464815735816956,0.6998226697026196,prediction_jsonl
vision_only_tiled,317,train,buoy,tp,b1,0.1813061535358429,0.6359533061672814,prediction_jsonl
vision_only_tiled,317,train,buoy,fn,b3,,,prediction_jsonl
vision_only_tiled,317,train,buoy,fn,b4,,,prediction_jsonl
vision_only_tiled,317,train,buoy,fn,b5,,,prediction_jsonl
vision_only_tiled,317,train,buoy,fn,b6,,,prediction_jsonl
vision_only_tiled,317,train,buoy,fn,b7,,,prediction_jsonl
vision_only_tiled,317,train,buoy,fn,b8,,,prediction_jsonl
vision_only_tiled,318,train,boat,tp,boat,0.6548672318458557,0.6954494527460107,prediction_jsonl
vision_only_tiled,318,train,buoy,tp,b1,0.19241668283939362,0.6390142163245822,prediction_jsonl
vision_only_tiled,318,train,buoy,fn,b3,,,prediction_jsonl
vision_only_tiled,318,train,buoy,fn,b4,,,prediction_jsonl
vision_only_tiled,318,train,buoy,fn,b5,,,prediction_jsonl
vision_only_tiled,318,train,buoy,fn,b6,,,prediction_jsonl
vision_only_tiled,318,train,buoy,fn,b7,,,prediction_jsonl
vision_only_tiled,318,train,buoy,fn,b8,,,prediction_jsonl
vision_only_tiled,319,train,boat,tp,boat,0.6478193402290344,0.708290849905166,prediction_jsonl
vision_only_tiled,319,train,buoy,fn,b1,,,prediction_jsonl
vision_only_tiled,319,train,buoy,fn,b3,,,prediction_jsonl
vision_only_tiled,319,train,buoy,fn,b4,,,prediction_jsonl
vision_only_tiled,319,train,buoy,fn,b5,,,prediction_jsonl
vision_only_tiled,319,train,buoy,fn,b6,,,prediction_jsonl
vision_only_tiled,319,train,buoy,fn,b7,,,prediction_jsonl
vision_only_tiled,319,train,buoy,fn,b8,,,prediction_jsonl
vision_only_tiled,320,train,boat,tp,boat,0.6602475643157959,0.6879838452442404,prediction_jsonl
vision_only_tiled,320,train,buoy,tp,b1,0.19468781352043152,0.6682992968197656,prediction_jsonl
vision_only_tiled,320,train,buoy,fn,b3,,,prediction_jsonl
vision_only_tiled,320,train,buoy,fn,b4,,,prediction_jsonl
vision_only_tiled,320,train,buoy,fn,b5,,,prediction_jsonl
vision_only_tiled,320,train,buoy,fn,b6,,,prediction_jsonl
vision_only_tiled,320,train,buoy,fn,b7,,,prediction_jsonl
vision_only_tiled,320,train,buoy,fn,b8,,,prediction_jsonl
vision_only_tiled,321,train,boat,tp,boat,0.6671173572540283,0.6938953965351506,prediction_jsonl
vision_only_tiled,321,train,buoy,fn,b1,,,prediction_jsonl
vision_only_tiled,321,train,buoy,fn,b3,,,prediction_jsonl
vision_only_tiled,321,train,buoy,fn,b4,,,prediction_jsonl
vision_only_tiled,321,train,buoy,fn,b5,,,prediction_jsonl
vision_only_tiled,321,train,buoy,fn,b6,,,prediction_jsonl
vision_only_tiled,321,train,buoy,fn,b7,,,prediction_jsonl
vision_only_tiled,321,train,buoy,fn,b8,,,prediction_jsonl
vision_only_tiled,322,train,boat,tp,boat,0.6600401997566223,0.7122680797996107,prediction_jsonl
vision_only_tiled,322,train,buoy,tp,b1,0.18633374571800232,0.6328187071225662,prediction_jsonl
vision_only_tiled,322,train,buoy,fn,b3,,,prediction_jsonl
vision_only_tiled,322,train,buoy,fn,b4,,,prediction_jsonl
vision_only_tiled,322,train,buoy,fn,b5,,,prediction_jsonl
vision_only_tiled,322,train,buoy,fn,b6,,,prediction_jsonl
vision_only_tiled,322,train,buoy,fn,b7,,,prediction_jsonl
vision_only_tiled,322,train,buoy,fn,b8,,,prediction_jsonl
vision_only_tiled,323,train,boat,tp,boat,0.6544786095619202,0.7071494855540135,prediction_jsonl
vision_only_tiled,323,train,buoy,tp,b1,0.18326044082641602,0.6561009524475421,prediction_jsonl
vision_only_tiled,323,train,buoy,fn,b3,,,prediction_jsonl
vision_only_tiled,323,train,buoy,fn,b4,,,prediction_jsonl
vision_only_tiled,323,train,buoy,fn,b5,,,prediction_jsonl
vision_only_tiled,323,train,buoy,fn,b6,,,prediction_jsonl
vision_only_tiled,323,train,buoy,fn,b7,,,prediction_jsonl
vision_only_tiled,323,train,buoy,fn,b8,,,prediction_jsonl
vision_only_tiled,324,train,boat,tp,boat,0.6538428664207458,0.7078421768320278,prediction_jsonl
vision_only_tiled,324,train,buoy,tp,b1,0.18978601694107056,0.6384187565128955,prediction_jsonl
vision_only_tiled,324,train,buoy,fn,b3,,,prediction_jsonl
vision_only_tiled,324,train,buoy,fn,b4,,,prediction_jsonl
vision_only_tiled,324,train,buoy,fn,b5,,,prediction_jsonl
vision_only_tiled,324,train,buoy,fn,b6,,,prediction_jsonl
vision_only_tiled,324,train,buoy,fn,b7,,,prediction_jsonl
vision_only_tiled,324,train,buoy,fn,b8,,,prediction_jsonl
vision_only_tiled,325,train,boat,tp,boat,0.6462859511375427,0.7080224164268264,prediction_jsonl
vision_only_tiled,325,train,buoy,tp,b1,0.19286072254180908,0.6440442414411439,prediction_jsonl
vision_only_tiled,325,train,buoy,fn,b3,,,prediction_jsonl
vision_only_tiled,325,train,buoy,fn,b4,,,prediction_jsonl
vision_only_tiled,325,train,buoy,fn,b5,,,prediction_jsonl
vision_only_tiled,325,train,buoy,fn,b6,,,prediction_jsonl
vision_only_tiled,325,train,buoy,fn,b7,,,prediction_jsonl
vision_only_tiled,325,train,buoy,fn,b8,,,prediction_jsonl
vision_only_tiled,326,train,boat,tp,boat,0.6405927538871765,0.7153843919727932,prediction_jsonl
vision_only_tiled,326,train,buoy,tp,b1,0.20453259348869324,0.6374331379428901,prediction_jsonl
vision_only_tiled,326,train,buoy,fn,b3,,,prediction_jsonl
vision_only_tiled,326,train,buoy,fn,b4,,,prediction_jsonl
vision_only_tiled,326,train,buoy,fn,b5,,,prediction_jsonl
vision_only_tiled,326,train,buoy,fn,b6,,,prediction_jsonl
vision_only_tiled,326,train,buoy,fn,b7,,,prediction_jsonl
vision_only_tiled,326,train,buoy,fn,b8,,,prediction_jsonl
vision_only_tiled,327,train,boat,tp,boat,0.6272469162940979,0.7187301631959347,prediction_jsonl
vision_only_tiled,327,train,buoy,fn,b1,,,prediction_jsonl
vision_only_tiled,327,train,buoy,fn,b3,,,prediction_jsonl
vision_only_tiled,327,train,buoy,fn,b4,,,prediction_jsonl
vision_only_tiled,327,train,buoy,fn,b5,,,prediction_jsonl
vision_only_tiled,327,train,buoy,fn,b6,,,prediction_jsonl
vision_only_tiled,327,train,buoy,fn,b7,,,prediction_jsonl
vision_only_tiled,327,train,buoy,fn,b8,,,prediction_jsonl
vision_only_tiled,328,train,boat,tp,boat,0.6401315927505493,0.6818309131808554,prediction_jsonl
vision_only_tiled,328,train,buoy,tp,b1,0.21075807511806488,0.6211577449108248,prediction_jsonl
vision_only_tiled,328,train,buoy,fn,b3,,,prediction_jsonl
vision_only_tiled,328,train,buoy,fn,b4,,,prediction_jsonl
vision_only_tiled,328,train,buoy,fn,b5,,,prediction_jsonl
vision_only_tiled,328,train,buoy,fn,b6,,,prediction_jsonl
vision_only_tiled,328,train,buoy,fn,b7,,,prediction_jsonl
vision_only_tiled,328,train,buoy,fn,b8,,,prediction_jsonl
vision_only_tiled,329,val,boat,tp,boat,0.6433009505271912,0.6917771160816164,prediction_jsonl
vision_only_tiled,329,val,buoy,tp,b1,0.20490781962871552,0.6160424949221899,prediction_jsonl
vision_only_tiled,329,val,buoy,fn,b3,,,prediction_jsonl
vision_only_tiled,329,val,buoy,fn,b4,,,prediction_jsonl
vision_only_tiled,329,val,buoy,fn,b5,,,prediction_jsonl
vision_only_tiled,329,val,buoy,fn,b6,,,prediction_jsonl
vision_only_tiled,329,val,buoy,fn,b7,,,prediction_jsonl
vision_only_tiled,329,val,buoy,fn,b8,,,prediction_jsonl
vision_only_tiled,330,val,boat,tp,boat,0.6316720247268677,0.6811535925648616,prediction_jsonl
vision_only_tiled,330,val,buoy,tp,b1,0.20075048506259918,0.6308699364270096,prediction_jsonl
vision_only_tiled,330,val,buoy,fn,b3,,,prediction_jsonl
vision_only_tiled,330,val,buoy,fn,b4,,,prediction_jsonl
vision_only_tiled,330,val,buoy,fn,b5,,,prediction_jsonl
vision_only_tiled,330,val,buoy,fn,b6,,,prediction_jsonl
vision_only_tiled,330,val,buoy,fn,b7,,,prediction_jsonl
vision_only_tiled,330,val,buoy,fn,b8,,,prediction_jsonl
vision_only_tiled,331,val,boat,tp,boat,0.6380431056022644,0.6694259309950064,prediction_jsonl
vision_only_tiled,331,val,buoy,tp,b1,0.19519078731536865,0.6581671021786759,prediction_jsonl
vision_only_tiled,331,val,buoy,fn,b3,,,prediction_jsonl
vision_only_tiled,331,val,buoy,fn,b4,,,prediction_jsonl
vision_only_tiled,331,val,buoy,fn,b5,,,prediction_jsonl
vision_only_tiled,331,val,buoy,fn,b6,,,prediction_jsonl
vision_only_tiled,331,val,buoy,fn,b7,,,prediction_jsonl
vision_only_tiled,331,val,buoy,fn,b8,,,prediction_jsonl
vision_only_tiled,332,val,boat,tp,boat,0.6350733041763306,0.6684465635501322,prediction_jsonl
vision_only_tiled,332,val,buoy,fn,b1,,,prediction_jsonl
vision_only_tiled,332,val,buoy,fn,b3,,,prediction_jsonl
vision_only_tiled,332,val,buoy,fn,b4,,,prediction_jsonl
vision_only_tiled,332,val,buoy,fn,b5,,,prediction_jsonl
vision_only_tiled,332,val,buoy,fn,b6,,,prediction_jsonl
vision_only_tiled,332,val,buoy,fn,b7,,,prediction_jsonl
vision_only_tiled,332,val,buoy,fn,b8,,,prediction_jsonl
vision_only_tiled,333,val,boat,tp,boat,0.6462421417236328,0.6870155911385122,prediction_jsonl
vision_only_tiled,333,val,buoy,tp,b1,0.20258426666259766,0.6207162557792457,prediction_jsonl
vision_only_tiled,333,val,buoy,fn,b3,,,prediction_jsonl
vision_only_tiled,333,val,buoy,fn,b4,,,prediction_jsonl
vision_only_tiled,333,val,buoy,fn,b5,,,prediction_jsonl
vision_only_tiled,333,val,buoy,fn,b6,,,prediction_jsonl
vision_only_tiled,333,val,buoy,fn,b7,,,prediction_jsonl
vision_only_tiled,333,val,buoy,fn,b8,,,prediction_jsonl
vision_only_tiled,334,val,boat,tp,boat,0.643887460231781,0.7025487944112521,prediction_jsonl
vision_only_tiled,334,val,buoy,tp,b1,0.18064333498477936,0.6462589859806792,prediction_jsonl
vision_only_tiled,334,val,buoy,fn,b3,,,prediction_jsonl
vision_only_tiled,334,val,buoy,fn,b4,,,prediction_jsonl
vision_only_tiled,334,val,buoy,fn,b5,,,prediction_jsonl
vision_only_tiled,334,val,buoy,fn,b6,,,prediction_jsonl
vision_only_tiled,334,val,buoy,fn,b7,,,prediction_jsonl
vision_only_tiled,334,val,buoy,fn,b8,,,prediction_jsonl
vision_only_tiled,335,val,boat,tp,boat,0.627227783203125,0.6613509954542699,prediction_jsonl
vision_only_tiled,335,val,buoy,tp,b1,0.1953740119934082,0.6383557257326806,prediction_jsonl
vision_only_tiled,335,val,buoy,fn,b3,,,prediction_jsonl
vision_only_tiled,335,val,buoy,fn,b4,,,prediction_jsonl
vision_only_tiled,335,val,buoy,fn,b5,,,prediction_jsonl
vision_only_tiled,335,val,buoy,fn,b6,,,prediction_jsonl
vision_only_tiled,335,val,buoy,fn,b7,,,prediction_jsonl
vision_only_tiled,335,val,buoy,fn,b8,,,prediction_jsonl
vision_only_tiled,336,val,boat,tp,boat,0.6225216388702393,0.6944347861863317,prediction_jsonl
vision_only_tiled,336,val,buoy,tp,b1,0.18716764450073242,0.6627473060964639,prediction_jsonl
vision_only_tiled,336,val,buoy,fn,b3,,,prediction_jsonl
vision_only_tiled,336,val,buoy,fn,b4,,,prediction_jsonl
vision_only_tiled,336,val,buoy,fn,b5,,,prediction_jsonl
vision_only_tiled,336,val,buoy,fn,b6,,,prediction_jsonl
vision_only_tiled,336,val,buoy,fn,b7,,,prediction_jsonl
vision_only_tiled,336,val,buoy,fn,b8,,,prediction_jsonl
vision_only_tiled,337,val,boat,tp,boat,0.640434741973877,0.6944364640428283,prediction_jsonl
vision_only_tiled,337,val,buoy,fn,b1,,,prediction_jsonl
vision_only_tiled,337,val,buoy,fn,b3,,,prediction_jsonl
vision_only_tiled,337,val,buoy,fn,b4,,,prediction_jsonl
vision_only_tiled,337,val,buoy,fn,b5,,,prediction_jsonl
vision_only_tiled,337,val,buoy,fn,b6,,,prediction_jsonl
vision_only_tiled,337,val,buoy,fn,b7,,,prediction_jsonl
vision_only_tiled,337,val,buoy,fn,b8,,,prediction_jsonl
vision_only_tiled,338,val,boat,tp,boat,0.6269800662994385,0.718365060333094,prediction_jsonl
vision_only_tiled,338,val,buoy,tp,b1,0.18091441690921783,0.6284982244033277,prediction_jsonl
vision_only_tiled,338,val,buoy,fn,b3,,,prediction_jsonl
vision_only_tiled,338,val,buoy,fn,b4,,,prediction_jsonl
vision_only_tiled,338,val,buoy,fn,b5,,,prediction_jsonl
vision_only_tiled,338,val,buoy,fn,b6,,,prediction_jsonl
vision_only_tiled,338,val,buoy,fn,b7,,,prediction_jsonl
vision_only_tiled,338,val,buoy,fn,b8,,,prediction_jsonl
vision_only_tiled,339,val,boat,tp,boat,0.6309612989425659,0.7009429244045976,prediction_jsonl
vision_only_tiled,339,val,buoy,tp,b1,0.18598531186580658,0.6469920485816939,prediction_jsonl
vision_only_tiled,339,val,buoy,fn,b3,,,prediction_jsonl
vision_only_tiled,339,val,buoy,fn,b4,,,prediction_jsonl
vision_only_tiled,339,val,buoy,fn,b5,,,prediction_jsonl
vision_only_tiled,339,val,buoy,fn,b6,,,prediction_jsonl
vision_only_tiled,339,val,buoy,fn,b7,,,prediction_jsonl
vision_only_tiled,339,val,buoy,fn,b8,,,prediction_jsonl
vision_only_tiled,340,val,boat,tp,boat,0.6486246585845947,0.7006786273810797,prediction_jsonl
vision_only_tiled,340,val,buoy,tp,b1,0.21640118956565857,0.6283211351083403,prediction_jsonl
vision_only_tiled,340,val,buoy,fn,b3,,,prediction_jsonl
vision_only_tiled,340,val,buoy,fn,b4,,,prediction_jsonl
vision_only_tiled,340,val,buoy,fn,b5,,,prediction_jsonl
vision_only_tiled,340,val,buoy,fn,b6,,,prediction_jsonl
vision_only_tiled,340,val,buoy,fn,b7,,,prediction_jsonl
vision_only_tiled,340,val,buoy,fn,b8,,,prediction_jsonl
vision_only_tiled,341,val,boat,tp,boat,0.6409432291984558,0.7111583481510403,prediction_jsonl
vision_only_tiled,341,val,boat,fp,,0.2301325649023056,,prediction_jsonl
vision_only_tiled,341,val,buoy,tp,b1,0.19135817885398865,0.6398923160194337,prediction_jsonl
vision_only_tiled,341,val,buoy,fn,b3,,,prediction_jsonl
vision_only_tiled,341,val,buoy,fn,b4,,,prediction_jsonl
vision_only_tiled,341,val,buoy,fn,b5,,,prediction_jsonl
vision_only_tiled,341,val,buoy,fn,b6,,,prediction_jsonl
vision_only_tiled,341,val,buoy,fn,b7,,,prediction_jsonl
vision_only_tiled,341,val,buoy,fn,b8,,,prediction_jsonl
vision_only_tiled,342,val,boat,tp,boat,0.6474609971046448,0.6992670383610465,prediction_jsonl
vision_only_tiled,342,val,buoy,tp,b1,0.1989295780658722,0.6256071763704746,prediction_jsonl
vision_only_tiled,342,val,buoy,fn,b3,,,prediction_jsonl
vision_only_tiled,342,val,buoy,fn,b4,,,prediction_jsonl
vision_only_tiled,342,val,buoy,fn,b5,,,prediction_jsonl
vision_only_tiled,342,val,buoy,fn,b6,,,prediction_jsonl
vision_only_tiled,342,val,buoy,fn,b7,,,prediction_jsonl
vision_only_tiled,342,val,buoy,fn,b8,,,prediction_jsonl
vision_only_tiled,343,val,boat,tp,boat,0.6443118453025818,0.6908168351634841,prediction_jsonl
vision_only_tiled,343,val,buoy,tp,b1,0.19306479394435883,0.654575151746581,prediction_jsonl
vision_only_tiled,343,val,buoy,fn,b3,,,prediction_jsonl
vision_only_tiled,343,val,buoy,fn,b4,,,prediction_jsonl
vision_only_tiled,343,val,buoy,fn,b5,,,prediction_jsonl
vision_only_tiled,343,val,buoy,fn,b6,,,prediction_jsonl
vision_only_tiled,343,val,buoy,fn,b7,,,prediction_jsonl
vision_only_tiled,343,val,buoy,fn,b8,,,prediction_jsonl
vision_only_tiled,344,val,boat,tp,boat,0.6518509984016418,0.7029016948021936,prediction_jsonl
vision_only_tiled,344,val,buoy,tp,b1,0.21523703634738922,0.6540679841186612,prediction_jsonl
vision_only_tiled,344,val,buoy,fn,b3,,,prediction_jsonl
vision_only_tiled,344,val,buoy,fn,b4,,,prediction_jsonl
vision_only_tiled,344,val,buoy,fn,b5,,,prediction_jsonl
vision_only_tiled,344,val,buoy,fn,b6,,,prediction_jsonl
vision_only_tiled,344,val,buoy,fn,b7,,,prediction_jsonl
vision_only_tiled,344,val,buoy,fn,b8,,,prediction_jsonl
vision_only_tiled,345,val,boat,tp,boat,0.6500596404075623,0.7058475982568448,prediction_jsonl
vision_only_tiled,345,val,buoy,tp,b1,0.2224176675081253,0.6352863170404447,prediction_jsonl
vision_only_tiled,345,val,buoy,fn,b3,,,prediction_jsonl
vision_only_tiled,345,val,buoy,fn,b4,,,prediction_jsonl
vision_only_tiled,345,val,buoy,fn,b5,,,prediction_jsonl
vision_only_tiled,345,val,buoy,fn,b6,,,prediction_jsonl
vision_only_tiled,345,val,buoy,fn,b7,,,prediction_jsonl
vision_only_tiled,345,val,buoy,fn,b8,,,prediction_jsonl
vision_only_tiled,346,val,boat,tp,boat,0.6373231410980225,0.7106205461339294,prediction_jsonl
vision_only_tiled,346,val,buoy,tp,b1,0.19121095538139343,0.6658869635926579,prediction_jsonl
vision_only_tiled,346,val,buoy,fn,b3,,,prediction_jsonl
vision_only_tiled,346,val,buoy,fn,b4,,,prediction_jsonl
vision_only_tiled,346,val,buoy,fn,b5,,,prediction_jsonl
vision_only_tiled,346,val,buoy,fn,b6,,,prediction_jsonl
vision_only_tiled,346,val,buoy,fn,b7,,,prediction_jsonl
vision_only_tiled,346,val,buoy,fn,b8,,,prediction_jsonl
vision_only_tiled,347,val,boat,tp,boat,0.6381314992904663,0.6981134192638987,prediction_jsonl
vision_only_tiled,347,val,buoy,tp,b1,0.19575537741184235,0.6411251775972274,prediction_jsonl
vision_only_tiled,347,val,buoy,fn,b3,,,prediction_jsonl
vision_only_tiled,347,val,buoy,fn,b4,,,prediction_jsonl
vision_only_tiled,347,val,buoy,fn,b5,,,prediction_jsonl
vision_only_tiled,347,val,buoy,fn,b6,,,prediction_jsonl
vision_only_tiled,347,val,buoy,fn,b7,,,prediction_jsonl
vision_only_tiled,347,val,buoy,fn,b8,,,prediction_jsonl
vision_only_tiled,348,val,boat,tp,boat,0.6528914570808411,0.70449838125886,prediction_jsonl
vision_only_tiled,348,val,buoy,tp,b1,0.1981278359889984,0.6480587204508178,prediction_jsonl
vision_only_tiled,348,val,buoy,fn,b3,,,prediction_jsonl
vision_only_tiled,348,val,buoy,fn,b4,,,prediction_jsonl
vision_only_tiled,348,val,buoy,fn,b5,,,prediction_jsonl
vision_only_tiled,348,val,buoy,fn,b6,,,prediction_jsonl
vision_only_tiled,348,val,buoy,fn,b7,,,prediction_jsonl
vision_only_tiled,348,val,buoy,fn,b8,,,prediction_jsonl
vision_only_tiled,349,val,boat,tp,boat,0.6471701860427856,0.7195915050340737,prediction_jsonl
vision_only_tiled,349,val,buoy,tp,b1,0.2442779392004013,0.6160644819732013,prediction_jsonl
vision_only_tiled,349,val,buoy,fn,b3,,,prediction_jsonl
vision_only_tiled,349,val,buoy,fn,b4,,,prediction_jsonl
vision_only_tiled,349,val,buoy,fn,b5,,,prediction_jsonl
vision_only_tiled,349,val,buoy,fn,b6,,,prediction_jsonl
vision_only_tiled,349,val,buoy,fn,b7,,,prediction_jsonl
vision_only_tiled,349,val,buoy,fn,b8,,,prediction_jsonl
vision_only_tiled,350,val,boat,tp,boat,0.6510363221168518,0.7138215180478658,prediction_jsonl
vision_only_tiled,350,val,buoy,tp,b1,0.21186915040016174,0.630405164135663,prediction_jsonl
vision_only_tiled,350,val,buoy,fn,b3,,,prediction_jsonl
vision_only_tiled,350,val,buoy,fn,b4,,,prediction_jsonl
vision_only_tiled,350,val,buoy,fn,b5,,,prediction_jsonl
vision_only_tiled,350,val,buoy,fn,b6,,,prediction_jsonl
vision_only_tiled,350,val,buoy,fn,b7,,,prediction_jsonl
vision_only_tiled,350,val,buoy,fn,b8,,,prediction_jsonl
vision_only_tiled,351,val,boat,tp,boat,0.6292098164558411,0.7270703105003049,prediction_jsonl
vision_only_tiled,351,val,buoy,tp,b1,0.20359204709529877,0.6414138441078044,prediction_jsonl
vision_only_tiled,351,val,buoy,fn,b3,,,prediction_jsonl
vision_only_tiled,351,val,buoy,fn,b4,,,prediction_jsonl
vision_only_tiled,351,val,buoy,fn,b5,,,prediction_jsonl
vision_only_tiled,351,val,buoy,fn,b6,,,prediction_jsonl
vision_only_tiled,351,val,buoy,fn,b7,,,prediction_jsonl
vision_only_tiled,351,val,buoy,fn,b8,,,prediction_jsonl
vision_only_tiled,352,val,boat,tp,boat,0.6458708643913269,0.6916926177709438,prediction_jsonl
vision_only_tiled,352,val,buoy,tp,b1,0.20620889961719513,0.6510844197083742,prediction_jsonl
vision_only_tiled,352,val,buoy,fn,b3,,,prediction_jsonl
vision_only_tiled,352,val,buoy,fn,b4,,,prediction_jsonl
vision_only_tiled,352,val,buoy,fn,b5,,,prediction_jsonl
vision_only_tiled,352,val,buoy,fn,b6,,,prediction_jsonl
vision_only_tiled,352,val,buoy,fn,b7,,,prediction_jsonl
vision_only_tiled,352,val,buoy,fn,b8,,,prediction_jsonl
vision_only_tiled,353,val,boat,tp,boat,0.6440627574920654,0.6793800976034534,prediction_jsonl
vision_only_tiled,353,val,buoy,fn,b1,,,prediction_jsonl
vision_only_tiled,353,val,buoy,fn,b3,,,prediction_jsonl
vision_only_tiled,353,val,buoy,fn,b4,,,prediction_jsonl
vision_only_tiled,353,val,buoy,fn,b5,,,prediction_jsonl
vision_only_tiled,353,val,buoy,fn,b6,,,prediction_jsonl
vision_only_tiled,353,val,buoy,fn,b7,,,prediction_jsonl
vision_only_tiled,353,val,buoy,fn,b8,,,prediction_jsonl
vision_only_tiled,354,val,boat,tp,boat,0.6491811275482178,0.6935955560547271,prediction_jsonl
vision_only_tiled,354,val,buoy,tp,b1,0.19813258945941925,0.6696773046159865,prediction_jsonl
vision_only_tiled,354,val,buoy,fn,b3,,,prediction_jsonl
vision_only_tiled,354,val,buoy,fn,b4,,,prediction_jsonl
vision_only_tiled,354,val,buoy,fn,b5,,,prediction_jsonl
vision_only_tiled,354,val,buoy,fn,b6,,,prediction_jsonl
vision_only_tiled,354,val,buoy,fn,b7,,,prediction_jsonl
vision_only_tiled,354,val,buoy,fn,b8,,,prediction_jsonl
vision_only_tiled,355,val,boat,tp,boat,0.6449766159057617,0.700842009087831,prediction_jsonl
vision_only_tiled,355,val,buoy,tp,b1,0.20783154666423798,0.6579003153550989,prediction_jsonl
vision_only_tiled,355,val,buoy,fn,b3,,,prediction_jsonl
vision_only_tiled,355,val,buoy,fn,b4,,,prediction_jsonl
vision_only_tiled,355,val,buoy,fn,b5,,,prediction_jsonl
vision_only_tiled,355,val,buoy,fn,b6,,,prediction_jsonl
vision_only_tiled,355,val,buoy,fn,b7,,,prediction_jsonl
vision_only_tiled,355,val,buoy,fn,b8,,,prediction_jsonl
vision_only_tiled,356,val,boat,tp,boat,0.6459634900093079,0.6900683193868199,prediction_jsonl
vision_only_tiled,356,val,buoy,tp,b1,0.21180368959903717,0.6388664672630068,prediction_jsonl
vision_only_tiled,356,val,buoy,fn,b3,,,prediction_jsonl
vision_only_tiled,356,val,buoy,fn,b4,,,prediction_jsonl
vision_only_tiled,356,val,buoy,fn,b5,,,prediction_jsonl
vision_only_tiled,356,val,buoy,fn,b6,,,prediction_jsonl
vision_only_tiled,356,val,buoy,fn,b7,,,prediction_jsonl
vision_only_tiled,356,val,buoy,fn,b8,,,prediction_jsonl
vision_only_tiled,357,val,boat,tp,boat,0.6430243849754333,0.703183670493195,prediction_jsonl
vision_only_tiled,357,val,buoy,tp,b1,0.19661876559257507,0.6372160269994149,prediction_jsonl
vision_only_tiled,357,val,buoy,fn,b3,,,prediction_jsonl
vision_only_tiled,357,val,buoy,fn,b4,,,prediction_jsonl
vision_only_tiled,357,val,buoy,fn,b5,,,prediction_jsonl
vision_only_tiled,357,val,buoy,fn,b6,,,prediction_jsonl
vision_only_tiled,357,val,buoy,fn,b7,,,prediction_jsonl
vision_only_tiled,357,val,buoy,fn,b8,,,prediction_jsonl
vision_only_tiled,358,val,boat,tp,boat,0.6487926244735718,0.7035657909095264,prediction_jsonl
vision_only_tiled,358,val,buoy,tp,b1,0.21424196660518646,0.6438181089104147,prediction_jsonl
vision_only_tiled,358,val,buoy,fn,b3,,,prediction_jsonl
vision_only_tiled,358,val,buoy,fn,b4,,,prediction_jsonl
vision_only_tiled,358,val,buoy,fn,b5,,,prediction_jsonl
vision_only_tiled,358,val,buoy,fn,b6,,,prediction_jsonl
vision_only_tiled,358,val,buoy,fn,b7,,,prediction_jsonl
vision_only_tiled,358,val,buoy,fn,b8,,,prediction_jsonl
vision_only_tiled,359,val,boat,tp,boat,0.6485230326652527,0.7111548817170341,prediction_jsonl
vision_only_tiled,359,val,buoy,tp,b1,0.18900392949581146,0.6333082434823484,prediction_jsonl
vision_only_tiled,359,val,buoy,fn,b3,,,prediction_jsonl
vision_only_tiled,359,val,buoy,fn,b4,,,prediction_jsonl
vision_only_tiled,359,val,buoy,fn,b5,,,prediction_jsonl
vision_only_tiled,359,val,buoy,fn,b6,,,prediction_jsonl
vision_only_tiled,359,val,buoy,fn,b7,,,prediction_jsonl
vision_only_tiled,359,val,buoy,fn,b8,,,prediction_jsonl
vision_only_tiled,360,val,boat,tp,boat,0.6428923010826111,0.7000439961769864,prediction_jsonl
vision_only_tiled,360,val,buoy,fn,b1,,,prediction_jsonl
vision_only_tiled,360,val,buoy,fn,b3,,,prediction_jsonl
vision_only_tiled,360,val,buoy,fn,b4,,,prediction_jsonl
vision_only_tiled,360,val,buoy,fn,b5,,,prediction_jsonl
vision_only_tiled,360,val,buoy,fn,b6,,,prediction_jsonl
vision_only_tiled,360,val,buoy,fn,b7,,,prediction_jsonl
vision_only_tiled,360,val,buoy,fn,b8,,,prediction_jsonl
vision_only_tiled,361,val,boat,tp,boat,0.6436465382575989,0.6911023312980017,prediction_jsonl
vision_only_tiled,361,val,buoy,tp,b1,0.18924932181835175,0.6141246408309619,prediction_jsonl
vision_only_tiled,361,val,buoy,fn,b3,,,prediction_jsonl
vision_only_tiled,361,val,buoy,fn,b4,,,prediction_jsonl
vision_only_tiled,361,val,buoy,fn,b5,,,prediction_jsonl
vision_only_tiled,361,val,buoy,fn,b6,,,prediction_jsonl
vision_only_tiled,361,val,buoy,fn,b7,,,prediction_jsonl
vision_only_tiled,361,val,buoy,fn,b8,,,prediction_jsonl
vision_only_tiled,362,val,boat,tp,boat,0.6408708095550537,0.7069014608950424,prediction_jsonl
vision_only_tiled,362,val,buoy,fn,b1,,,prediction_jsonl
vision_only_tiled,362,val,buoy,fn,b3,,,prediction_jsonl
vision_only_tiled,362,val,buoy,fn,b4,,,prediction_jsonl
vision_only_tiled,362,val,buoy,fn,b5,,,prediction_jsonl
vision_only_tiled,362,val,buoy,fn,b6,,,prediction_jsonl
vision_only_tiled,362,val,buoy,fn,b7,,,prediction_jsonl
vision_only_tiled,362,val,buoy,fn,b8,,,prediction_jsonl
vision_only_tiled,363,val,boat,tp,boat,0.6517851948738098,0.705778157842612,prediction_jsonl
vision_only_tiled,363,val,buoy,fn,b1,,,prediction_jsonl
vision_only_tiled,363,val,buoy,fn,b3,,,prediction_jsonl
vision_only_tiled,363,val,buoy,fn,b4,,,prediction_jsonl
vision_only_tiled,363,val,buoy,fn,b5,,,prediction_jsonl
vision_only_tiled,363,val,buoy,fn,b6,,,prediction_jsonl
vision_only_tiled,363,val,buoy,fn,b7,,,prediction_jsonl
vision_only_tiled,363,val,buoy,fn,b8,,,prediction_jsonl
vision_only_tiled,364,val,boat,tp,boat,0.6454851627349854,0.7166551992573983,prediction_jsonl
vision_only_tiled,364,val,buoy,tp,b1,0.22800448536872864,0.6053096773386275,prediction_jsonl
vision_only_tiled,364,val,buoy,fn,b3,,,prediction_jsonl
vision_only_tiled,364,val,buoy,fn,b4,,,prediction_jsonl
vision_only_tiled,364,val,buoy,fn,b5,,,prediction_jsonl
vision_only_tiled,364,val,buoy,fn,b6,,,prediction_jsonl
vision_only_tiled,364,val,buoy,fn,b7,,,prediction_jsonl
vision_only_tiled,364,val,buoy,fn,b8,,,prediction_jsonl
vision_only_tiled,365,val,boat,tp,boat,0.6488139033317566,0.7117686483119862,prediction_jsonl
vision_only_tiled,365,val,buoy,tp,b1,0.20138901472091675,0.617424015571693,prediction_jsonl
vision_only_tiled,365,val,buoy,fn,b3,,,prediction_jsonl
vision_only_tiled,365,val,buoy,fn,b4,,,prediction_jsonl
vision_only_tiled,365,val,buoy,fn,b5,,,prediction_jsonl
vision_only_tiled,365,val,buoy,fn,b6,,,prediction_jsonl
vision_only_tiled,365,val,buoy,fn,b7,,,prediction_jsonl
vision_only_tiled,365,val,buoy,fn,b8,,,prediction_jsonl
vision_only_tiled,366,val,boat,tp,boat,0.6439396142959595,0.7143917758910839,prediction_jsonl
vision_only_tiled,366,val,buoy,tp,b1,0.24031703174114227,0.6125357503123764,prediction_jsonl
vision_only_tiled,366,val,buoy,fn,b3,,,prediction_jsonl
vision_only_tiled,366,val,buoy,fn,b4,,,prediction_jsonl
vision_only_tiled,366,val,buoy,fn,b5,,,prediction_jsonl
vision_only_tiled,366,val,buoy,fn,b6,,,prediction_jsonl
vision_only_tiled,366,val,buoy,fn,b7,,,prediction_jsonl
vision_only_tiled,366,val,buoy,fn,b8,,,prediction_jsonl
vision_only_tiled,367,val,boat,tp,boat,0.6537355780601501,0.7073935642059884,prediction_jsonl
vision_only_tiled,367,val,buoy,tp,b1,0.23376749455928802,0.6049565905256774,prediction_jsonl
vision_only_tiled,367,val,buoy,fn,b3,,,prediction_jsonl
vision_only_tiled,367,val,buoy,fn,b4,,,prediction_jsonl
vision_only_tiled,367,val,buoy,fn,b5,,,prediction_jsonl
vision_only_tiled,367,val,buoy,fn,b6,,,prediction_jsonl
vision_only_tiled,367,val,buoy,fn,b7,,,prediction_jsonl
vision_only_tiled,367,val,buoy,fn,b8,,,prediction_jsonl
vision_only_tiled,368,val,boat,tp,boat,0.6381571292877197,0.7048575914267052,prediction_jsonl
vision_only_tiled,368,val,buoy,tp,b1,0.1970904916524887,0.6370626823399101,prediction_jsonl
vision_only_tiled,368,val,buoy,fn,b3,,,prediction_jsonl
vision_only_tiled,368,val,buoy,fn,b4,,,prediction_jsonl
vision_only_tiled,368,val,buoy,fn,b5,,,prediction_jsonl
vision_only_tiled,368,val,buoy,fn,b6,,,prediction_jsonl
vision_only_tiled,368,val,buoy,fn,b7,,,prediction_jsonl
vision_only_tiled,368,val,buoy,fn,b8,,,prediction_jsonl
vision_only_tiled,369,val,boat,tp,boat,0.6385795474052429,0.7103072799606016,prediction_jsonl
vision_only_tiled,369,val,buoy,tp,b1,0.20294559001922607,0.6555670687266194,prediction_jsonl
vision_only_tiled,369,val,buoy,fn,b3,,,prediction_jsonl
vision_only_tiled,369,val,buoy,fn,b4,,,prediction_jsonl
vision_only_tiled,369,val,buoy,fn,b5,,,prediction_jsonl
vision_only_tiled,369,val,buoy,fn,b6,,,prediction_jsonl
vision_only_tiled,369,val,buoy,fn,b7,,,prediction_jsonl
vision_only_tiled,369,val,buoy,fn,b8,,,prediction_jsonl
vision_only_tiled,370,val,boat,tp,boat,0.6358623504638672,0.6921499031210278,prediction_jsonl
vision_only_tiled,370,val,buoy,fn,b1,,,prediction_jsonl
vision_only_tiled,370,val,buoy,fn,b3,,,prediction_jsonl
vision_only_tiled,370,val,buoy,fn,b4,,,prediction_jsonl
vision_only_tiled,370,val,buoy,fn,b5,,,prediction_jsonl
vision_only_tiled,370,val,buoy,fn,b6,,,prediction_jsonl
vision_only_tiled,370,val,buoy,fn,b7,,,prediction_jsonl
vision_only_tiled,370,val,buoy,fn,b8,,,prediction_jsonl
vision_only_tiled,371,val,boat,tp,boat,0.6495673656463623,0.6984236428888347,prediction_jsonl
vision_only_tiled,371,val,buoy,tp,b1,0.2069932222366333,0.6460492207631362,prediction_jsonl
vision_only_tiled,371,val,buoy,fn,b3,,,prediction_jsonl
vision_only_tiled,371,val,buoy,fn,b4,,,prediction_jsonl
vision_only_tiled,371,val,buoy,fn,b5,,,prediction_jsonl
vision_only_tiled,371,val,buoy,fn,b6,,,prediction_jsonl
vision_only_tiled,371,val,buoy,fn,b7,,,prediction_jsonl
vision_only_tiled,371,val,buoy,fn,b8,,,prediction_jsonl
vision_only_tiled,372,val,boat,tp,boat,0.6336777210235596,0.6945985905092843,prediction_jsonl
vision_only_tiled,372,val,buoy,fn,b1,,,prediction_jsonl
vision_only_tiled,372,val,buoy,fn,b3,,,prediction_jsonl
vision_only_tiled,372,val,buoy,fn,b4,,,prediction_jsonl
vision_only_tiled,372,val,buoy,fn,b5,,,prediction_jsonl
vision_only_tiled,372,val,buoy,fn,b6,,,prediction_jsonl
vision_only_tiled,372,val,buoy,fn,b7,,,prediction_jsonl
vision_only_tiled,372,val,buoy,fn,b8,,,prediction_jsonl
vision_only_tiled,373,val,boat,tp,boat,0.6518702507019043,0.652780193846558,prediction_jsonl
vision_only_tiled,373,val,buoy,tp,b1,0.21522782742977142,0.6276619563696477,prediction_jsonl
vision_only_tiled,373,val,buoy,fn,b3,,,prediction_jsonl
vision_only_tiled,373,val,buoy,fn,b4,,,prediction_jsonl
vision_only_tiled,373,val,buoy,fn,b5,,,prediction_jsonl
vision_only_tiled,373,val,buoy,fn,b6,,,prediction_jsonl
vision_only_tiled,373,val,buoy,fn,b7,,,prediction_jsonl
vision_only_tiled,373,val,buoy,fn,b8,,,prediction_jsonl
vision_only_tiled,374,test,boat,tp,boat,0.6414347290992737,0.6800458931201779,prediction_jsonl
vision_only_tiled,374,test,buoy,tp,b1,0.22131292521953583,0.6346199753486714,prediction_jsonl
vision_only_tiled,374,test,buoy,fn,b3,,,prediction_jsonl
vision_only_tiled,374,test,buoy,fn,b4,,,prediction_jsonl
vision_only_tiled,374,test,buoy,fn,b5,,,prediction_jsonl
vision_only_tiled,374,test,buoy,fn,b6,,,prediction_jsonl
vision_only_tiled,374,test,buoy,fn,b7,,,prediction_jsonl
vision_only_tiled,374,test,buoy,fn,b8,,,prediction_jsonl
vision_only_tiled,375,test,boat,tp,boat,0.6477433443069458,0.6597447476350894,prediction_jsonl
vision_only_tiled,375,test,buoy,fn,b1,,,prediction_jsonl
vision_only_tiled,375,test,buoy,fn,b3,,,prediction_jsonl
vision_only_tiled,375,test,buoy,fn,b4,,,prediction_jsonl
vision_only_tiled,375,test,buoy,fn,b5,,,prediction_jsonl
vision_only_tiled,375,test,buoy,fn,b6,,,prediction_jsonl
vision_only_tiled,375,test,buoy,fn,b7,,,prediction_jsonl
vision_only_tiled,375,test,buoy,fn,b8,,,prediction_jsonl
vision_only_tiled,376,test,boat,tp,boat,0.6504882574081421,0.6765872884190285,prediction_jsonl
vision_only_tiled,376,test,buoy,tp,b1,0.19279047846794128,0.6563952471765152,prediction_jsonl
vision_only_tiled,376,test,buoy,fn,b3,,,prediction_jsonl
vision_only_tiled,376,test,buoy,fn,b4,,,prediction_jsonl
vision_only_tiled,376,test,buoy,fn,b5,,,prediction_jsonl
vision_only_tiled,376,test,buoy,fn,b6,,,prediction_jsonl
vision_only_tiled,376,test,buoy,fn,b7,,,prediction_jsonl
vision_only_tiled,376,test,buoy,fn,b8,,,prediction_jsonl
vision_only_tiled,377,test,boat,tp,boat,0.6542519927024841,0.6635509974835839,prediction_jsonl
vision_only_tiled,377,test,buoy,tp,b1,0.18646585941314697,0.6454415206292814,prediction_jsonl
vision_only_tiled,377,test,buoy,fn,b3,,,prediction_jsonl
vision_only_tiled,377,test,buoy,fn,b4,,,prediction_jsonl
vision_only_tiled,377,test,buoy,fn,b5,,,prediction_jsonl
vision_only_tiled,377,test,buoy,fn,b6,,,prediction_jsonl
vision_only_tiled,377,test,buoy,fn,b7,,,prediction_jsonl
vision_only_tiled,377,test,buoy,fn,b8,,,prediction_jsonl
vision_only_tiled,378,test,boat,tp,boat,0.6435835361480713,0.673261383569381,prediction_jsonl
vision_only_tiled,378,test,buoy,tp,b1,0.21069777011871338,0.6414229980379502,prediction_jsonl
vision_only_tiled,378,test,buoy,fn,b3,,,prediction_jsonl
vision_only_tiled,378,test,buoy,fn,b4,,,prediction_jsonl
vision_only_tiled,378,test,buoy,fn,b5,,,prediction_jsonl
vision_only_tiled,378,test,buoy,fn,b6,,,prediction_jsonl
vision_only_tiled,378,test,buoy,fn,b7,,,prediction_jsonl
vision_only_tiled,378,test,buoy,fn,b8,,,prediction_jsonl
vision_only_tiled,379,test,boat,tp,boat,0.6402427554130554,0.7056849521777031,prediction_jsonl
vision_only_tiled,379,test,buoy,tp,b1,0.21533143520355225,0.6227182261011935,prediction_jsonl
vision_only_tiled,379,test,buoy,fn,b3,,,prediction_jsonl
vision_only_tiled,379,test,buoy,fn,b4,,,prediction_jsonl
vision_only_tiled,379,test,buoy,fn,b5,,,prediction_jsonl
vision_only_tiled,379,test,buoy,fn,b6,,,prediction_jsonl
vision_only_tiled,379,test,buoy,fn,b7,,,prediction_jsonl
vision_only_tiled,379,test,buoy,fn,b8,,,prediction_jsonl
vision_only_tiled,380,test,boat,tp,boat,0.643280029296875,0.7272175382849284,prediction_jsonl
vision_only_tiled,380,test,buoy,tp,b1,0.21218344569206238,0.6487147936730343,prediction_jsonl
vision_only_tiled,380,test,buoy,fn,b3,,,prediction_jsonl
vision_only_tiled,380,test,buoy,fn,b4,,,prediction_jsonl
vision_only_tiled,380,test,buoy,fn,b5,,,prediction_jsonl
vision_only_tiled,380,test,buoy,fn,b6,,,prediction_jsonl
vision_only_tiled,380,test,buoy,fn,b7,,,prediction_jsonl
vision_only_tiled,380,test,buoy,fn,b8,,,prediction_jsonl
vision_only_tiled,381,test,boat,tp,boat,0.6489275097846985,0.7077291372721127,prediction_jsonl
vision_only_tiled,381,test,buoy,tp,b1,0.19911272823810577,0.6427331541308239,prediction_jsonl
vision_only_tiled,381,test,buoy,fn,b3,,,prediction_jsonl
vision_only_tiled,381,test,buoy,fn,b4,,,prediction_jsonl
vision_only_tiled,381,test,buoy,fn,b5,,,prediction_jsonl
vision_only_tiled,381,test,buoy,fn,b6,,,prediction_jsonl
vision_only_tiled,381,test,buoy,fn,b7,,,prediction_jsonl
vision_only_tiled,381,test,buoy,fn,b8,,,prediction_jsonl
vision_only_tiled,382,test,boat,tp,boat,0.6418501734733582,0.7398457507979755,prediction_jsonl
vision_only_tiled,382,test,buoy,tp,b1,0.19970761239528656,0.6465663873731267,prediction_jsonl
vision_only_tiled,382,test,buoy,fn,b3,,,prediction_jsonl
vision_only_tiled,382,test,buoy,fn,b4,,,prediction_jsonl
vision_only_tiled,382,test,buoy,fn,b5,,,prediction_jsonl
vision_only_tiled,382,test,buoy,fn,b6,,,prediction_jsonl
vision_only_tiled,382,test,buoy,fn,b7,,,prediction_jsonl
vision_only_tiled,382,test,buoy,fn,b8,,,prediction_jsonl
vision_only_tiled,383,test,boat,tp,boat,0.6537104249000549,0.7452429605893277,prediction_jsonl
vision_only_tiled,383,test,buoy,tp,b1,0.21491776406764984,0.6324931401263276,prediction_jsonl
vision_only_tiled,383,test,buoy,fn,b3,,,prediction_jsonl
vision_only_tiled,383,test,buoy,fn,b4,,,prediction_jsonl
vision_only_tiled,383,test,buoy,fn,b5,,,prediction_jsonl
vision_only_tiled,383,test,buoy,fn,b6,,,prediction_jsonl
vision_only_tiled,383,test,buoy,fn,b7,,,prediction_jsonl
vision_only_tiled,383,test,buoy,fn,b8,,,prediction_jsonl
vision_only_tiled,384,test,boat,tp,boat,0.647309422492981,0.6736704894670114,prediction_jsonl
vision_only_tiled,384,test,buoy,tp,b1,0.23398767411708832,0.6079896705977533,prediction_jsonl
vision_only_tiled,384,test,buoy,fn,b3,,,prediction_jsonl
vision_only_tiled,384,test,buoy,fn,b4,,,prediction_jsonl
vision_only_tiled,384,test,buoy,fn,b5,,,prediction_jsonl
vision_only_tiled,384,test,buoy,fn,b6,,,prediction_jsonl
vision_only_tiled,384,test,buoy,fn,b7,,,prediction_jsonl
vision_only_tiled,384,test,buoy,fn,b8,,,prediction_jsonl
vision_only_tiled,385,test,boat,tp,boat,0.6538821458816528,0.7321678768704443,prediction_jsonl
vision_only_tiled,385,test,buoy,tp,b1,0.21367521584033966,0.6311235904461029,prediction_jsonl
vision_only_tiled,385,test,buoy,fn,b3,,,prediction_jsonl
vision_only_tiled,385,test,buoy,fn,b4,,,prediction_jsonl
vision_only_tiled,385,test,buoy,fn,b5,,,prediction_jsonl
vision_only_tiled,385,test,buoy,fn,b6,,,prediction_jsonl
vision_only_tiled,385,test,buoy,fn,b7,,,prediction_jsonl
vision_only_tiled,385,test,buoy,fn,b8,,,prediction_jsonl
vision_only_tiled,386,test,boat,tp,boat,0.6324928402900696,0.7070826584818334,prediction_jsonl
vision_only_tiled,386,test,buoy,tp,b1,0.195667564868927,0.6229993834241452,prediction_jsonl
vision_only_tiled,386,test,buoy,fn,b3,,,prediction_jsonl
vision_only_tiled,386,test,buoy,fn,b4,,,prediction_jsonl
vision_only_tiled,386,test,buoy,fn,b5,,,prediction_jsonl
vision_only_tiled,386,test,buoy,fn,b6,,,prediction_jsonl
vision_only_tiled,386,test,buoy,fn,b7,,,prediction_jsonl
vision_only_tiled,386,test,buoy,fn,b8,,,prediction_jsonl
vision_only_tiled,387,test,boat,tp,boat,0.6480927467346191,0.7054460035520734,prediction_jsonl
vision_only_tiled,387,test,buoy,fn,b1,,,prediction_jsonl
vision_only_tiled,387,test,buoy,fn,b3,,,prediction_jsonl
vision_only_tiled,387,test,buoy,fn,b4,,,prediction_jsonl
vision_only_tiled,387,test,buoy,fn,b5,,,prediction_jsonl
vision_only_tiled,387,test,buoy,fn,b6,,,prediction_jsonl
vision_only_tiled,387,test,buoy,fn,b7,,,prediction_jsonl
vision_only_tiled,387,test,buoy,fn,b8,,,prediction_jsonl
vision_only_tiled,388,test,boat,tp,boat,0.6486079096794128,0.7227018654916695,prediction_jsonl
vision_only_tiled,388,test,buoy,fn,b1,,,prediction_jsonl
vision_only_tiled,388,test,buoy,fn,b3,,,prediction_jsonl
vision_only_tiled,388,test,buoy,fn,b4,,,prediction_jsonl
vision_only_tiled,388,test,buoy,fn,b5,,,prediction_jsonl
vision_only_tiled,388,test,buoy,fn,b6,,,prediction_jsonl
vision_only_tiled,388,test,buoy,fn,b7,,,prediction_jsonl
vision_only_tiled,388,test,buoy,fn,b8,,,prediction_jsonl
vision_only_tiled,389,test,boat,tp,boat,0.6441960334777832,0.7170072549657883,prediction_jsonl
vision_only_tiled,389,test,buoy,tp,b1,0.18961091339588165,0.658868404512942,prediction_jsonl
vision_only_tiled,389,test,buoy,fn,b3,,,prediction_jsonl
vision_only_tiled,389,test,buoy,fn,b4,,,prediction_jsonl
vision_only_tiled,389,test,buoy,fn,b5,,,prediction_jsonl
vision_only_tiled,389,test,buoy,fn,b6,,,prediction_jsonl
vision_only_tiled,389,test,buoy,fn,b7,,,prediction_jsonl
vision_only_tiled,389,test,buoy,fn,b8,,,prediction_jsonl
vision_only_tiled,390,test,boat,tp,boat,0.628601610660553,0.7090637691924264,prediction_jsonl
vision_only_tiled,390,test,buoy,fn,b1,,,prediction_jsonl
vision_only_tiled,390,test,buoy,fn,b3,,,prediction_jsonl
vision_only_tiled,390,test,buoy,fn,b4,,,prediction_jsonl
vision_only_tiled,390,test,buoy,fn,b5,,,prediction_jsonl
vision_only_tiled,390,test,buoy,fn,b6,,,prediction_jsonl
vision_only_tiled,390,test,buoy,fn,b7,,,prediction_jsonl
vision_only_tiled,390,test,buoy,fn,b8,,,prediction_jsonl
vision_only_tiled,391,test,boat,tp,boat,0.635947585105896,0.7126123860798886,prediction_jsonl
vision_only_tiled,391,test,buoy,fn,b1,,,prediction_jsonl
vision_only_tiled,391,test,buoy,fn,b3,,,prediction_jsonl
vision_only_tiled,391,test,buoy,fn,b4,,,prediction_jsonl
vision_only_tiled,391,test,buoy,fn,b5,,,prediction_jsonl
vision_only_tiled,391,test,buoy,fn,b6,,,prediction_jsonl
vision_only_tiled,391,test,buoy,fn,b7,,,prediction_jsonl
vision_only_tiled,391,test,buoy,fn,b8,,,prediction_jsonl
vision_only_tiled,392,test,boat,tp,boat,0.6334537267684937,0.7129343181441244,prediction_jsonl
vision_only_tiled,392,test,buoy,fn,b1,,,prediction_jsonl
vision_only_tiled,392,test,buoy,fn,b3,,,prediction_jsonl
vision_only_tiled,392,test,buoy,fn,b4,,,prediction_jsonl
vision_only_tiled,392,test,buoy,fn,b5,,,prediction_jsonl
vision_only_tiled,392,test,buoy,fn,b6,,,prediction_jsonl
vision_only_tiled,392,test,buoy,fn,b7,,,prediction_jsonl
vision_only_tiled,392,test,buoy,fn,b8,,,prediction_jsonl
vision_only_tiled,393,test,boat,tp,boat,0.6382648944854736,0.7179038911321525,prediction_jsonl
vision_only_tiled,393,test,buoy,tp,b1,0.18211068212985992,0.6599584386684187,prediction_jsonl
vision_only_tiled,393,test,buoy,fn,b3,,,prediction_jsonl
vision_only_tiled,393,test,buoy,fn,b4,,,prediction_jsonl
vision_only_tiled,393,test,buoy,fn,b5,,,prediction_jsonl
vision_only_tiled,393,test,buoy,fn,b6,,,prediction_jsonl
vision_only_tiled,393,test,buoy,fn,b7,,,prediction_jsonl
vision_only_tiled,393,test,buoy,fn,b8,,,prediction_jsonl
vision_only_tiled,394,test,boat,tp,boat,0.6405982971191406,0.7165259635427409,prediction_jsonl
vision_only_tiled,394,test,buoy,tp,b1,0.20025375485420227,0.6815515618617316,prediction_jsonl
vision_only_tiled,394,test,buoy,fn,b3,,,prediction_jsonl
vision_only_tiled,394,test,buoy,fn,b4,,,prediction_jsonl
vision_only_tiled,394,test,buoy,fn,b5,,,prediction_jsonl
vision_only_tiled,394,test,buoy,fn,b6,,,prediction_jsonl
vision_only_tiled,394,test,buoy,fn,b7,,,prediction_jsonl
vision_only_tiled,394,test,buoy,fn,b8,,,prediction_jsonl
vision_only_tiled,395,test,boat,tp,boat,0.6417251825332642,0.7161581106782724,prediction_jsonl
vision_only_tiled,395,test,buoy,fn,b1,,,prediction_jsonl
vision_only_tiled,395,test,buoy,fn,b3,,,prediction_jsonl
vision_only_tiled,395,test,buoy,fn,b4,,,prediction_jsonl
vision_only_tiled,395,test,buoy,fn,b5,,,prediction_jsonl
vision_only_tiled,395,test,buoy,fn,b6,,,prediction_jsonl
vision_only_tiled,395,test,buoy,fn,b7,,,prediction_jsonl
vision_only_tiled,395,test,buoy,fn,b8,,,prediction_jsonl
vision_only_tiled,396,test,boat,tp,boat,0.637768566608429,0.7183502998257097,prediction_jsonl
vision_only_tiled,396,test,buoy,tp,b1,0.18359465897083282,0.6780043259292015,prediction_jsonl
vision_only_tiled,396,test,buoy,fn,b3,,,prediction_jsonl
vision_only_tiled,396,test,buoy,fn,b4,,,prediction_jsonl
vision_only_tiled,396,test,buoy,fn,b5,,,prediction_jsonl
vision_only_tiled,396,test,buoy,fn,b6,,,prediction_jsonl
vision_only_tiled,396,test,buoy,fn,b7,,,prediction_jsonl
vision_only_tiled,396,test,buoy,fn,b8,,,prediction_jsonl
vision_only_tiled,397,test,boat,tp,boat,0.6374543905258179,0.7101171983318271,prediction_jsonl
vision_only_tiled,397,test,buoy,fn,b1,,,prediction_jsonl
vision_only_tiled,397,test,buoy,fn,b3,,,prediction_jsonl
vision_only_tiled,397,test,buoy,fn,b4,,,prediction_jsonl
vision_only_tiled,397,test,buoy,fn,b5,,,prediction_jsonl
vision_only_tiled,397,test,buoy,fn,b6,,,prediction_jsonl
vision_only_tiled,397,test,buoy,fn,b7,,,prediction_jsonl
vision_only_tiled,397,test,buoy,fn,b8,,,prediction_jsonl
vision_only_tiled,398,test,boat,tp,boat,0.6443518400192261,0.6981041968873491,prediction_jsonl
vision_only_tiled,398,test,buoy,fn,b1,,,prediction_jsonl
vision_only_tiled,398,test,buoy,fn,b3,,,prediction_jsonl
vision_only_tiled,398,test,buoy,fn,b4,,,prediction_jsonl
vision_only_tiled,398,test,buoy,fn,b5,,,prediction_jsonl
vision_only_tiled,398,test,buoy,fn,b6,,,prediction_jsonl
vision_only_tiled,398,test,buoy,fn,b7,,,prediction_jsonl
vision_only_tiled,398,test,buoy,fn,b8,,,prediction_jsonl
vision_only_tiled,399,test,boat,tp,boat,0.6466122269630432,0.6817469293282546,prediction_jsonl
vision_only_tiled,399,test,buoy,fn,b1,,,prediction_jsonl
vision_only_tiled,399,test,buoy,fn,b3,,,prediction_jsonl
vision_only_tiled,399,test,buoy,fn,b4,,,prediction_jsonl
vision_only_tiled,399,test,buoy,fn,b5,,,prediction_jsonl
vision_only_tiled,399,test,buoy,fn,b6,,,prediction_jsonl
vision_only_tiled,399,test,buoy,fn,b7,,,prediction_jsonl
vision_only_tiled,399,test,buoy,fn,b8,,,prediction_jsonl
vision_only_tiled,400,test,boat,tp,boat,0.6428921222686768,0.7066331615752981,prediction_jsonl
vision_only_tiled,400,test,buoy,fn,b1,,,prediction_jsonl
vision_only_tiled,400,test,buoy,fn,b3,,,prediction_jsonl
vision_only_tiled,400,test,buoy,fn,b4,,,prediction_jsonl
vision_only_tiled,400,test,buoy,fn,b5,,,prediction_jsonl
vision_only_tiled,400,test,buoy,fn,b6,,,prediction_jsonl
vision_only_tiled,400,test,buoy,fn,b7,,,prediction_jsonl
vision_only_tiled,400,test,buoy,fn,b8,,,prediction_jsonl
vision_only_tiled,401,test,boat,tp,boat,0.6487320065498352,0.6993309366068656,prediction_jsonl
vision_only_tiled,401,test,buoy,tp,b1,0.18787796795368195,0.6180449170297257,prediction_jsonl
vision_only_tiled,401,test,buoy,fn,b3,,,prediction_jsonl
vision_only_tiled,401,test,buoy,fn,b4,,,prediction_jsonl
vision_only_tiled,401,test,buoy,fn,b5,,,prediction_jsonl
vision_only_tiled,401,test,buoy,fn,b6,,,prediction_jsonl
vision_only_tiled,401,test,buoy,fn,b7,,,prediction_jsonl
vision_only_tiled,401,test,buoy,fn,b8,,,prediction_jsonl
vision_only_tiled,402,test,boat,tp,boat,0.6528430581092834,0.6920739162342489,prediction_jsonl
vision_only_tiled,402,test,buoy,tp,b1,0.1856989860534668,0.62491935782083,prediction_jsonl
vision_only_tiled,402,test,buoy,fn,b3,,,prediction_jsonl
vision_only_tiled,402,test,buoy,fn,b4,,,prediction_jsonl
vision_only_tiled,402,test,buoy,fn,b5,,,prediction_jsonl
vision_only_tiled,402,test,buoy,fn,b6,,,prediction_jsonl
vision_only_tiled,402,test,buoy,fn,b7,,,prediction_jsonl
vision_only_tiled,402,test,buoy,fn,b8,,,prediction_jsonl
vision_only_tiled,403,test,boat,tp,boat,0.6400536894798279,0.7145976938663067,prediction_jsonl
vision_only_tiled,403,test,buoy,fn,b1,,,prediction_jsonl
vision_only_tiled,403,test,buoy,fn,b3,,,prediction_jsonl
vision_only_tiled,403,test,buoy,fn,b4,,,prediction_jsonl
vision_only_tiled,403,test,buoy,fn,b5,,,prediction_jsonl
vision_only_tiled,403,test,buoy,fn,b6,,,prediction_jsonl
vision_only_tiled,403,test,buoy,fn,b7,,,prediction_jsonl
vision_only_tiled,403,test,buoy,fn,b8,,,prediction_jsonl
vision_only_tiled,404,test,boat,tp,boat,0.6392407417297363,0.7039929362872075,prediction_jsonl
vision_only_tiled,404,test,buoy,fn,b1,,,prediction_jsonl
vision_only_tiled,404,test,buoy,fn,b3,,,prediction_jsonl
vision_only_tiled,404,test,buoy,fn,b4,,,prediction_jsonl
vision_only_tiled,404,test,buoy,fn,b5,,,prediction_jsonl
vision_only_tiled,404,test,buoy,fn,b6,,,prediction_jsonl
vision_only_tiled,404,test,buoy,fn,b7,,,prediction_jsonl
vision_only_tiled,404,test,buoy,fn,b8,,,prediction_jsonl
vision_only_tiled,405,test,boat,tp,boat,0.6321523189544678,0.7163244308400368,prediction_jsonl
vision_only_tiled,405,test,buoy,fn,b1,,,prediction_jsonl
vision_only_tiled,405,test,buoy,fn,b3,,,prediction_jsonl
vision_only_tiled,405,test,buoy,fn,b4,,,prediction_jsonl
vision_only_tiled,405,test,buoy,fn,b5,,,prediction_jsonl
vision_only_tiled,405,test,buoy,fn,b6,,,prediction_jsonl
vision_only_tiled,405,test,buoy,fn,b7,,,prediction_jsonl
vision_only_tiled,405,test,buoy,fn,b8,,,prediction_jsonl
vision_only_tiled,406,test,boat,tp,boat,0.6391363143920898,0.7114354665512979,prediction_jsonl
vision_only_tiled,406,test,buoy,fn,b1,,,prediction_jsonl
vision_only_tiled,406,test,buoy,fn,b3,,,prediction_jsonl
vision_only_tiled,406,test,buoy,fn,b4,,,prediction_jsonl
vision_only_tiled,406,test,buoy,fn,b5,,,prediction_jsonl
vision_only_tiled,406,test,buoy,fn,b6,,,prediction_jsonl
vision_only_tiled,406,test,buoy,fn,b7,,,prediction_jsonl
vision_only_tiled,406,test,buoy,fn,b8,,,prediction_jsonl
vision_only_tiled,407,test,boat,tp,boat,0.6523748636245728,0.7255123393751226,prediction_jsonl
vision_only_tiled,407,test,buoy,tp,b1,0.2263273000717163,0.6429213967715026,prediction_jsonl
vision_only_tiled,407,test,buoy,fn,b3,,,prediction_jsonl
vision_only_tiled,407,test,buoy,fn,b4,,,prediction_jsonl
vision_only_tiled,407,test,buoy,fn,b5,,,prediction_jsonl
vision_only_tiled,407,test,buoy,fn,b6,,,prediction_jsonl
vision_only_tiled,407,test,buoy,fn,b7,,,prediction_jsonl
vision_only_tiled,407,test,buoy,fn,b8,,,prediction_jsonl
vision_only_tiled,408,test,boat,tp,boat,0.6386333703994751,0.737652511411998,prediction_jsonl
vision_only_tiled,408,test,buoy,tp,b1,0.21223078668117523,0.644094947532682,prediction_jsonl
vision_only_tiled,408,test,buoy,fn,b3,,,prediction_jsonl
vision_only_tiled,408,test,buoy,fn,b4,,,prediction_jsonl
vision_only_tiled,408,test,buoy,fn,b5,,,prediction_jsonl
vision_only_tiled,408,test,buoy,fn,b6,,,prediction_jsonl
vision_only_tiled,408,test,buoy,fn,b7,,,prediction_jsonl
vision_only_tiled,408,test,buoy,fn,b8,,,prediction_jsonl
vision_only_tiled,409,test,boat,tp,boat,0.6527619957923889,0.7010464476922199,prediction_jsonl
vision_only_tiled,409,test,buoy,tp,b1,0.22558914124965668,0.6208514991809763,prediction_jsonl
vision_only_tiled,409,test,buoy,fn,b3,,,prediction_jsonl
vision_only_tiled,409,test,buoy,fn,b4,,,prediction_jsonl
vision_only_tiled,409,test,buoy,fn,b5,,,prediction_jsonl
vision_only_tiled,409,test,buoy,fn,b6,,,prediction_jsonl
vision_only_tiled,409,test,buoy,fn,b7,,,prediction_jsonl
vision_only_tiled,409,test,buoy,fn,b8,,,prediction_jsonl
vision_only_tiled,410,test,boat,tp,boat,0.6606642603874207,0.6857679106508571,prediction_jsonl
vision_only_tiled,410,test,buoy,tp,b1,0.24651484191417694,0.6435673183941111,prediction_jsonl
vision_only_tiled,410,test,buoy,fn,b3,,,prediction_jsonl
vision_only_tiled,410,test,buoy,fn,b4,,,prediction_jsonl
vision_only_tiled,410,test,buoy,fn,b5,,,prediction_jsonl
vision_only_tiled,410,test,buoy,fn,b6,,,prediction_jsonl
vision_only_tiled,410,test,buoy,fn,b7,,,prediction_jsonl
vision_only_tiled,410,test,buoy,fn,b8,,,prediction_jsonl
vision_only_tiled,411,test,boat,tp,boat,0.6583653092384338,0.6692044544684667,prediction_jsonl
vision_only_tiled,411,test,buoy,tp,b1,0.2303043156862259,0.6145993128003661,prediction_jsonl
vision_only_tiled,411,test,buoy,fn,b3,,,prediction_jsonl
vision_only_tiled,411,test,buoy,fn,b4,,,prediction_jsonl
vision_only_tiled,411,test,buoy,fn,b5,,,prediction_jsonl
vision_only_tiled,411,test,buoy,fn,b6,,,prediction_jsonl
vision_only_tiled,411,test,buoy,fn,b7,,,prediction_jsonl
vision_only_tiled,411,test,buoy,fn,b8,,,prediction_jsonl
vision_only_tiled,412,test,boat,tp,boat,0.6547691822052002,0.6975729005499554,prediction_jsonl
vision_only_tiled,412,test,buoy,tp,b1,0.20596927404403687,0.6311161701479145,prediction_jsonl
vision_only_tiled,412,test,buoy,fn,b3,,,prediction_jsonl
vision_only_tiled,412,test,buoy,fn,b4,,,prediction_jsonl
vision_only_tiled,412,test,buoy,fn,b5,,,prediction_jsonl
vision_only_tiled,412,test,buoy,fn,b6,,,prediction_jsonl
vision_only_tiled,412,test,buoy,fn,b7,,,prediction_jsonl
vision_only_tiled,412,test,buoy,fn,b8,,,prediction_jsonl
vision_only_tiled,413,test,boat,tp,boat,0.651319682598114,0.6825287451928933,prediction_jsonl
vision_only_tiled,413,test,buoy,tp,b1,0.18979604542255402,0.6357310382002649,prediction_jsonl
vision_only_tiled,413,test,buoy,fn,b3,,,prediction_jsonl
vision_only_tiled,413,test,buoy,fn,b4,,,prediction_jsonl
vision_only_tiled,413,test,buoy,fn,b5,,,prediction_jsonl
vision_only_tiled,413,test,buoy,fn,b6,,,prediction_jsonl
vision_only_tiled,413,test,buoy,fn,b7,,,prediction_jsonl
vision_only_tiled,413,test,buoy,fn,b8,,,prediction_jsonl
vision_only_tiled,414,test,boat,tp,boat,0.6561571955680847,0.7045057373595238,prediction_jsonl
vision_only_tiled,414,test,buoy,fn,b1,,,prediction_jsonl
vision_only_tiled,414,test,buoy,fn,b3,,,prediction_jsonl
vision_only_tiled,414,test,buoy,fn,b4,,,prediction_jsonl
vision_only_tiled,414,test,buoy,fn,b5,,,prediction_jsonl
vision_only_tiled,414,test,buoy,fn,b6,,,prediction_jsonl
vision_only_tiled,414,test,buoy,fn,b7,,,prediction_jsonl
vision_only_tiled,414,test,buoy,fn,b8,,,prediction_jsonl
vision_only_tiled,415,test,boat,tp,boat,0.6513081192970276,0.707330595417819,prediction_jsonl
vision_only_tiled,415,test,buoy,tp,b1,0.1986224353313446,0.6590015055366807,prediction_jsonl
vision_only_tiled,415,test,buoy,fn,b3,,,prediction_jsonl
vision_only_tiled,415,test,buoy,fn,b4,,,prediction_jsonl
vision_only_tiled,415,test,buoy,fn,b5,,,prediction_jsonl
vision_only_tiled,415,test,buoy,fn,b6,,,prediction_jsonl
vision_only_tiled,415,test,buoy,fn,b7,,,prediction_jsonl
vision_only_tiled,415,test,buoy,fn,b8,,,prediction_jsonl
vision_only_tiled,416,test,boat,tp,boat,0.632702648639679,0.6796235116751006,prediction_jsonl
vision_only_tiled,416,test,boat,fp,,0.22001345455646515,,prediction_jsonl
vision_only_tiled,416,test,buoy,tp,b1,0.18431398272514343,0.6495733486897778,prediction_jsonl
vision_only_tiled,416,test,buoy,fn,b3,,,prediction_jsonl
vision_only_tiled,416,test,buoy,fn,b4,,,prediction_jsonl
vision_only_tiled,416,test,buoy,fn,b5,,,prediction_jsonl
vision_only_tiled,416,test,buoy,fn,b6,,,prediction_jsonl
vision_only_tiled,416,test,buoy,fn,b7,,,prediction_jsonl
vision_only_tiled,416,test,buoy,fn,b8,,,prediction_jsonl
vision_only_tiled,417,test,boat,tp,boat,0.659578800201416,0.7024953310963192,prediction_jsonl
vision_only_tiled,417,test,buoy,tp,b1,0.19434785842895508,0.6605741246930307,prediction_jsonl
vision_only_tiled,417,test,buoy,fn,b3,,,prediction_jsonl
vision_only_tiled,417,test,buoy,fn,b4,,,prediction_jsonl
vision_only_tiled,417,test,buoy,fn,b5,,,prediction_jsonl
vision_only_tiled,417,test,buoy,fn,b6,,,prediction_jsonl
vision_only_tiled,417,test,buoy,fn,b7,,,prediction_jsonl
vision_only_tiled,417,test,buoy,fn,b8,,,prediction_jsonl
vision_only_tiled,418,test,boat,tp,boat,0.6522756814956665,0.6975917444519912,prediction_jsonl
vision_only_tiled,418,test,buoy,fn,b1,,,prediction_jsonl
vision_only_tiled,418,test,buoy,fn,b3,,,prediction_jsonl
vision_only_tiled,418,test,buoy,fn,b4,,,prediction_jsonl
vision_only_tiled,418,test,buoy,fn,b5,,,prediction_jsonl
vision_only_tiled,418,test,buoy,fn,b6,,,prediction_jsonl
vision_only_tiled,418,test,buoy,fn,b7,,,prediction_jsonl
vision_only_tiled,418,test,buoy,fn,b8,,,prediction_jsonl
