method,camera_frame,split,class_name,track_id,matched,iou,score,source_mode,detail_available
radar_bounded_crops,119,train,boat,boat,True,0.6985882933186198,0.4830242693424225,prediction_jsonl,True
radar_bounded_crops,119,train,buoy,b1,True,0.8025692645180437,0.2766862213611603,prediction_jsonl,True
radar_bounded_crops,119,train,buoy,b2,False,,,prediction_jsonl,True
radar_bounded_crops,119,train,buoy,b3,False,,,prediction_jsonl,True
radar_bounded_crops,119,train,buoy,b4,False,,,prediction_jsonl,True
radar_bounded_crops,119,train,buoy,b5,False,,,prediction_jsonl,True
radar_bounded_crops,119,train,buoy,b6,False,,,prediction_jsonl,True
radar_bounded_crops,119,train,buoy,b7,False,,,prediction_jsonl,True
radar_bounded_crops,119,train,buoy,b8,False,,,prediction_jsonl,True
radar_bounded_crops,120,train,boat,boat,True,0.7217170960259908,0.6180272698402405,prediction_jsonl,True
radar_bounded_crops,120,train,buoy,b1,True,0.8294854215972914,0.2660500109195709,prediction_jsonl,True
radar_bounded_crops,120,train,buoy,b2,True,0.6642959881015053,0.1815711259841919,prediction_jsonl,True
radar_bounded_crops,120,train,buoy,b3,False,,,prediction_jsonl,True
radar_bounded_crops,120,train,buoy,b4,False,,,prediction_jsonl,True
radar_bounded_crops,120,train,buoy,b5,False,,,prediction_jsonl,True
radar_bounded_crops,120,train,buoy,b6,False,,,prediction_jsonl,True
radar_bounded_crops,120,train,buoy,b7,False,,,prediction_jsonl,True
radar_bounded_crops,120,train,buoy,b8,False,,,prediction_jsonl,True
radar_bounded_crops,121,train,boat,boat,True,0.757562674061251,0.6898308992385864,prediction_jsonl,True
radar_bounded_crops,121,train,buoy,b1,True,0.822756651677993,0.23448613286018372,prediction_jsonl,True
radar_bounded_crops,121,train,buoy,b2,False,,,prediction_jsonl,True
radar_bounded_crops,121,train,buoy,b3,False,,,prediction_jsonl,True
radar_bounded_crops,121,train,buoy,b4,False,,,prediction_jsonl,True
radar_bounded_crops,121,train,buoy,b5,False,,,prediction_jsonl,True
radar_bounded_crops,121,train,buoy,b6,False,,,prediction_jsonl,True
radar_bounded_crops,121,train,buoy,b7,False,,,prediction_jsonl,True
radar_bounded_crops,121,train,buoy,b8,False,,,prediction_jsonl,True
radar_bounded_crops,122,train,boat,boat,True,0.6990703787623933,0.5969195365905762,prediction_jsonl,True
radar_bounded_crops,122,train,buoy,b1,True,0.8101424937641832,0.25234514474868774,prediction_jsonl,True
radar_bounded_crops,122,train,buoy,b2,False,,,prediction_jsonl,True
radar_bounded_crops,122,train,buoy,b3,False,,,prediction_jsonl,True
radar_bounded_crops,122,train,buoy,b4,False,,,prediction_jsonl,True
radar_bounded_crops,122,train,buoy,b5,False,,,prediction_jsonl,True
radar_bounded_crops,122,train,buoy,b6,False,,,prediction_jsonl,True
radar_bounded_crops,122,train,buoy,b7,False,,,prediction_jsonl,True
radar_bounded_crops,122,train,buoy,b8,False,,,prediction_jsonl,True
radar_bounded_crops,123,train,boat,boat,True,0.6908484916099109,0.68587726354599,prediction_jsonl,True
radar_bounded_crops,123,train,buoy,b1,True,0.7826813648472274,0.2337164282798767,prediction_jsonl,True
radar_bounded_crops,123,train,buoy,b2,False,,,prediction_jsonl,True
radar_bounded_crops,123,train,buoy,b3,False,,,prediction_jsonl,True
radar_bounded_crops,123,train,buoy,b4,False,,,prediction_jsonl,True
radar_bounded_crops,123,train,buoy,b5,False,,,prediction_jsonl,True
radar_bounded_crops,123,train,buoy,b6,False,,,prediction_jsonl,True
radar_bounded_crops,123,train,buoy,b7,False,,,prediction_jsonl,True
radar_bounded_crops,123,train,buoy,b8,False,,,prediction_jsonl,True
radar_bounded_crops,124,train,boat,boat,True,0.738829829025942,0.690138578414917,prediction_jsonl,True
radar_bounded_crops,124,train,buoy,b1,True,0.781305946134962,0.2561444640159607,prediction_jsonl,True
radar_bounded_crops,124,train,buoy,b2,False,,,prediction_jsonl,True
radar_bounded_crops,124,train,buoy,b3,False,,,prediction_jsonl,True
radar_bounded_crops,124,train,buoy,b4,False,,,prediction_jsonl,True
radar_bounded_crops,124,train,buoy,b5,False,,,prediction_jsonl,True
radar_bounded_crops,124,train,buoy,b6,False,,,prediction_jsonl,True
radar_bounded_crops,124,train,buoy,b7,False,,,prediction_jsonl,True
radar_bounded_crops,124,train,buoy,b8,False,,,prediction_jsonl,True
radar_bounded_crops,125,train,boat,boat,True,0.7601004204251871,0.6949627995491028,prediction_jsonl,True
radar_bounded_crops,125,train,buoy,b1,True,0.7986186639802859,0.2534288465976715,prediction_jsonl,True
radar_bounded_crops,125,train,buoy,b2,False,,,prediction_jsonl,True
radar_bounded_crops,125,train,buoy,b3,False,,,prediction_jsonl,True
radar_bounded_crops,125,train,buoy,b4,False,,,prediction_jsonl,True
radar_bounded_crops,125,train,buoy,b5,False,,,prediction_jsonl,True
radar_bounded_crops,125,train,buoy,b6,False,,,prediction_jsonl,True
radar_bounded_crops,125,train,buoy,b7,False,,,prediction_jsonl,True
radar_bounded_crops,125,train,buoy,b8,False,,,prediction_jsonl,True
radar_bounded_crops,126,train,boat,boat,True,0.7750843928636598,0.7109574675559998,prediction_jsonl,True
radar_bounded_crops,126,train,buoy,b1,True,0.8143881668979944,0.283745139837265,prediction_jsonl,True
radar_bounded_crops,126,train,buoy,b2,False,,,prediction_jsonl,True
radar_bounded_crops,126,train,buoy,b3,False,,,prediction_jsonl,True
radar_bounded_crops,126,train,buoy,b4,False,,,prediction_jsonl,True
radar_bounded_crops,126,train,buoy,b5,False,,,prediction_jsonl,True
radar_bounded_crops,126,train,buoy,b6,False,,,prediction_jsonl,True
radar_bounded_crops,126,train,buoy,b7,False,,,prediction_jsonl,True
radar_bounded_crops,126,train,buoy,b8,False,,,prediction_jsonl,True
radar_bounded_crops,127,train,boat,boat,True,0.7714415182938703,0.7054141163825989,prediction_jsonl,True
radar_bounded_crops,127,train,buoy,b1,True,0.8014007212928116,0.26488733291625977,prediction_jsonl,True
radar_bounded_crops,127,train,buoy,b2,True,0.6429630228934389,0.1879235953092575,prediction_jsonl,True
radar_bounded_crops,127,train,buoy,b3,False,,,prediction_jsonl,True
radar_bounded_crops,127,train,buoy,b4,False,,,prediction_jsonl,True
radar_bounded_crops,127,train,buoy,b5,False,,,prediction_jsonl,True
radar_bounded_crops,127,train,buoy,b6,False,,,prediction_jsonl,True
radar_bounded_crops,127,train,buoy,b7,False,,,prediction_jsonl,True
radar_bounded_crops,127,train,buoy,b8,False,,,prediction_jsonl,True
radar_bounded_crops,128,train,boat,boat,True,0.7091145216686232,0.613420307636261,prediction_jsonl,True
radar_bounded_crops,128,train,buoy,b1,True,0.8122178782515078,0.2628119885921478,prediction_jsonl,True
radar_bounded_crops,128,train,buoy,b2,False,,,prediction_jsonl,True
radar_bounded_crops,128,train,buoy,b3,False,,,prediction_jsonl,True
radar_bounded_crops,128,train,buoy,b4,False,,,prediction_jsonl,True
radar_bounded_crops,128,train,buoy,b5,False,,,prediction_jsonl,True
radar_bounded_crops,128,train,buoy,b6,False,,,prediction_jsonl,True
radar_bounded_crops,128,train,buoy,b7,False,,,prediction_jsonl,True
radar_bounded_crops,128,train,buoy,b8,False,,,prediction_jsonl,True
radar_bounded_crops,129,train,boat,boat,True,0.6925900952917553,0.543929398059845,prediction_jsonl,True
radar_bounded_crops,129,train,buoy,b1,True,0.822653134884465,0.25363823771476746,prediction_jsonl,True
radar_bounded_crops,129,train,buoy,b2,False,,,prediction_jsonl,True
radar_bounded_crops,129,train,buoy,b3,False,,,prediction_jsonl,True
radar_bounded_crops,129,train,buoy,b4,False,,,prediction_jsonl,True
radar_bounded_crops,129,train,buoy,b5,False,,,prediction_jsonl,True
radar_bounded_crops,129,train,buoy,b6,False,,,prediction_jsonl,True
radar_bounded_crops,129,train,buoy,b7,False,,,prediction_jsonl,True
radar_bounded_crops,129,train,buoy,b8,False,,,prediction_jsonl,True
radar_bounded_crops,130,train,boat,boat,True,0.8387775778174794,0.641466498374939,prediction_jsonl,True
radar_bounded_crops,130,train,buoy,b1,True,0.8180612410232959,0.25529664754867554,prediction_jsonl,True
radar_bounded_crops,130,train,buoy,b2,False,,,prediction_jsonl,True
radar_bounded_crops,130,train,buoy,b3,False,,,prediction_jsonl,True
radar_bounded_crops,130,train,buoy,b4,False,,,prediction_jsonl,True
radar_bounded_crops,130,train,buoy,b5,False,,,prediction_jsonl,True
radar_bounded_crops,130,train,buoy,b6,False,,,prediction_jsonl,True
radar_bounded_crops,130,train,buoy,b7,False,,,prediction_jsonl,True
radar_bounded_crops,130,train,buoy,b8,False,,,prediction_jsonl,True
radar_bounded_crops,131,train,boat,boat,True,0.8392128854926026,0.6863811016082764,prediction_jsonl,True
radar_bounded_crops,131,train,buoy,b1,True,0.8247241290621083,0.2587869167327881,prediction_jsonl,True
radar_bounded_crops,131,train,buoy,b2,False,,,prediction_jsonl,True
radar_bounded_crops,131,train,buoy,b3,False,,,prediction_jsonl,True
radar_bounded_crops,131,train,buoy,b4,False,,,prediction_jsonl,True
radar_bounded_crops,131,train,buoy,b5,False,,,prediction_jsonl,True
radar_bounded_crops,131,train,buoy,b6,False,,,prediction_jsonl,True
radar_bounded_crops,131,train,buoy,b7,False,,,prediction_jsonl,True
radar_bounded_crops,131,train,buoy,b8,False,,,prediction_jsonl,True
radar_bounded_crops,132,train,boat,boat,True,0.8379125846380502,0.6867889761924744,prediction_jsonl,True
radar_bounded_crops,132,train,buoy,b1,True,0.8351712727621845,0.22971703112125397,prediction_jsonl,True
radar_bounded_crops,132,train,buoy,b2,True,0.62709651095084,0.2112247794866562,prediction_jsonl,True
radar_bounded_crops,132,train,buoy,b3,False,,,prediction_jsonl,True
radar_bounded_crops,132,train,buoy,b4,False,,,prediction_jsonl,True
radar_bounded_crops,132,train,buoy,b5,False,,,prediction_jsonl,True
radar_bounded_crops,132,train,buoy,b6,False,,,prediction_jsonl,True
radar_bounded_crops,132,train,buoy,b7,False,,,prediction_jsonl,True
radar_bounded_crops,132,train,buoy,b8,False,,,prediction_jsonl,True
radar_bounded_crops,133,train,boat,boat,True,0.7934786209759904,0.6558617949485779,prediction_jsonl,True
radar_bounded_crops,133,train,buoy,b1,True,0.807505145226864,0.24181662499904633,prediction_jsonl,True
radar_bounded_crops,133,train,buoy,b2,False,,,prediction_jsonl,True
radar_bounded_crops,133,train,buoy,b3,False,,,prediction_jsonl,True
radar_bounded_crops,133,train,buoy,b4,False,,,prediction_jsonl,True
radar_bounded_crops,133,train,buoy,b5,False,,,prediction_jsonl,True
radar_bounded_crops,133,train,buoy,b6,False,,,prediction_jsonl,True
radar_bounded_crops,133,train,buoy,b7,False,,,prediction_jsonl,True
radar_bounded_crops,133,train,buoy,b8,False,,,prediction_jsonl,True
radar_bounded_crops,134,train,boat,boat,True,0.8196822638851813,0.6642539501190186,prediction_jsonl,True
radar_bounded_crops,134,train,buoy,b1,True,0.8176348543511096,0.23401926457881927,prediction_jsonl,True
radar_bounded_crops,134,train,buoy,b2,False,,,prediction_jsonl,True
radar_bounded_crops,134,train,buoy,b3,False,,,prediction_jsonl,True
radar_bounded_crops,134,train,buoy,b4,False,,,prediction_jsonl,True
radar_bounded_crops,134,train,buoy,b5,False,,,prediction_jsonl,True
radar_bounded_crops,134,train,buoy,b6,False,,,prediction_jsonl,True
radar_bounded_crops,134,train,buoy,b7,False,,,prediction_jsonl,True
radar_bounded_crops,134,train,buoy,b8,False,,,prediction_jsonl,True
radar_bounded_crops,135,train,boat,boat,True,0.8213979935692978,0.6876670718193054,prediction_jsonl,True
radar_bounded_crops,135,train,buoy,b1,True,0.8134524896940241,0.2514979839324951,prediction_jsonl,True
radar_bounded_crops,135,train,buoy,b2,False,,,prediction_jsonl,True
radar_bounded_crops,135,train,buoy,b3,False,,,prediction_jsonl,True
radar_bounded_crops,135,train,buoy,b4,False,,,prediction_jsonl,True
radar_bounded_crops,135,train,buoy,b5,False,,,prediction_jsonl,True
radar_bounded_crops,135,train,buoy,b6,False,,,prediction_jsonl,True
radar_bounded_crops,135,train,buoy,b7,False,,,prediction_jsonl,True
radar_bounded_crops,135,train,buoy,b8,False,,,prediction_jsonl,True
radar_bounded_crops,136,train,boat,boat,True,0.6943128524346588,0.5976294279098511,prediction_jsonl,True
radar_bounded_crops,136,train,buoy,b1,True,0.8162380979693333,0.2550075650215149,prediction_jsonl,True
radar_bounded_crops,136,train,buoy,b2,False,,,prediction_jsonl,True
radar_bounded_crops,136,train,buoy,b3,False,,,prediction_jsonl,True
radar_bounded_crops,136,train,buoy,b4,False,,,prediction_jsonl,True
radar_bounded_crops,136,train,buoy,b5,False,,,prediction_jsonl,True
radar_bounded_crops,136,train,buoy,b6,False,,,prediction_jsonl,True
radar_bounded_crops,136,train,buoy,b7,False,,,prediction_jsonl,True
radar_bounded_crops,136,train,buoy,b8,False,,,prediction_jsonl,True
radar_bounded_crops,137,train,boat,boat,True,0.6902187483771962,0.6784226894378662,prediction_jsonl,True
radar_bounded_crops,137,train,buoy,b1,True,0.7768749962934535,0.2355615794658661,prediction_jsonl,True
radar_bounded_crops,137,train,buoy,b2,False,,,prediction_jsonl,True
radar_bounded_crops,137,train,buoy,b3,False,,,prediction_jsonl,True
radar_bounded_crops,137,train,buoy,b4,False,,,prediction_jsonl,True
radar_bounded_crops,137,train,buoy,b5,False,,,prediction_jsonl,True
radar_bounded_crops,137,train,buoy,b6,False,,,prediction_jsonl,True
radar_bounded_crops,137,train,buoy,b7,False,,,prediction_jsonl,True
radar_bounded_crops,137,train,buoy,b8,False,,,prediction_jsonl,True
radar_bounded_crops,138,train,boat,boat,True,0.728037543915524,0.6326069831848145,prediction_jsonl,True
radar_bounded_crops,138,train,buoy,b1,True,0.7914671437488794,0.24147756397724152,prediction_jsonl,True
radar_bounded_crops,138,train,buoy,b2,False,,,prediction_jsonl,True
radar_bounded_crops,138,train,buoy,b3,False,,,prediction_jsonl,True
radar_bounded_crops,138,train,buoy,b4,False,,,prediction_jsonl,True
radar_bounded_crops,138,train,buoy,b5,False,,,prediction_jsonl,True
radar_bounded_crops,138,train,buoy,b6,False,,,prediction_jsonl,True
radar_bounded_crops,138,train,buoy,b7,False,,,prediction_jsonl,True
radar_bounded_crops,138,train,buoy,b8,False,,,prediction_jsonl,True
radar_bounded_crops,139,train,boat,boat,True,0.8270531706200683,0.7461498975753784,prediction_jsonl,True
radar_bounded_crops,139,train,buoy,b1,True,0.8219022692415897,0.31110525131225586,prediction_jsonl,True
radar_bounded_crops,139,train,buoy,b2,False,,,prediction_jsonl,True
radar_bounded_crops,139,train,buoy,b3,False,,,prediction_jsonl,True
radar_bounded_crops,139,train,buoy,b4,False,,,prediction_jsonl,True
radar_bounded_crops,139,train,buoy,b5,False,,,prediction_jsonl,True
radar_bounded_crops,139,train,buoy,b6,False,,,prediction_jsonl,True
radar_bounded_crops,139,train,buoy,b7,False,,,prediction_jsonl,True
radar_bounded_crops,139,train,buoy,b8,False,,,prediction_jsonl,True
radar_bounded_crops,140,train,boat,boat,True,0.8261526556464712,0.7607470154762268,prediction_jsonl,True
radar_bounded_crops,140,train,buoy,b1,True,0.7819461593622322,0.28895825147628784,prediction_jsonl,True
radar_bounded_crops,140,train,buoy,b2,False,,,prediction_jsonl,True
radar_bounded_crops,140,train,buoy,b3,False,,,prediction_jsonl,True
radar_bounded_crops,140,train,buoy,b4,False,,,prediction_jsonl,True
radar_bounded_crops,140,train,buoy,b5,False,,,prediction_jsonl,True
radar_bounded_crops,140,train,buoy,b6,False,,,prediction_jsonl,True
radar_bounded_crops,140,train,buoy,b7,False,,,prediction_jsonl,True
radar_bounded_crops,140,train,buoy,b8,False,,,prediction_jsonl,True
radar_bounded_crops,141,train,boat,boat,True,0.7933811703806208,0.7607266902923584,prediction_jsonl,True
radar_bounded_crops,141,train,buoy,b1,True,0.8247338451693054,0.27856409549713135,prediction_jsonl,True
radar_bounded_crops,141,train,buoy,b2,False,,,prediction_jsonl,True
radar_bounded_crops,141,train,buoy,b3,False,,,prediction_jsonl,True
radar_bounded_crops,141,train,buoy,b4,False,,,prediction_jsonl,True
radar_bounded_crops,141,train,buoy,b5,False,,,prediction_jsonl,True
radar_bounded_crops,141,train,buoy,b6,False,,,prediction_jsonl,True
radar_bounded_crops,141,train,buoy,b7,False,,,prediction_jsonl,True
radar_bounded_crops,141,train,buoy,b8,False,,,prediction_jsonl,True
radar_bounded_crops,142,train,boat,boat,True,0.7363982588135296,0.7615372538566589,prediction_jsonl,True
radar_bounded_crops,142,train,buoy,b1,True,0.8250138507744919,0.27752405405044556,prediction_jsonl,True
radar_bounded_crops,142,train,buoy,b2,False,,,prediction_jsonl,True
radar_bounded_crops,142,train,buoy,b3,False,,,prediction_jsonl,True
radar_bounded_crops,142,train,buoy,b4,False,,,prediction_jsonl,True
radar_bounded_crops,142,train,buoy,b5,False,,,prediction_jsonl,True
radar_bounded_crops,142,train,buoy,b6,False,,,prediction_jsonl,True
radar_bounded_crops,142,train,buoy,b7,False,,,prediction_jsonl,True
radar_bounded_crops,142,train,buoy,b8,False,,,prediction_jsonl,True
radar_bounded_crops,143,train,boat,boat,True,0.7033027808937838,0.7698870301246643,prediction_jsonl,True
radar_bounded_crops,143,train,buoy,b1,True,0.8062461312898842,0.29959726333618164,prediction_jsonl,True
radar_bounded_crops,143,train,buoy,b2,False,,,prediction_jsonl,True
radar_bounded_crops,143,train,buoy,b3,False,,,prediction_jsonl,True
radar_bounded_crops,143,train,buoy,b4,False,,,prediction_jsonl,True
radar_bounded_crops,143,train,buoy,b5,False,,,prediction_jsonl,True
radar_bounded_crops,143,train,buoy,b6,False,,,prediction_jsonl,True
radar_bounded_crops,143,train,buoy,b7,False,,,prediction_jsonl,True
radar_bounded_crops,143,train,buoy,b8,False,,,prediction_jsonl,True
radar_bounded_crops,144,train,boat,boat,True,0.6973946851855345,0.7568355202674866,prediction_jsonl,True
radar_bounded_crops,144,train,buoy,b1,True,0.8032060127363313,0.2824738025665283,prediction_jsonl,True
radar_bounded_crops,144,train,buoy,b2,False,,,prediction_jsonl,True
radar_bounded_crops,144,train,buoy,b3,False,,,prediction_jsonl,True
radar_bounded_crops,144,train,buoy,b4,False,,,prediction_jsonl,True
radar_bounded_crops,144,train,buoy,b5,False,,,prediction_jsonl,True
radar_bounded_crops,144,train,buoy,b6,False,,,prediction_jsonl,True
radar_bounded_crops,144,train,buoy,b7,False,,,prediction_jsonl,True
radar_bounded_crops,144,train,buoy,b8,False,,,prediction_jsonl,True
radar_bounded_crops,145,train,boat,boat,True,0.7331578541715326,0.7550720572471619,prediction_jsonl,True
radar_bounded_crops,145,train,buoy,b1,True,0.7720016651818596,0.28519898653030396,prediction_jsonl,True
radar_bounded_crops,145,train,buoy,b2,False,,,prediction_jsonl,True
radar_bounded_crops,145,train,buoy,b3,False,,,prediction_jsonl,True
radar_bounded_crops,145,train,buoy,b4,False,,,prediction_jsonl,True
radar_bounded_crops,145,train,buoy,b5,False,,,prediction_jsonl,True
radar_bounded_crops,145,train,buoy,b6,False,,,prediction_jsonl,True
radar_bounded_crops,145,train,buoy,b7,False,,,prediction_jsonl,True
radar_bounded_crops,145,train,buoy,b8,False,,,prediction_jsonl,True
radar_bounded_crops,146,train,boat,boat,True,0.7127243107874498,0.7047351002693176,prediction_jsonl,True
radar_bounded_crops,146,train,buoy,b1,True,0.8192662961634192,0.28770774602890015,prediction_jsonl,True
radar_bounded_crops,146,train,buoy,b2,False,,,prediction_jsonl,True
radar_bounded_crops,146,train,buoy,b3,False,,,prediction_jsonl,True
radar_bounded_crops,146,train,buoy,b4,False,,,prediction_jsonl,True
radar_bounded_crops,146,train,buoy,b5,False,,,prediction_jsonl,True
radar_bounded_crops,146,train,buoy,b6,False,,,prediction_jsonl,True
radar_bounded_crops,146,train,buoy,b7,False,,,prediction_jsonl,True
radar_bounded_crops,146,train,buoy,b8,False,,,prediction_jsonl,True
radar_bounded_crops,147,train,boat,boat,True,0.6987469407069561,0.7575473785400391,prediction_jsonl,True
radar_bounded_crops,147,train,buoy,b1,True,0.7870089058101557,0.2942117750644684,prediction_jsonl,True
radar_bounded_crops,147,train,buoy,b2,False,,,prediction_jsonl,True
radar_bounded_crops,147,train,buoy,b3,False,,,prediction_jsonl,True
radar_bounded_crops,147,train,buoy,b4,False,,,prediction_jsonl,True
radar_bounded_crops,147,train,buoy,b5,False,,,prediction_jsonl,True
radar_bounded_crops,147,train,buoy,b6,False,,,prediction_jsonl,True
radar_bounded_crops,147,train,buoy,b7,False,,,prediction_jsonl,True
radar_bounded_crops,147,train,buoy,b8,False,,,prediction_jsonl,True
radar_bounded_crops,148,train,boat,boat,True,0.6922591608362317,0.7810835838317871,prediction_jsonl,True
radar_bounded_crops,148,train,buoy,b1,True,0.8275264360270254,0.29435285925865173,prediction_jsonl,True
radar_bounded_crops,148,train,buoy,b2,False,,,prediction_jsonl,True
radar_bounded_crops,148,train,buoy,b3,False,,,prediction_jsonl,True
radar_bounded_crops,148,train,buoy,b4,False,,,prediction_jsonl,True
radar_bounded_crops,148,train,buoy,b5,False,,,prediction_jsonl,True
radar_bounded_crops,148,train,buoy,b6,False,,,prediction_jsonl,True
radar_bounded_crops,148,train,buoy,b7,False,,,prediction_jsonl,True
radar_bounded_crops,148,train,buoy,b8,False,,,prediction_jsonl,True
radar_bounded_crops,149,train,boat,boat,True,0.7216822054193531,0.775200605392456,prediction_jsonl,True
radar_bounded_crops,149,train,buoy,b1,True,0.8534609005274814,0.3335018455982208,prediction_jsonl,True
radar_bounded_crops,149,train,buoy,b2,False,,,prediction_jsonl,True
radar_bounded_crops,149,train,buoy,b3,False,,,prediction_jsonl,True
radar_bounded_crops,149,train,buoy,b4,False,,,prediction_jsonl,True
radar_bounded_crops,149,train,buoy,b5,False,,,prediction_jsonl,True
radar_bounded_crops,149,train,buoy,b6,False,,,prediction_jsonl,True
radar_bounded_crops,149,train,buoy,b7,False,,,prediction_jsonl,True
radar_bounded_crops,149,train,buoy,b8,False,,,prediction_jsonl,True
radar_bounded_crops,150,train,boat,boat,True,0.7189792572260872,0.7716429233551025,prediction_jsonl,True
radar_bounded_crops,150,train,buoy,b1,True,0.87971083167176,0.32189303636550903,prediction_jsonl,True
radar_bounded_crops,150,train,buoy,b2,False,,,prediction_jsonl,True
radar_bounded_crops,150,train,buoy,b3,False,,,prediction_jsonl,True
radar_bounded_crops,150,train,buoy,b4,False,,,prediction_jsonl,True
radar_bounded_crops,150,train,buoy,b5,False,,,prediction_jsonl,True
radar_bounded_crops,150,train,buoy,b6,False,,,prediction_jsonl,True
radar_bounded_crops,150,train,buoy,b7,False,,,prediction_jsonl,True
radar_bounded_crops,150,train,buoy,b8,False,,,prediction_jsonl,True
radar_bounded_crops,151,train,boat,boat,True,0.8257512569451568,0.762704610824585,prediction_jsonl,True
radar_bounded_crops,151,train,buoy,b1,True,0.8791319937564985,0.31353968381881714,prediction_jsonl,True
radar_bounded_crops,151,train,buoy,b2,False,,,prediction_jsonl,True
radar_bounded_crops,151,train,buoy,b3,False,,,prediction_jsonl,True
radar_bounded_crops,151,train,buoy,b4,False,,,prediction_jsonl,True
radar_bounded_crops,151,train,buoy,b5,False,,,prediction_jsonl,True
radar_bounded_crops,151,train,buoy,b6,False,,,prediction_jsonl,True
radar_bounded_crops,151,train,buoy,b7,False,,,prediction_jsonl,True
radar_bounded_crops,151,train,buoy,b8,False,,,prediction_jsonl,True
radar_bounded_crops,152,train,boat,boat,True,0.756057029423072,0.7668858170509338,prediction_jsonl,True
radar_bounded_crops,152,train,buoy,b1,True,0.8749329581714148,0.2947016954421997,prediction_jsonl,True
radar_bounded_crops,152,train,buoy,b2,False,,,prediction_jsonl,True
radar_bounded_crops,152,train,buoy,b3,False,,,prediction_jsonl,True
radar_bounded_crops,152,train,buoy,b4,False,,,prediction_jsonl,True
radar_bounded_crops,152,train,buoy,b5,False,,,prediction_jsonl,True
radar_bounded_crops,152,train,buoy,b6,False,,,prediction_jsonl,True
radar_bounded_crops,152,train,buoy,b7,False,,,prediction_jsonl,True
radar_bounded_crops,152,train,buoy,b8,False,,,prediction_jsonl,True
radar_bounded_crops,153,train,boat,boat,True,0.8400137511818769,0.7717896699905396,prediction_jsonl,True
radar_bounded_crops,153,train,buoy,b1,True,0.8766260199373743,0.30822479724884033,prediction_jsonl,True
radar_bounded_crops,153,train,buoy,b2,False,,,prediction_jsonl,True
radar_bounded_crops,153,train,buoy,b3,False,,,prediction_jsonl,True
radar_bounded_crops,153,train,buoy,b4,False,,,prediction_jsonl,True
radar_bounded_crops,153,train,buoy,b5,False,,,prediction_jsonl,True
radar_bounded_crops,153,train,buoy,b6,False,,,prediction_jsonl,True
radar_bounded_crops,153,train,buoy,b7,False,,,prediction_jsonl,True
radar_bounded_crops,153,train,buoy,b8,False,,,prediction_jsonl,True
radar_bounded_crops,154,train,boat,boat,True,0.7246745812732863,0.7659717202186584,prediction_jsonl,True
radar_bounded_crops,154,train,buoy,b1,True,0.862046136093154,0.3167443871498108,prediction_jsonl,True
radar_bounded_crops,154,train,buoy,b2,False,,,prediction_jsonl,True
radar_bounded_crops,154,train,buoy,b3,False,,,prediction_jsonl,True
radar_bounded_crops,154,train,buoy,b4,False,,,prediction_jsonl,True
radar_bounded_crops,154,train,buoy,b5,False,,,prediction_jsonl,True
radar_bounded_crops,154,train,buoy,b6,False,,,prediction_jsonl,True
radar_bounded_crops,154,train,buoy,b7,False,,,prediction_jsonl,True
radar_bounded_crops,154,train,buoy,b8,False,,,prediction_jsonl,True
radar_bounded_crops,155,train,boat,boat,True,0.7097710089397913,0.7386614084243774,prediction_jsonl,True
radar_bounded_crops,155,train,buoy,b1,True,0.8891578432461743,0.3196430802345276,prediction_jsonl,True
radar_bounded_crops,155,train,buoy,b2,False,,,prediction_jsonl,True
radar_bounded_crops,155,train,buoy,b3,False,,,prediction_jsonl,True
radar_bounded_crops,155,train,buoy,b4,False,,,prediction_jsonl,True
radar_bounded_crops,155,train,buoy,b5,False,,,prediction_jsonl,True
radar_bounded_crops,155,train,buoy,b6,False,,,prediction_jsonl,True
radar_bounded_crops,155,train,buoy,b7,False,,,prediction_jsonl,True
radar_bounded_crops,155,train,buoy,b8,False,,,prediction_jsonl,True
radar_bounded_crops,156,train,boat,boat,True,0.8059186490968537,0.7953190207481384,prediction_jsonl,True
radar_bounded_crops,156,train,buoy,b1,True,0.8628858967412962,0.33551129698753357,prediction_jsonl,True
radar_bounded_crops,156,train,buoy,b2,False,,,prediction_jsonl,True
radar_bounded_crops,156,train,buoy,b3,False,,,prediction_jsonl,True
radar_bounded_crops,156,train,buoy,b4,False,,,prediction_jsonl,True
radar_bounded_crops,156,train,buoy,b5,False,,,prediction_jsonl,True
radar_bounded_crops,156,train,buoy,b6,False,,,prediction_jsonl,True
radar_bounded_crops,156,train,buoy,b7,False,,,prediction_jsonl,True
radar_bounded_crops,156,train,buoy,b8,False,,,prediction_jsonl,True
radar_bounded_crops,157,train,boat,boat,True,0.7449325037602336,0.7772205471992493,prediction_jsonl,True
radar_bounded_crops,157,train,buoy,b1,True,0.8927677321316043,0.3194553554058075,prediction_jsonl,True
radar_bounded_crops,157,train,buoy,b2,False,,,prediction_jsonl,True
radar_bounded_crops,157,train,buoy,b3,False,,,prediction_jsonl,True
radar_bounded_crops,157,train,buoy,b4,False,,,prediction_jsonl,True
radar_bounded_crops,157,train,buoy,b5,False,,,prediction_jsonl,True
radar_bounded_crops,157,train,buoy,b6,False,,,prediction_jsonl,True
radar_bounded_crops,157,train,buoy,b7,False,,,prediction_jsonl,True
radar_bounded_crops,157,train,buoy,b8,False,,,prediction_jsonl,True
radar_bounded_crops,158,train,boat,boat,True,0.7119616295893993,0.7610835433006287,prediction_jsonl,True
radar_bounded_crops,158,train,buoy,b1,True,0.8815630929860121,0.2996096909046173,prediction_jsonl,True
radar_bounded_crops,158,train,buoy,b2,False,,,prediction_jsonl,True
radar_bounded_crops,158,train,buoy,b3,False,,,prediction_jsonl,True
radar_bounded_crops,158,train,buoy,b4,False,,,prediction_jsonl,True
radar_bounded_crops,158,train,buoy,b5,False,,,prediction_jsonl,True
radar_bounded_crops,158,train,buoy,b6,False,,,prediction_jsonl,True
radar_bounded_crops,158,train,buoy,b7,False,,,prediction_jsonl,True
radar_bounded_crops,158,train,buoy,b8,False,,,prediction_jsonl,True
radar_bounded_crops,159,train,boat,boat,True,0.8221120166634351,0.7324385643005371,prediction_jsonl,True
radar_bounded_crops,159,train,buoy,b1,True,0.7990989924419162,0.26715439558029175,prediction_jsonl,True
radar_bounded_crops,159,train,buoy,b2,False,,,prediction_jsonl,True
radar_bounded_crops,159,train,buoy,b3,False,,,prediction_jsonl,True
radar_bounded_crops,159,train,buoy,b4,False,,,prediction_jsonl,True
radar_bounded_crops,159,train,buoy,b5,False,,,prediction_jsonl,True
radar_bounded_crops,159,train,buoy,b6,False,,,prediction_jsonl,True
radar_bounded_crops,159,train,buoy,b7,False,,,prediction_jsonl,True
radar_bounded_crops,159,train,buoy,b8,False,,,prediction_jsonl,True
radar_bounded_crops,160,train,boat,boat,True,0.79667193367084,0.7145341038703918,prediction_jsonl,True
radar_bounded_crops,160,train,buoy,b1,True,0.8149524965772629,0.24089296162128448,prediction_jsonl,True
radar_bounded_crops,160,train,buoy,b2,True,0.7965975607993554,0.1944209337234497,prediction_jsonl,True
radar_bounded_crops,160,train,buoy,b3,False,,,prediction_jsonl,True
radar_bounded_crops,160,train,buoy,b4,False,,,prediction_jsonl,True
radar_bounded_crops,160,train,buoy,b5,False,,,prediction_jsonl,True
radar_bounded_crops,160,train,buoy,b6,False,,,prediction_jsonl,True
radar_bounded_crops,160,train,buoy,b7,False,,,prediction_jsonl,True
radar_bounded_crops,160,train,buoy,b8,False,,,prediction_jsonl,True
radar_bounded_crops,161,train,boat,boat,True,0.8088070454355876,0.7279039025306702,prediction_jsonl,True
radar_bounded_crops,161,train,buoy,b1,True,0.8346520823576684,0.25412100553512573,prediction_jsonl,True
radar_bounded_crops,161,train,buoy,b2,True,0.6967511035379723,0.18107883632183075,prediction_jsonl,True
radar_bounded_crops,161,train,buoy,b3,False,,,prediction_jsonl,True
radar_bounded_crops,161,train,buoy,b4,False,,,prediction_jsonl,True
radar_bounded_crops,161,train,buoy,b5,False,,,prediction_jsonl,True
radar_bounded_crops,161,train,buoy,b6,False,,,prediction_jsonl,True
radar_bounded_crops,161,train,buoy,b7,False,,,prediction_jsonl,True
radar_bounded_crops,161,train,buoy,b8,False,,,prediction_jsonl,True
radar_bounded_crops,162,train,boat,boat,True,0.7428259604659553,0.7274720668792725,prediction_jsonl,True
radar_bounded_crops,162,train,buoy,b1,True,0.8301851551029208,0.2304505705833435,prediction_jsonl,True
radar_bounded_crops,162,train,buoy,b2,False,,,prediction_jsonl,True
radar_bounded_crops,162,train,buoy,b3,False,,,prediction_jsonl,True
radar_bounded_crops,162,train,buoy,b4,False,,,prediction_jsonl,True
radar_bounded_crops,162,train,buoy,b5,False,,,prediction_jsonl,True
radar_bounded_crops,162,train,buoy,b6,False,,,prediction_jsonl,True
radar_bounded_crops,162,train,buoy,b7,False,,,prediction_jsonl,True
radar_bounded_crops,162,train,buoy,b8,False,,,prediction_jsonl,True
radar_bounded_crops,163,train,boat,boat,True,0.7552863665517823,0.7183157205581665,prediction_jsonl,True
radar_bounded_crops,163,train,buoy,b1,True,0.8346930026895567,0.26349303126335144,prediction_jsonl,True
radar_bounded_crops,163,train,buoy,b2,True,0.7146677207815245,0.19003218412399292,prediction_jsonl,True
radar_bounded_crops,163,train,buoy,b3,False,,,prediction_jsonl,True
radar_bounded_crops,163,train,buoy,b4,False,,,prediction_jsonl,True
radar_bounded_crops,163,train,buoy,b5,False,,,prediction_jsonl,True
radar_bounded_crops,163,train,buoy,b6,False,,,prediction_jsonl,True
radar_bounded_crops,163,train,buoy,b7,False,,,prediction_jsonl,True
radar_bounded_crops,163,train,buoy,b8,False,,,prediction_jsonl,True
radar_bounded_crops,164,train,boat,boat,True,0.7046216204422955,0.7295365929603577,prediction_jsonl,True
radar_bounded_crops,164,train,buoy,b1,True,0.8137748065797323,0.29122209548950195,prediction_jsonl,True
radar_bounded_crops,164,train,buoy,b2,False,,,prediction_jsonl,True
radar_bounded_crops,164,train,buoy,b3,False,,,prediction_jsonl,True
radar_bounded_crops,164,train,buoy,b4,False,,,prediction_jsonl,True
radar_bounded_crops,164,train,buoy,b5,False,,,prediction_jsonl,True
radar_bounded_crops,164,train,buoy,b6,False,,,prediction_jsonl,True
radar_bounded_crops,164,train,buoy,b7,False,,,prediction_jsonl,True
radar_bounded_crops,164,train,buoy,b8,False,,,prediction_jsonl,True
radar_bounded_crops,165,train,boat,boat,True,0.731720988105725,0.7237855195999146,prediction_jsonl,True
radar_bounded_crops,165,train,buoy,b1,True,0.8141623183615648,0.29435229301452637,prediction_jsonl,True
radar_bounded_crops,165,train,buoy,b2,True,0.7232868883740771,0.18123118579387665,prediction_jsonl,True
radar_bounded_crops,165,train,buoy,b3,False,,,prediction_jsonl,True
radar_bounded_crops,165,train,buoy,b4,False,,,prediction_jsonl,True
radar_bounded_crops,165,train,buoy,b5,False,,,prediction_jsonl,True
radar_bounded_crops,165,train,buoy,b6,False,,,prediction_jsonl,True
radar_bounded_crops,165,train,buoy,b7,False,,,prediction_jsonl,True
radar_bounded_crops,165,train,buoy,b8,False,,,prediction_jsonl,True
radar_bounded_crops,166,train,boat,boat,True,0.7721694202083063,0.7174124717712402,prediction_jsonl,True
radar_bounded_crops,166,train,buoy,b1,True,0.8193393795980128,0.277132123708725,prediction_jsonl,True
radar_bounded_crops,166,train,buoy,b2,False,,,prediction_jsonl,True
radar_bounded_crops,166,train,buoy,b3,False,,,prediction_jsonl,True
radar_bounded_crops,166,train,buoy,b4,False,,,prediction_jsonl,True
radar_bounded_crops,166,train,buoy,b5,False,,,prediction_jsonl,True
radar_bounded_crops,166,train,buoy,b6,False,,,prediction_jsonl,True
radar_bounded_crops,166,train,buoy,b7,False,,,prediction_jsonl,True
radar_bounded_crops,166,train,buoy,b8,False,,,prediction_jsonl,True
radar_bounded_crops,167,train,boat,boat,True,0.8120629839417132,0.7257693409919739,prediction_jsonl,True
radar_bounded_crops,167,train,buoy,b1,True,0.8028625884742411,0.24522684514522552,prediction_jsonl,True
radar_bounded_crops,167,train,buoy,b2,False,,,prediction_jsonl,True
radar_bounded_crops,167,train,buoy,b3,False,,,prediction_jsonl,True
radar_bounded_crops,167,train,buoy,b4,False,,,prediction_jsonl,True
radar_bounded_crops,167,train,buoy,b5,False,,,prediction_jsonl,True
radar_bounded_crops,167,train,buoy,b6,False,,,prediction_jsonl,True
radar_bounded_crops,167,train,buoy,b7,False,,,prediction_jsonl,True
radar_bounded_crops,167,train,buoy,b8,False,,,prediction_jsonl,True
radar_bounded_crops,168,train,boat,boat,True,0.8124080515758944,0.7290793657302856,prediction_jsonl,True
radar_bounded_crops,168,train,buoy,b1,True,0.8217110642664949,0.26123228669166565,prediction_jsonl,True
radar_bounded_crops,168,train,buoy,b2,True,0.7479690501668782,0.19702906906604767,prediction_jsonl,True
radar_bounded_crops,168,train,buoy,b3,False,,,prediction_jsonl,True
radar_bounded_crops,168,train,buoy,b4,False,,,prediction_jsonl,True
radar_bounded_crops,168,train,buoy,b5,False,,,prediction_jsonl,True
radar_bounded_crops,168,train,buoy,b6,False,,,prediction_jsonl,True
radar_bounded_crops,168,train,buoy,b7,False,,,prediction_jsonl,True
radar_bounded_crops,168,train,buoy,b8,False,,,prediction_jsonl,True
radar_bounded_crops,169,train,boat,boat,True,0.7159216478409512,0.7214629054069519,prediction_jsonl,True
radar_bounded_crops,169,train,buoy,b1,True,0.8879818233459932,0.24516789615154266,prediction_jsonl,True
radar_bounded_crops,169,train,buoy,b2,True,0.710763838196853,0.18038545548915863,prediction_jsonl,True
radar_bounded_crops,169,train,buoy,b3,False,,,prediction_jsonl,True
radar_bounded_crops,169,train,buoy,b4,False,,,prediction_jsonl,True
radar_bounded_crops,169,train,buoy,b5,False,,,prediction_jsonl,True
radar_bounded_crops,169,train,buoy,b6,False,,,prediction_jsonl,True
radar_bounded_crops,169,train,buoy,b7,False,,,prediction_jsonl,True
radar_bounded_crops,169,train,buoy,b8,False,,,prediction_jsonl,True
radar_bounded_crops,170,train,boat,boat,True,0.72389197386294,0.721169650554657,prediction_jsonl,True
radar_bounded_crops,170,train,buoy,b1,True,0.8682391928668838,0.24332697689533234,prediction_jsonl,True
radar_bounded_crops,170,train,buoy,b2,False,,,prediction_jsonl,True
radar_bounded_crops,170,train,buoy,b3,False,,,prediction_jsonl,True
radar_bounded_crops,170,train,buoy,b4,False,,,prediction_jsonl,True
radar_bounded_crops,170,train,buoy,b5,False,,,prediction_jsonl,True
radar_bounded_crops,170,train,buoy,b6,False,,,prediction_jsonl,True
radar_bounded_crops,170,train,buoy,b7,False,,,prediction_jsonl,True
radar_bounded_crops,170,train,buoy,b8,False,,,prediction_jsonl,True
radar_bounded_crops,171,train,boat,boat,True,0.748309625859771,0.7273277044296265,prediction_jsonl,True
radar_bounded_crops,171,train,buoy,b1,True,0.8701085891686432,0.2265554964542389,prediction_jsonl,True
radar_bounded_crops,171,train,buoy,b2,False,,,prediction_jsonl,True
radar_bounded_crops,171,train,buoy,b3,False,,,prediction_jsonl,True
radar_bounded_crops,171,train,buoy,b4,False,,,prediction_jsonl,True
radar_bounded_crops,171,train,buoy,b5,False,,,prediction_jsonl,True
radar_bounded_crops,171,train,buoy,b6,False,,,prediction_jsonl,True
radar_bounded_crops,171,train,buoy,b7,False,,,prediction_jsonl,True
radar_bounded_crops,171,train,buoy,b8,False,,,prediction_jsonl,True
radar_bounded_crops,172,train,boat,boat,True,0.7808116560071895,0.7277676463127136,prediction_jsonl,True
radar_bounded_crops,172,train,buoy,b1,True,0.863187513974557,0.21592071652412415,prediction_jsonl,True
radar_bounded_crops,172,train,buoy,b2,False,,,prediction_jsonl,True
radar_bounded_crops,172,train,buoy,b3,False,,,prediction_jsonl,True
radar_bounded_crops,172,train,buoy,b4,False,,,prediction_jsonl,True
radar_bounded_crops,172,train,buoy,b5,False,,,prediction_jsonl,True
radar_bounded_crops,172,train,buoy,b6,False,,,prediction_jsonl,True
radar_bounded_crops,172,train,buoy,b7,False,,,prediction_jsonl,True
radar_bounded_crops,172,train,buoy,b8,False,,,prediction_jsonl,True
radar_bounded_crops,173,train,boat,boat,True,0.7490670597834397,0.7096697688102722,prediction_jsonl,True
radar_bounded_crops,173,train,buoy,b1,True,0.8803659375918154,0.2140091210603714,prediction_jsonl,True
radar_bounded_crops,173,train,buoy,b2,False,,,prediction_jsonl,True
radar_bounded_crops,173,train,buoy,b3,False,,,prediction_jsonl,True
radar_bounded_crops,173,train,buoy,b4,False,,,prediction_jsonl,True
radar_bounded_crops,173,train,buoy,b5,False,,,prediction_jsonl,True
radar_bounded_crops,173,train,buoy,b6,False,,,prediction_jsonl,True
radar_bounded_crops,173,train,buoy,b7,False,,,prediction_jsonl,True
radar_bounded_crops,173,train,buoy,b8,False,,,prediction_jsonl,True
radar_bounded_crops,174,train,boat,boat,True,0.6997695059629276,0.7196739912033081,prediction_jsonl,True
radar_bounded_crops,174,train,buoy,b1,True,0.8802820895939705,0.20512253046035767,prediction_jsonl,True
radar_bounded_crops,174,train,buoy,b2,False,,,prediction_jsonl,True
radar_bounded_crops,174,train,buoy,b3,False,,,prediction_jsonl,True
radar_bounded_crops,174,train,buoy,b4,False,,,prediction_jsonl,True
radar_bounded_crops,174,train,buoy,b5,False,,,prediction_jsonl,True
radar_bounded_crops,174,train,buoy,b6,False,,,prediction_jsonl,True
radar_bounded_crops,174,train,buoy,b7,False,,,prediction_jsonl,True
radar_bounded_crops,174,train,buoy,b8,False,,,prediction_jsonl,True
radar_bounded_crops,175,train,boat,boat,True,0.7056151464403292,0.7265429496765137,prediction_jsonl,True
radar_bounded_crops,175,train,buoy,b1,True,0.8809879587345288,0.22317682206630707,prediction_jsonl,True
radar_bounded_crops,175,train,buoy,b2,False,,,prediction_jsonl,True
radar_bounded_crops,175,train,buoy,b3,False,,,prediction_jsonl,True
radar_bounded_crops,175,train,buoy,b4,False,,,prediction_jsonl,True
radar_bounded_crops,175,train,buoy,b5,False,,,prediction_jsonl,True
radar_bounded_crops,175,train,buoy,b6,False,,,prediction_jsonl,True
radar_bounded_crops,175,train,buoy,b7,False,,,prediction_jsonl,True
radar_bounded_crops,175,train,buoy,b8,False,,,prediction_jsonl,True
radar_bounded_crops,176,train,boat,boat,True,0.7265521254921203,0.7072324752807617,prediction_jsonl,True
radar_bounded_crops,176,train,buoy,b1,True,0.8912183958658044,0.21118053793907166,prediction_jsonl,True
radar_bounded_crops,176,train,buoy,b2,False,,,prediction_jsonl,True
radar_bounded_crops,176,train,buoy,b3,False,,,prediction_jsonl,True
radar_bounded_crops,176,train,buoy,b4,False,,,prediction_jsonl,True
radar_bounded_crops,176,train,buoy,b5,False,,,prediction_jsonl,True
radar_bounded_crops,176,train,buoy,b6,False,,,prediction_jsonl,True
radar_bounded_crops,176,train,buoy,b7,False,,,prediction_jsonl,True
radar_bounded_crops,176,train,buoy,b8,False,,,prediction_jsonl,True
radar_bounded_crops,177,train,boat,boat,True,0.7269796006333501,0.7126321792602539,prediction_jsonl,True
radar_bounded_crops,177,train,buoy,b1,True,0.8694884272733684,0.21558484435081482,prediction_jsonl,True
radar_bounded_crops,177,train,buoy,b2,False,,,prediction_jsonl,True
radar_bounded_crops,177,train,buoy,b3,False,,,prediction_jsonl,True
radar_bounded_crops,177,train,buoy,b4,False,,,prediction_jsonl,True
radar_bounded_crops,177,train,buoy,b5,False,,,prediction_jsonl,True
radar_bounded_crops,177,train,buoy,b6,False,,,prediction_jsonl,True
radar_bounded_crops,177,train,buoy,b7,False,,,prediction_jsonl,True
radar_bounded_crops,177,train,buoy,b8,False,,,prediction_jsonl,True
radar_bounded_crops,178,train,boat,boat,True,0.7351056518178937,0.7238406538963318,prediction_jsonl,True
radar_bounded_crops,178,train,buoy,b1,True,0.8652482667055715,0.22775128483772278,prediction_jsonl,True
radar_bounded_crops,178,train,buoy,b2,False,,,prediction_jsonl,True
radar_bounded_crops,178,train,buoy,b3,False,,,prediction_jsonl,True
radar_bounded_crops,178,train,buoy,b4,False,,,prediction_jsonl,True
radar_bounded_crops,178,train,buoy,b5,False,,,prediction_jsonl,True
radar_bounded_crops,178,train,buoy,b6,False,,,prediction_jsonl,True
radar_bounded_crops,178,train,buoy,b7,False,,,prediction_jsonl,True
radar_bounded_crops,178,train,buoy,b8,False,,,prediction_jsonl,True
radar_bounded_crops,179,train,boat,boat,True,0.7761488360064221,0.7220029234886169,prediction_jsonl,True
radar_bounded_crops,179,train,buoy,b1,True,0.8487039044272721,0.2680543065071106,prediction_jsonl,True
radar_bounded_crops,179,train,buoy,b2,False,,,prediction_jsonl,True
radar_bounded_crops,179,train,buoy,b3,False,,,prediction_jsonl,True
radar_bounded_crops,179,train,buoy,b4,False,,,prediction_jsonl,True
radar_bounded_crops,179,train,buoy,b5,False,,,prediction_jsonl,True
radar_bounded_crops,179,train,buoy,b6,False,,,prediction_jsonl,True
radar_bounded_crops,179,train,buoy,b7,False,,,prediction_jsonl,True
radar_bounded_crops,179,train,buoy,b8,False,,,prediction_jsonl,True
radar_bounded_crops,180,train,boat,boat,True,0.8139299309728589,0.7312207221984863,prediction_jsonl,True
radar_bounded_crops,180,train,buoy,b1,True,0.8658904795785318,0.27800285816192627,prediction_jsonl,True
radar_bounded_crops,180,train,buoy,b2,False,,,prediction_jsonl,True
radar_bounded_crops,180,train,buoy,b3,False,,,prediction_jsonl,True
radar_bounded_crops,180,train,buoy,b4,False,,,prediction_jsonl,True
radar_bounded_crops,180,train,buoy,b5,False,,,prediction_jsonl,True
radar_bounded_crops,180,train,buoy,b6,False,,,prediction_jsonl,True
radar_bounded_crops,180,train,buoy,b7,False,,,prediction_jsonl,True
radar_bounded_crops,180,train,buoy,b8,False,,,prediction_jsonl,True
radar_bounded_crops,181,train,boat,boat,True,0.7478933671601543,0.7200383543968201,prediction_jsonl,True
radar_bounded_crops,181,train,buoy,b1,True,0.8621319080582845,0.26868149638175964,prediction_jsonl,True
radar_bounded_crops,181,train,buoy,b2,True,0.7645096985702052,0.18202880024909973,prediction_jsonl,True
radar_bounded_crops,181,train,buoy,b3,False,,,prediction_jsonl,True
radar_bounded_crops,181,train,buoy,b4,False,,,prediction_jsonl,True
radar_bounded_crops,181,train,buoy,b5,False,,,prediction_jsonl,True
radar_bounded_crops,181,train,buoy,b6,False,,,prediction_jsonl,True
radar_bounded_crops,181,train,buoy,b7,False,,,prediction_jsonl,True
radar_bounded_crops,181,train,buoy,b8,False,,,prediction_jsonl,True
radar_bounded_crops,182,train,boat,boat,True,0.8089346486472484,0.7149699926376343,prediction_jsonl,True
radar_bounded_crops,182,train,buoy,b1,True,0.8595292200455725,0.27451226115226746,prediction_jsonl,True
radar_bounded_crops,182,train,buoy,b2,False,,,prediction_jsonl,True
radar_bounded_crops,182,train,buoy,b3,False,,,prediction_jsonl,True
radar_bounded_crops,182,train,buoy,b4,False,,,prediction_jsonl,True
radar_bounded_crops,182,train,buoy,b5,False,,,prediction_jsonl,True
radar_bounded_crops,182,train,buoy,b6,False,,,prediction_jsonl,True
radar_bounded_crops,182,train,buoy,b7,False,,,prediction_jsonl,True
radar_bounded_crops,182,train,buoy,b8,False,,,prediction_jsonl,True
radar_bounded_crops,183,train,boat,boat,True,0.8410477537902603,0.7134543061256409,prediction_jsonl,True
radar_bounded_crops,183,train,buoy,b1,True,0.8615708017575943,0.2958301305770874,prediction_jsonl,True
radar_bounded_crops,183,train,buoy,b2,False,,,prediction_jsonl,True
radar_bounded_crops,183,train,buoy,b3,False,,,prediction_jsonl,True
radar_bounded_crops,183,train,buoy,b4,False,,,prediction_jsonl,True
radar_bounded_crops,183,train,buoy,b5,False,,,prediction_jsonl,True
radar_bounded_crops,183,train,buoy,b6,False,,,prediction_jsonl,True
radar_bounded_crops,183,train,buoy,b7,False,,,prediction_jsonl,True
radar_bounded_crops,183,train,buoy,b8,False,,,prediction_jsonl,True
radar_bounded_crops,184,train,boat,boat,True,0.7857826281826599,0.7194604873657227,prediction_jsonl,True
radar_bounded_crops,184,train,buoy,b1,True,0.8469666982684022,0.3152782917022705,prediction_jsonl,True
radar_bounded_crops,184,train,buoy,b2,False,,,prediction_jsonl,True
radar_bounded_crops,184,train,buoy,b3,False,,,prediction_jsonl,True
radar_bounded_crops,184,train,buoy,b4,False,,,prediction_jsonl,True
radar_bounded_crops,184,train,buoy,b5,False,,,prediction_jsonl,True
radar_bounded_crops,184,train,buoy,b6,False,,,prediction_jsonl,True
radar_bounded_crops,184,train,buoy,b7,False,,,prediction_jsonl,True
radar_bounded_crops,184,train,buoy,b8,False,,,prediction_jsonl,True
radar_bounded_crops,185,train,boat,boat,True,0.7755717958496614,0.7212070822715759,prediction_jsonl,True
radar_bounded_crops,185,train,buoy,b1,True,0.8563824376758951,0.2993027865886688,prediction_jsonl,True
radar_bounded_crops,185,train,buoy,b2,False,,,prediction_jsonl,True
radar_bounded_crops,185,train,buoy,b3,False,,,prediction_jsonl,True
radar_bounded_crops,185,train,buoy,b4,False,,,prediction_jsonl,True
radar_bounded_crops,185,train,buoy,b5,False,,,prediction_jsonl,True
radar_bounded_crops,185,train,buoy,b6,False,,,prediction_jsonl,True
radar_bounded_crops,185,train,buoy,b7,False,,,prediction_jsonl,True
radar_bounded_crops,185,train,buoy,b8,False,,,prediction_jsonl,True
radar_bounded_crops,186,train,boat,boat,True,0.8106987212150149,0.7101492881774902,prediction_jsonl,True
radar_bounded_crops,186,train,buoy,b1,True,0.8592812516337215,0.2846151292324066,prediction_jsonl,True
radar_bounded_crops,186,train,buoy,b2,False,,,prediction_jsonl,True
radar_bounded_crops,186,train,buoy,b3,False,,,prediction_jsonl,True
radar_bounded_crops,186,train,buoy,b4,False,,,prediction_jsonl,True
radar_bounded_crops,186,train,buoy,b5,False,,,prediction_jsonl,True
radar_bounded_crops,186,train,buoy,b6,False,,,prediction_jsonl,True
radar_bounded_crops,186,train,buoy,b7,False,,,prediction_jsonl,True
radar_bounded_crops,186,train,buoy,b8,False,,,prediction_jsonl,True
radar_bounded_crops,187,train,boat,boat,True,0.8156332157845189,0.7171339392662048,prediction_jsonl,True
radar_bounded_crops,187,train,buoy,b1,True,0.8725222758761269,0.29356980323791504,prediction_jsonl,True
radar_bounded_crops,187,train,buoy,b2,False,,,prediction_jsonl,True
radar_bounded_crops,187,train,buoy,b3,False,,,prediction_jsonl,True
radar_bounded_crops,187,train,buoy,b4,False,,,prediction_jsonl,True
radar_bounded_crops,187,train,buoy,b5,False,,,prediction_jsonl,True
radar_bounded_crops,187,train,buoy,b6,False,,,prediction_jsonl,True
radar_bounded_crops,187,train,buoy,b7,False,,,prediction_jsonl,True
radar_bounded_crops,187,train,buoy,b8,False,,,prediction_jsonl,True
radar_bounded_crops,188,train,boat,boat,True,0.7641682987160855,0.727739155292511,prediction_jsonl,True
radar_bounded_crops,188,train,buoy,b1,True,0.8350431822750918,0.32196933031082153,prediction_jsonl,True
radar_bounded_crops,188,train,buoy,b2,False,,,prediction_jsonl,True
radar_bounded_crops,188,train,buoy,b3,False,,,prediction_jsonl,True
radar_bounded_crops,188,train,buoy,b4,False,,,prediction_jsonl,True
radar_bounded_crops,188,train,buoy,b5,False,,,prediction_jsonl,True
radar_bounded_crops,188,train,buoy,b6,False,,,prediction_jsonl,True
radar_bounded_crops,188,train,buoy,b7,False,,,prediction_jsonl,True
radar_bounded_crops,188,train,buoy,b8,False,,,prediction_jsonl,True
radar_bounded_crops,189,train,boat,boat,True,0.7823290777752876,0.7377575039863586,prediction_jsonl,True
radar_bounded_crops,189,train,buoy,b1,True,0.8122492096988118,0.3375621438026428,prediction_jsonl,True
radar_bounded_crops,189,train,buoy,b2,False,,,prediction_jsonl,True
radar_bounded_crops,189,train,buoy,b3,False,,,prediction_jsonl,True
radar_bounded_crops,189,train,buoy,b4,False,,,prediction_jsonl,True
radar_bounded_crops,189,train,buoy,b5,False,,,prediction_jsonl,True
radar_bounded_crops,189,train,buoy,b6,False,,,prediction_jsonl,True
radar_bounded_crops,189,train,buoy,b7,False,,,prediction_jsonl,True
radar_bounded_crops,189,train,buoy,b8,False,,,prediction_jsonl,True
radar_bounded_crops,190,train,boat,boat,True,0.733936064380373,0.7221372723579407,prediction_jsonl,True
radar_bounded_crops,190,train,buoy,b1,True,0.7831503806890715,0.31273210048675537,prediction_jsonl,True
radar_bounded_crops,190,train,buoy,b2,False,,,prediction_jsonl,True
radar_bounded_crops,190,train,buoy,b3,False,,,prediction_jsonl,True
radar_bounded_crops,190,train,buoy,b4,False,,,prediction_jsonl,True
radar_bounded_crops,190,train,buoy,b5,False,,,prediction_jsonl,True
radar_bounded_crops,190,train,buoy,b6,False,,,prediction_jsonl,True
radar_bounded_crops,190,train,buoy,b7,False,,,prediction_jsonl,True
radar_bounded_crops,190,train,buoy,b8,False,,,prediction_jsonl,True
radar_bounded_crops,191,train,boat,boat,True,0.7954132645600867,0.7328304052352905,prediction_jsonl,True
radar_bounded_crops,191,train,buoy,b1,True,0.8095654451808217,0.3000308871269226,prediction_jsonl,True
radar_bounded_crops,191,train,buoy,b2,False,,,prediction_jsonl,True
radar_bounded_crops,191,train,buoy,b3,False,,,prediction_jsonl,True
radar_bounded_crops,191,train,buoy,b4,False,,,prediction_jsonl,True
radar_bounded_crops,191,train,buoy,b5,False,,,prediction_jsonl,True
radar_bounded_crops,191,train,buoy,b6,False,,,prediction_jsonl,True
radar_bounded_crops,191,train,buoy,b7,False,,,prediction_jsonl,True
radar_bounded_crops,191,train,buoy,b8,False,,,prediction_jsonl,True
radar_bounded_crops,192,train,boat,boat,True,0.7673405999344683,0.7317730784416199,prediction_jsonl,True
radar_bounded_crops,192,train,buoy,b1,True,0.8135951516138218,0.28212180733680725,prediction_jsonl,True
radar_bounded_crops,192,train,buoy,b2,False,,,prediction_jsonl,True
radar_bounded_crops,192,train,buoy,b3,False,,,prediction_jsonl,True
radar_bounded_crops,192,train,buoy,b4,False,,,prediction_jsonl,True
radar_bounded_crops,192,train,buoy,b5,False,,,prediction_jsonl,True
radar_bounded_crops,192,train,buoy,b6,False,,,prediction_jsonl,True
radar_bounded_crops,192,train,buoy,b7,False,,,prediction_jsonl,True
radar_bounded_crops,192,train,buoy,b8,False,,,prediction_jsonl,True
radar_bounded_crops,193,train,boat,boat,True,0.7907788090700023,0.7288837432861328,prediction_jsonl,True
radar_bounded_crops,193,train,buoy,b1,True,0.8060312853883381,0.2928616404533386,prediction_jsonl,True
radar_bounded_crops,193,train,buoy,b2,False,,,prediction_jsonl,True
radar_bounded_crops,193,train,buoy,b3,False,,,prediction_jsonl,True
radar_bounded_crops,193,train,buoy,b4,False,,,prediction_jsonl,True
radar_bounded_crops,193,train,buoy,b5,False,,,prediction_jsonl,True
radar_bounded_crops,193,train,buoy,b6,False,,,prediction_jsonl,True
radar_bounded_crops,193,train,buoy,b7,False,,,prediction_jsonl,True
radar_bounded_crops,193,train,buoy,b8,False,,,prediction_jsonl,True
radar_bounded_crops,194,train,boat,boat,True,0.8119811140119327,0.7354897856712341,prediction_jsonl,True
radar_bounded_crops,194,train,buoy,b1,True,0.800043620181177,0.282601535320282,prediction_jsonl,True
radar_bounded_crops,194,train,buoy,b2,False,,,prediction_jsonl,True
radar_bounded_crops,194,train,buoy,b3,False,,,prediction_jsonl,True
radar_bounded_crops,194,train,buoy,b4,False,,,prediction_jsonl,True
radar_bounded_crops,194,train,buoy,b5,False,,,prediction_jsonl,True
radar_bounded_crops,194,train,buoy,b6,False,,,prediction_jsonl,True
radar_bounded_crops,194,train,buoy,b7,False,,,prediction_jsonl,True
radar_bounded_crops,194,train,buoy,b8,False,,,prediction_jsonl,True
radar_bounded_crops,195,train,boat,boat,True,0.8051327635447093,0.7286142706871033,prediction_jsonl,True
radar_bounded_crops,195,train,buoy,b1,True,0.8290580086758043,0.29154402017593384,prediction_jsonl,True
radar_bounded_crops,195,train,buoy,b2,False,,,prediction_jsonl,True
radar_bounded_crops,195,train,buoy,b3,False,,,prediction_jsonl,True
radar_bounded_crops,195,train,buoy,b4,False,,,prediction_jsonl,True
radar_bounded_crops,195,train,buoy,b5,False,,,prediction_jsonl,True
radar_bounded_crops,195,train,buoy,b6,False,,,prediction_jsonl,True
radar_bounded_crops,195,train,buoy,b7,False,,,prediction_jsonl,True
radar_bounded_crops,195,train,buoy,b8,False,,,prediction_jsonl,True
radar_bounded_crops,196,train,boat,boat,True,0.8041376835266555,0.7274735569953918,prediction_jsonl,True
radar_bounded_crops,196,train,buoy,b1,True,0.7973947524793247,0.29358381032943726,prediction_jsonl,True
radar_bounded_crops,196,train,buoy,b2,False,,,prediction_jsonl,True
radar_bounded_crops,196,train,buoy,b3,False,,,prediction_jsonl,True
radar_bounded_crops,196,train,buoy,b4,False,,,prediction_jsonl,True
radar_bounded_crops,196,train,buoy,b5,False,,,prediction_jsonl,True
radar_bounded_crops,196,train,buoy,b6,False,,,prediction_jsonl,True
radar_bounded_crops,196,train,buoy,b7,False,,,prediction_jsonl,True
radar_bounded_crops,196,train,buoy,b8,False,,,prediction_jsonl,True
radar_bounded_crops,197,train,boat,boat,True,0.7954057834079503,0.7329797148704529,prediction_jsonl,True
radar_bounded_crops,197,train,buoy,b1,True,0.8170748506993981,0.28196653723716736,prediction_jsonl,True
radar_bounded_crops,197,train,buoy,b2,False,,,prediction_jsonl,True
radar_bounded_crops,197,train,buoy,b3,False,,,prediction_jsonl,True
radar_bounded_crops,197,train,buoy,b4,False,,,prediction_jsonl,True
radar_bounded_crops,197,train,buoy,b5,False,,,prediction_jsonl,True
radar_bounded_crops,197,train,buoy,b6,False,,,prediction_jsonl,True
radar_bounded_crops,197,train,buoy,b7,False,,,prediction_jsonl,True
radar_bounded_crops,197,train,buoy,b8,False,,,prediction_jsonl,True
radar_bounded_crops,198,train,boat,boat,True,0.7990018209272771,0.7231416702270508,prediction_jsonl,True
radar_bounded_crops,198,train,buoy,b1,True,0.8157160252575701,0.2635727524757385,prediction_jsonl,True
radar_bounded_crops,198,train,buoy,b2,False,,,prediction_jsonl,True
radar_bounded_crops,198,train,buoy,b3,False,,,prediction_jsonl,True
radar_bounded_crops,198,train,buoy,b4,False,,,prediction_jsonl,True
radar_bounded_crops,198,train,buoy,b5,False,,,prediction_jsonl,True
radar_bounded_crops,198,train,buoy,b6,False,,,prediction_jsonl,True
radar_bounded_crops,198,train,buoy,b7,False,,,prediction_jsonl,True
radar_bounded_crops,198,train,buoy,b8,False,,,prediction_jsonl,True
radar_bounded_crops,199,train,boat,boat,True,0.8195178075262513,0.7694490551948547,prediction_jsonl,True
radar_bounded_crops,199,train,buoy,b1,True,0.8917804577403733,0.2931833863258362,prediction_jsonl,True
radar_bounded_crops,199,train,buoy,b2,False,,,prediction_jsonl,True
radar_bounded_crops,199,train,buoy,b3,False,,,prediction_jsonl,True
radar_bounded_crops,199,train,buoy,b4,False,,,prediction_jsonl,True
radar_bounded_crops,199,train,buoy,b5,False,,,prediction_jsonl,True
radar_bounded_crops,199,train,buoy,b6,False,,,prediction_jsonl,True
radar_bounded_crops,199,train,buoy,b7,False,,,prediction_jsonl,True
radar_bounded_crops,199,train,buoy,b8,False,,,prediction_jsonl,True
radar_bounded_crops,200,train,boat,boat,True,0.8204331700364877,0.768674373626709,prediction_jsonl,True
radar_bounded_crops,200,train,buoy,b1,True,0.8817162984591729,0.31105560064315796,prediction_jsonl,True
radar_bounded_crops,200,train,buoy,b2,False,,,prediction_jsonl,True
radar_bounded_crops,200,train,buoy,b3,False,,,prediction_jsonl,True
radar_bounded_crops,200,train,buoy,b4,False,,,prediction_jsonl,True
radar_bounded_crops,200,train,buoy,b5,False,,,prediction_jsonl,True
radar_bounded_crops,200,train,buoy,b6,False,,,prediction_jsonl,True
radar_bounded_crops,200,train,buoy,b7,False,,,prediction_jsonl,True
radar_bounded_crops,200,train,buoy,b8,False,,,prediction_jsonl,True
radar_bounded_crops,201,train,boat,boat,True,0.8323870284792285,0.7514143586158752,prediction_jsonl,True
radar_bounded_crops,201,train,buoy,b1,True,0.8408231020374943,0.309145987033844,prediction_jsonl,True
radar_bounded_crops,201,train,buoy,b2,True,0.6930062433243372,0.198830708861351,prediction_jsonl,True
radar_bounded_crops,201,train,buoy,b3,False,,,prediction_jsonl,True
radar_bounded_crops,201,train,buoy,b4,False,,,prediction_jsonl,True
radar_bounded_crops,201,train,buoy,b5,False,,,prediction_jsonl,True
radar_bounded_crops,201,train,buoy,b6,False,,,prediction_jsonl,True
radar_bounded_crops,201,train,buoy,b7,False,,,prediction_jsonl,True
radar_bounded_crops,201,train,buoy,b8,False,,,prediction_jsonl,True
radar_bounded_crops,202,train,boat,boat,True,0.8279008002960272,0.7408069968223572,prediction_jsonl,True
radar_bounded_crops,202,train,buoy,b1,True,0.8388725234439302,0.310920774936676,prediction_jsonl,True
radar_bounded_crops,202,train,buoy,b2,False,,,prediction_jsonl,True
radar_bounded_crops,202,train,buoy,b3,False,,,prediction_jsonl,True
radar_bounded_crops,202,train,buoy,b4,False,,,prediction_jsonl,True
radar_bounded_crops,202,train,buoy,b5,False,,,prediction_jsonl,True
radar_bounded_crops,202,train,buoy,b6,False,,,prediction_jsonl,True
radar_bounded_crops,202,train,buoy,b7,False,,,prediction_jsonl,True
radar_bounded_crops,202,train,buoy,b8,False,,,prediction_jsonl,True
radar_bounded_crops,203,train,boat,boat,True,0.8564097355672387,0.7656363844871521,prediction_jsonl,True
radar_bounded_crops,203,train,buoy,b1,True,0.8523678002134378,0.30748194456100464,prediction_jsonl,True
radar_bounded_crops,203,train,buoy,b2,True,0.6448868593261072,0.22431108355522156,prediction_jsonl,True
radar_bounded_crops,203,train,buoy,b3,False,,,prediction_jsonl,True
radar_bounded_crops,203,train,buoy,b4,False,,,prediction_jsonl,True
radar_bounded_crops,203,train,buoy,b5,False,,,prediction_jsonl,True
radar_bounded_crops,203,train,buoy,b6,False,,,prediction_jsonl,True
radar_bounded_crops,203,train,buoy,b7,False,,,prediction_jsonl,True
radar_bounded_crops,203,train,buoy,b8,False,,,prediction_jsonl,True
radar_bounded_crops,204,train,boat,boat,True,0.8370791577562556,0.726848840713501,prediction_jsonl,True
radar_bounded_crops,204,train,buoy,b1,True,0.8867176629119012,0.3171185553073883,prediction_jsonl,True
radar_bounded_crops,204,train,buoy,b2,False,,,prediction_jsonl,True
radar_bounded_crops,204,train,buoy,b3,False,,,prediction_jsonl,True
radar_bounded_crops,204,train,buoy,b4,False,,,prediction_jsonl,True
radar_bounded_crops,204,train,buoy,b5,False,,,prediction_jsonl,True
radar_bounded_crops,204,train,buoy,b6,False,,,prediction_jsonl,True
radar_bounded_crops,204,train,buoy,b7,False,,,prediction_jsonl,True
radar_bounded_crops,204,train,buoy,b8,False,,,prediction_jsonl,True
radar_bounded_crops,205,train,boat,boat,True,0.8475342566621493,0.7145870923995972,prediction_jsonl,True
radar_bounded_crops,205,train,buoy,b1,True,0.8612675228318326,0.2989679276943207,prediction_jsonl,True
radar_bounded_crops,205,train,buoy,b2,True,0.694234535004748,0.19429288804531097,prediction_jsonl,True
radar_bounded_crops,205,train,buoy,b3,False,,,prediction_jsonl,True
radar_bounded_crops,205,train,buoy,b4,False,,,prediction_jsonl,True
radar_bounded_crops,205,train,buoy,b5,False,,,prediction_jsonl,True
radar_bounded_crops,205,train,buoy,b6,False,,,prediction_jsonl,True
radar_bounded_crops,205,train,buoy,b7,False,,,prediction_jsonl,True
radar_bounded_crops,205,train,buoy,b8,False,,,prediction_jsonl,True
radar_bounded_crops,206,train,boat,boat,True,0.8427081516024539,0.7340210676193237,prediction_jsonl,True
radar_bounded_crops,206,train,buoy,b1,True,0.8993569283356176,0.3288920819759369,prediction_jsonl,True
radar_bounded_crops,206,train,buoy,b2,False,,,prediction_jsonl,True
radar_bounded_crops,206,train,buoy,b3,False,,,prediction_jsonl,True
radar_bounded_crops,206,train,buoy,b4,False,,,prediction_jsonl,True
radar_bounded_crops,206,train,buoy,b5,False,,,prediction_jsonl,True
radar_bounded_crops,206,train,buoy,b6,False,,,prediction_jsonl,True
radar_bounded_crops,206,train,buoy,b7,False,,,prediction_jsonl,True
radar_bounded_crops,206,train,buoy,b8,False,,,prediction_jsonl,True
radar_bounded_crops,207,train,boat,boat,True,0.8515188023216362,0.762793779373169,prediction_jsonl,True
radar_bounded_crops,207,train,buoy,b1,True,0.8644925286982758,0.34002766013145447,prediction_jsonl,True
radar_bounded_crops,207,train,buoy,b2,False,,,prediction_jsonl,True
radar_bounded_crops,207,train,buoy,b3,False,,,prediction_jsonl,True
radar_bounded_crops,207,train,buoy,b4,False,,,prediction_jsonl,True
radar_bounded_crops,207,train,buoy,b5,False,,,prediction_jsonl,True
radar_bounded_crops,207,train,buoy,b6,False,,,prediction_jsonl,True
radar_bounded_crops,207,train,buoy,b7,False,,,prediction_jsonl,True
radar_bounded_crops,207,train,buoy,b8,False,,,prediction_jsonl,True
radar_bounded_crops,208,train,boat,boat,True,0.7958706222809541,0.7303013801574707,prediction_jsonl,True
radar_bounded_crops,208,train,buoy,b1,True,0.8470661121805684,0.32085323333740234,prediction_jsonl,True
radar_bounded_crops,208,train,buoy,b2,False,,,prediction_jsonl,True
radar_bounded_crops,208,train,buoy,b3,False,,,prediction_jsonl,True
radar_bounded_crops,208,train,buoy,b4,False,,,prediction_jsonl,True
radar_bounded_crops,208,train,buoy,b5,False,,,prediction_jsonl,True
radar_bounded_crops,208,train,buoy,b6,False,,,prediction_jsonl,True
radar_bounded_crops,208,train,buoy,b7,False,,,prediction_jsonl,True
radar_bounded_crops,208,train,buoy,b8,False,,,prediction_jsonl,True
radar_bounded_crops,209,train,boat,boat,True,0.8134666926521772,0.752700686454773,prediction_jsonl,True
radar_bounded_crops,209,train,buoy,b1,True,0.7752571590487196,0.32533523440361023,prediction_jsonl,True
radar_bounded_crops,209,train,buoy,b2,False,,,prediction_jsonl,True
radar_bounded_crops,209,train,buoy,b3,False,,,prediction_jsonl,True
radar_bounded_crops,209,train,buoy,b4,False,,,prediction_jsonl,True
radar_bounded_crops,209,train,buoy,b5,False,,,prediction_jsonl,True
radar_bounded_crops,209,train,buoy,b6,False,,,prediction_jsonl,True
radar_bounded_crops,209,train,buoy,b7,False,,,prediction_jsonl,True
radar_bounded_crops,209,train,buoy,b8,False,,,prediction_jsonl,True
radar_bounded_crops,210,train,boat,boat,True,0.8425951570662656,0.7402591705322266,prediction_jsonl,True
radar_bounded_crops,210,train,buoy,b1,True,0.7871596861704454,0.31968337297439575,prediction_jsonl,True
radar_bounded_crops,210,train,buoy,b2,False,,,prediction_jsonl,True
radar_bounded_crops,210,train,buoy,b3,False,,,prediction_jsonl,True
radar_bounded_crops,210,train,buoy,b4,False,,,prediction_jsonl,True
radar_bounded_crops,210,train,buoy,b5,False,,,prediction_jsonl,True
radar_bounded_crops,210,train,buoy,b6,False,,,prediction_jsonl,True
radar_bounded_crops,210,train,buoy,b7,False,,,prediction_jsonl,True
radar_bounded_crops,210,train,buoy,b8,False,,,prediction_jsonl,True
radar_bounded_crops,211,train,boat,boat,True,0.7925593612398242,0.7382104396820068,prediction_jsonl,True
radar_bounded_crops,211,train,buoy,b1,True,0.8235556220016428,0.31379902362823486,prediction_jsonl,True
radar_bounded_crops,211,train,buoy,b3,False,,,prediction_jsonl,True
radar_bounded_crops,211,train,buoy,b4,False,,,prediction_jsonl,True
radar_bounded_crops,211,train,buoy,b5,False,,,prediction_jsonl,True
radar_bounded_crops,211,train,buoy,b6,False,,,prediction_jsonl,True
radar_bounded_crops,211,train,buoy,b7,False,,,prediction_jsonl,True
radar_bounded_crops,211,train,buoy,b8,False,,,prediction_jsonl,True
radar_bounded_crops,212,train,boat,boat,True,0.7982990106779437,0.7085288763046265,prediction_jsonl,True
radar_bounded_crops,212,train,buoy,b1,True,0.8266370889828341,0.2997377812862396,prediction_jsonl,True
radar_bounded_crops,212,train,buoy,b3,False,,,prediction_jsonl,True
radar_bounded_crops,212,train,buoy,b4,False,,,prediction_jsonl,True
radar_bounded_crops,212,train,buoy,b5,False,,,prediction_jsonl,True
radar_bounded_crops,212,train,buoy,b6,False,,,prediction_jsonl,True
radar_bounded_crops,212,train,buoy,b7,False,,,prediction_jsonl,True
radar_bounded_crops,212,train,buoy,b8,False,,,prediction_jsonl,True
radar_bounded_crops,213,train,boat,boat,True,0.8078827976741951,0.7551282048225403,prediction_jsonl,True
radar_bounded_crops,213,train,buoy,b1,True,0.8044475345996426,0.32923394441604614,prediction_jsonl,True
radar_bounded_crops,213,train,buoy,b3,False,,,prediction_jsonl,True
radar_bounded_crops,213,train,buoy,b4,False,,,prediction_jsonl,True
radar_bounded_crops,213,train,buoy,b5,False,,,prediction_jsonl,True
radar_bounded_crops,213,train,buoy,b6,False,,,prediction_jsonl,True
radar_bounded_crops,213,train,buoy,b7,False,,,prediction_jsonl,True
radar_bounded_crops,213,train,buoy,b8,False,,,prediction_jsonl,True
radar_bounded_crops,214,train,boat,boat,True,0.8031643522303904,0.7403413653373718,prediction_jsonl,True
radar_bounded_crops,214,train,buoy,b1,True,0.7881615910526385,0.32327601313591003,prediction_jsonl,True
radar_bounded_crops,214,train,buoy,b3,False,,,prediction_jsonl,True
radar_bounded_crops,214,train,buoy,b4,False,,,prediction_jsonl,True
radar_bounded_crops,214,train,buoy,b5,False,,,prediction_jsonl,True
radar_bounded_crops,214,train,buoy,b6,False,,,prediction_jsonl,True
radar_bounded_crops,214,train,buoy,b7,False,,,prediction_jsonl,True
radar_bounded_crops,214,train,buoy,b8,False,,,prediction_jsonl,True
radar_bounded_crops,215,train,boat,boat,True,0.7431711688212065,0.7359245419502258,prediction_jsonl,True
radar_bounded_crops,215,train,buoy,b1,True,0.8141324824716273,0.3213154673576355,prediction_jsonl,True
radar_bounded_crops,215,train,buoy,b3,False,,,prediction_jsonl,True
radar_bounded_crops,215,train,buoy,b4,False,,,prediction_jsonl,True
radar_bounded_crops,215,train,buoy,b5,False,,,prediction_jsonl,True
radar_bounded_crops,215,train,buoy,b6,False,,,prediction_jsonl,True
radar_bounded_crops,215,train,buoy,b7,False,,,prediction_jsonl,True
radar_bounded_crops,215,train,buoy,b8,False,,,prediction_jsonl,True
radar_bounded_crops,216,train,boat,boat,True,0.7860522009801678,0.7413631677627563,prediction_jsonl,True
radar_bounded_crops,216,train,buoy,b1,True,0.7901832353794858,0.3299243748188019,prediction_jsonl,True
radar_bounded_crops,216,train,buoy,b3,False,,,prediction_jsonl,True
radar_bounded_crops,216,train,buoy,b4,False,,,prediction_jsonl,True
radar_bounded_crops,216,train,buoy,b5,False,,,prediction_jsonl,True
radar_bounded_crops,216,train,buoy,b6,False,,,prediction_jsonl,True
radar_bounded_crops,216,train,buoy,b7,False,,,prediction_jsonl,True
radar_bounded_crops,216,train,buoy,b8,False,,,prediction_jsonl,True
radar_bounded_crops,217,train,boat,boat,True,0.7886154100486903,0.7392805218696594,prediction_jsonl,True
radar_bounded_crops,217,train,buoy,b1,True,0.8180192191715172,0.3294369876384735,prediction_jsonl,True
radar_bounded_crops,217,train,buoy,b3,False,,,prediction_jsonl,True
radar_bounded_crops,217,train,buoy,b4,False,,,prediction_jsonl,True
radar_bounded_crops,217,train,buoy,b5,False,,,prediction_jsonl,True
radar_bounded_crops,217,train,buoy,b6,False,,,prediction_jsonl,True
radar_bounded_crops,217,train,buoy,b7,False,,,prediction_jsonl,True
radar_bounded_crops,217,train,buoy,b8,False,,,prediction_jsonl,True
radar_bounded_crops,218,train,boat,boat,True,0.806133044634009,0.7447882294654846,prediction_jsonl,True
radar_bounded_crops,218,train,buoy,b1,True,0.8311119292945314,0.34285032749176025,prediction_jsonl,True
radar_bounded_crops,218,train,buoy,b3,False,,,prediction_jsonl,True
radar_bounded_crops,218,train,buoy,b4,False,,,prediction_jsonl,True
radar_bounded_crops,218,train,buoy,b5,False,,,prediction_jsonl,True
radar_bounded_crops,218,train,buoy,b6,False,,,prediction_jsonl,True
radar_bounded_crops,218,train,buoy,b7,False,,,prediction_jsonl,True
radar_bounded_crops,218,train,buoy,b8,False,,,prediction_jsonl,True
radar_bounded_crops,219,train,boat,boat,True,0.7723321193316648,0.711706280708313,prediction_jsonl,True
radar_bounded_crops,219,train,buoy,b1,True,0.827207365835065,0.30977872014045715,prediction_jsonl,True
radar_bounded_crops,219,train,buoy,b3,False,,,prediction_jsonl,True
radar_bounded_crops,219,train,buoy,b4,False,,,prediction_jsonl,True
radar_bounded_crops,219,train,buoy,b5,False,,,prediction_jsonl,True
radar_bounded_crops,219,train,buoy,b6,False,,,prediction_jsonl,True
radar_bounded_crops,219,train,buoy,b7,False,,,prediction_jsonl,True
radar_bounded_crops,219,train,buoy,b8,False,,,prediction_jsonl,True
radar_bounded_crops,220,train,boat,boat,True,0.7814055221724985,0.7277241349220276,prediction_jsonl,True
radar_bounded_crops,220,train,buoy,b1,True,0.8460470654519194,0.2974141240119934,prediction_jsonl,True
radar_bounded_crops,220,train,buoy,b3,False,,,prediction_jsonl,True
radar_bounded_crops,220,train,buoy,b4,False,,,prediction_jsonl,True
radar_bounded_crops,220,train,buoy,b5,False,,,prediction_jsonl,True
radar_bounded_crops,220,train,buoy,b6,False,,,prediction_jsonl,True
radar_bounded_crops,220,train,buoy,b7,False,,,prediction_jsonl,True
radar_bounded_crops,220,train,buoy,b8,False,,,prediction_jsonl,True
radar_bounded_crops,221,train,boat,boat,True,0.7931776348018416,0.7419687509536743,prediction_jsonl,True
radar_bounded_crops,221,train,buoy,b1,True,0.832089416098954,0.29744914174079895,prediction_jsonl,True
radar_bounded_crops,221,train,buoy,b3,False,,,prediction_jsonl,True
radar_bounded_crops,221,train,buoy,b4,False,,,prediction_jsonl,True
radar_bounded_crops,221,train,buoy,b5,False,,,prediction_jsonl,True
radar_bounded_crops,221,train,buoy,b6,False,,,prediction_jsonl,True
radar_bounded_crops,221,train,buoy,b7,False,,,prediction_jsonl,True
radar_bounded_crops,221,train,buoy,b8,False,,,prediction_jsonl,True
radar_bounded_crops,222,train,boat,boat,True,0.7501664222114667,0.7311479449272156,prediction_jsonl,True
radar_bounded_crops,222,train,buoy,b1,True,0.8279171540411714,0.3004457950592041,prediction_jsonl,True
radar_bounded_crops,222,train,buoy,b3,False,,,prediction_jsonl,True
radar_bounded_crops,222,train,buoy,b4,False,,,prediction_jsonl,True
radar_bounded_crops,222,train,buoy,b5,False,,,prediction_jsonl,True
radar_bounded_crops,222,train,buoy,b6,False,,,prediction_jsonl,True
radar_bounded_crops,222,train,buoy,b7,False,,,prediction_jsonl,True
radar_bounded_crops,222,train,buoy,b8,False,,,prediction_jsonl,True
radar_bounded_crops,223,train,boat,boat,True,0.7262349001935686,0.705037534236908,prediction_jsonl,True
radar_bounded_crops,223,train,buoy,b1,True,0.8148184503846733,0.3067397475242615,prediction_jsonl,True
radar_bounded_crops,223,train,buoy,b3,False,,,prediction_jsonl,True
radar_bounded_crops,223,train,buoy,b4,False,,,prediction_jsonl,True
radar_bounded_crops,223,train,buoy,b5,False,,,prediction_jsonl,True
radar_bounded_crops,223,train,buoy,b6,False,,,prediction_jsonl,True
radar_bounded_crops,223,train,buoy,b7,False,,,prediction_jsonl,True
radar_bounded_crops,223,train,buoy,b8,False,,,prediction_jsonl,True
radar_bounded_crops,224,train,boat,boat,True,0.7804336402001868,0.7278336882591248,prediction_jsonl,True
radar_bounded_crops,224,train,buoy,b1,True,0.8361294018695085,0.3271120488643646,prediction_jsonl,True
radar_bounded_crops,224,train,buoy,b3,False,,,prediction_jsonl,True
radar_bounded_crops,224,train,buoy,b4,False,,,prediction_jsonl,True
radar_bounded_crops,224,train,buoy,b5,False,,,prediction_jsonl,True
radar_bounded_crops,224,train,buoy,b6,False,,,prediction_jsonl,True
radar_bounded_crops,224,train,buoy,b7,False,,,prediction_jsonl,True
radar_bounded_crops,224,train,buoy,b8,False,,,prediction_jsonl,True
radar_bounded_crops,225,train,boat,boat,True,0.7836191464916576,0.7354678511619568,prediction_jsonl,True
radar_bounded_crops,225,train,buoy,b1,True,0.828949341185441,0.3100060820579529,prediction_jsonl,True
radar_bounded_crops,225,train,buoy,b3,False,,,prediction_jsonl,True
radar_bounded_crops,225,train,buoy,b4,False,,,prediction_jsonl,True
radar_bounded_crops,225,train,buoy,b5,False,,,prediction_jsonl,True
radar_bounded_crops,225,train,buoy,b6,False,,,prediction_jsonl,True
radar_bounded_crops,225,train,buoy,b7,False,,,prediction_jsonl,True
radar_bounded_crops,225,train,buoy,b8,False,,,prediction_jsonl,True
radar_bounded_crops,226,train,boat,boat,True,0.802667959718384,0.7404706478118896,prediction_jsonl,True
radar_bounded_crops,226,train,buoy,b1,True,0.804757366244485,0.3205861747264862,prediction_jsonl,True
radar_bounded_crops,226,train,buoy,b3,False,,,prediction_jsonl,True
radar_bounded_crops,226,train,buoy,b4,False,,,prediction_jsonl,True
radar_bounded_crops,226,train,buoy,b5,False,,,prediction_jsonl,True
radar_bounded_crops,226,train,buoy,b6,False,,,prediction_jsonl,True
radar_bounded_crops,226,train,buoy,b7,False,,,prediction_jsonl,True
radar_bounded_crops,226,train,buoy,b8,False,,,prediction_jsonl,True
radar_bounded_crops,227,train,boat,boat,True,0.8210109057091717,0.7384355068206787,prediction_jsonl,True
radar_bounded_crops,227,train,buoy,b1,True,0.8032484252374792,0.2956434488296509,prediction_jsonl,True
radar_bounded_crops,227,train,buoy,b3,False,,,prediction_jsonl,True
radar_bounded_crops,227,train,buoy,b4,False,,,prediction_jsonl,True
radar_bounded_crops,227,train,buoy,b5,False,,,prediction_jsonl,True
radar_bounded_crops,227,train,buoy,b6,False,,,prediction_jsonl,True
radar_bounded_crops,227,train,buoy,b7,False,,,prediction_jsonl,True
radar_bounded_crops,227,train,buoy,b8,False,,,prediction_jsonl,True
radar_bounded_crops,228,train,boat,boat,True,0.8265877968396786,0.7164310812950134,prediction_jsonl,True
radar_bounded_crops,228,train,buoy,b1,True,0.8240566151896691,0.3027111887931824,prediction_jsonl,True
radar_bounded_crops,228,train,buoy,b3,False,,,prediction_jsonl,True
radar_bounded_crops,228,train,buoy,b4,False,,,prediction_jsonl,True
radar_bounded_crops,228,train,buoy,b5,False,,,prediction_jsonl,True
radar_bounded_crops,228,train,buoy,b6,False,,,prediction_jsonl,True
radar_bounded_crops,228,train,buoy,b7,False,,,prediction_jsonl,True
radar_bounded_crops,228,train,buoy,b8,False,,,prediction_jsonl,True
radar_bounded_crops,229,train,boat,boat,True,0.7827698123180397,0.7072107195854187,prediction_jsonl,True
radar_bounded_crops,229,train,buoy,b1,True,0.8402638933260671,0.2576007544994354,prediction_jsonl,True
radar_bounded_crops,229,train,buoy,b3,False,,,prediction_jsonl,True
radar_bounded_crops,229,train,buoy,b4,False,,,prediction_jsonl,True
radar_bounded_crops,229,train,buoy,b5,False,,,prediction_jsonl,True
radar_bounded_crops,229,train,buoy,b6,False,,,prediction_jsonl,True
radar_bounded_crops,229,train,buoy,b7,False,,,prediction_jsonl,True
radar_bounded_crops,229,train,buoy,b8,False,,,prediction_jsonl,True
radar_bounded_crops,230,train,boat,boat,True,0.7890482018283905,0.7202956676483154,prediction_jsonl,True
radar_bounded_crops,230,train,buoy,b1,True,0.8185878645077034,0.2634906470775604,prediction_jsonl,True
radar_bounded_crops,230,train,buoy,b3,False,,,prediction_jsonl,True
radar_bounded_crops,230,train,buoy,b4,False,,,prediction_jsonl,True
radar_bounded_crops,230,train,buoy,b5,False,,,prediction_jsonl,True
radar_bounded_crops,230,train,buoy,b6,False,,,prediction_jsonl,True
radar_bounded_crops,230,train,buoy,b7,False,,,prediction_jsonl,True
radar_bounded_crops,230,train,buoy,b8,False,,,prediction_jsonl,True
radar_bounded_crops,231,train,boat,boat,True,0.7278823810095778,0.7068428993225098,prediction_jsonl,True
radar_bounded_crops,231,train,buoy,b1,True,0.8607150669864673,0.25380298495292664,prediction_jsonl,True
radar_bounded_crops,231,train,buoy,b3,False,,,prediction_jsonl,True
radar_bounded_crops,231,train,buoy,b4,False,,,prediction_jsonl,True
radar_bounded_crops,231,train,buoy,b5,False,,,prediction_jsonl,True
radar_bounded_crops,231,train,buoy,b6,False,,,prediction_jsonl,True
radar_bounded_crops,231,train,buoy,b7,False,,,prediction_jsonl,True
radar_bounded_crops,231,train,buoy,b8,False,,,prediction_jsonl,True
radar_bounded_crops,232,train,boat,boat,True,0.7722738304985877,0.7221649289131165,prediction_jsonl,True
radar_bounded_crops,232,train,buoy,b1,True,0.872771714760265,0.2536124289035797,prediction_jsonl,True
radar_bounded_crops,232,train,buoy,b3,False,,,prediction_jsonl,True
radar_bounded_crops,232,train,buoy,b4,False,,,prediction_jsonl,True
radar_bounded_crops,232,train,buoy,b5,False,,,prediction_jsonl,True
radar_bounded_crops,232,train,buoy,b6,False,,,prediction_jsonl,True
radar_bounded_crops,232,train,buoy,b7,False,,,prediction_jsonl,True
radar_bounded_crops,232,train,buoy,b8,False,,,prediction_jsonl,True
radar_bounded_crops,233,train,boat,boat,True,0.776044174860697,0.7161043882369995,prediction_jsonl,True
radar_bounded_crops,233,train,buoy,b1,True,0.8590051454800308,0.2556588649749756,prediction_jsonl,True
radar_bounded_crops,233,train,buoy,b3,False,,,prediction_jsonl,True
radar_bounded_crops,233,train,buoy,b4,False,,,prediction_jsonl,True
radar_bounded_crops,233,train,buoy,b5,False,,,prediction_jsonl,True
radar_bounded_crops,233,train,buoy,b6,False,,,prediction_jsonl,True
radar_bounded_crops,233,train,buoy,b7,False,,,prediction_jsonl,True
radar_bounded_crops,233,train,buoy,b8,False,,,prediction_jsonl,True
radar_bounded_crops,234,train,boat,boat,True,0.7395944058406586,0.7223182320594788,prediction_jsonl,True
radar_bounded_crops,234,train,buoy,b1,True,0.8176580007374524,0.243117555975914,prediction_jsonl,True
radar_bounded_crops,234,train,buoy,b3,False,,,prediction_jsonl,True
radar_bounded_crops,234,train,buoy,b4,False,,,prediction_jsonl,True
radar_bounded_crops,234,train,buoy,b5,False,,,prediction_jsonl,True
radar_bounded_crops,234,train,buoy,b6,False,,,prediction_jsonl,True
radar_bounded_crops,234,train,buoy,b7,False,,,prediction_jsonl,True
radar_bounded_crops,234,train,buoy,b8,False,,,prediction_jsonl,True
radar_bounded_crops,235,train,boat,boat,True,0.7672239096579313,0.7267025113105774,prediction_jsonl,True
radar_bounded_crops,235,train,buoy,b1,True,0.8452913130194344,0.2565684914588928,prediction_jsonl,True
radar_bounded_crops,235,train,buoy,b3,False,,,prediction_jsonl,True
radar_bounded_crops,235,train,buoy,b4,False,,,prediction_jsonl,True
radar_bounded_crops,235,train,buoy,b5,False,,,prediction_jsonl,True
radar_bounded_crops,235,train,buoy,b6,False,,,prediction_jsonl,True
radar_bounded_crops,235,train,buoy,b7,False,,,prediction_jsonl,True
radar_bounded_crops,235,train,buoy,b8,False,,,prediction_jsonl,True
radar_bounded_crops,236,train,boat,boat,True,0.7360975074011077,0.7150877118110657,prediction_jsonl,True
radar_bounded_crops,236,train,buoy,b1,True,0.8444326986494696,0.25699546933174133,prediction_jsonl,True
radar_bounded_crops,236,train,buoy,b3,False,,,prediction_jsonl,True
radar_bounded_crops,236,train,buoy,b4,False,,,prediction_jsonl,True
radar_bounded_crops,236,train,buoy,b5,False,,,prediction_jsonl,True
radar_bounded_crops,236,train,buoy,b6,False,,,prediction_jsonl,True
radar_bounded_crops,236,train,buoy,b7,False,,,prediction_jsonl,True
radar_bounded_crops,236,train,buoy,b8,False,,,prediction_jsonl,True
radar_bounded_crops,237,train,boat,boat,True,0.7782563051828971,0.7011222243309021,prediction_jsonl,True
radar_bounded_crops,237,train,buoy,b1,True,0.8416472430501463,0.25773224234580994,prediction_jsonl,True
radar_bounded_crops,237,train,buoy,b3,False,,,prediction_jsonl,True
radar_bounded_crops,237,train,buoy,b4,False,,,prediction_jsonl,True
radar_bounded_crops,237,train,buoy,b5,False,,,prediction_jsonl,True
radar_bounded_crops,237,train,buoy,b6,False,,,prediction_jsonl,True
radar_bounded_crops,237,train,buoy,b7,False,,,prediction_jsonl,True
radar_bounded_crops,237,train,buoy,b8,False,,,prediction_jsonl,True
radar_bounded_crops,238,train,boat,boat,True,0.7916849241162895,0.7116549611091614,prediction_jsonl,True
radar_bounded_crops,238,train,buoy,b1,True,0.8387802556238703,0.2857465445995331,prediction_jsonl,True
radar_bounded_crops,238,train,buoy,b3,False,,,prediction_jsonl,True
radar_bounded_crops,238,train,buoy,b4,False,,,prediction_jsonl,True
radar_bounded_crops,238,train,buoy,b5,False,,,prediction_jsonl,True
radar_bounded_crops,238,train,buoy,b6,False,,,prediction_jsonl,True
radar_bounded_crops,238,train,buoy,b7,False,,,prediction_jsonl,True
radar_bounded_crops,238,train,buoy,b8,False,,,prediction_jsonl,True
radar_bounded_crops,239,train,boat,boat,True,0.7992355659340395,0.7553214430809021,prediction_jsonl,True
radar_bounded_crops,239,train,buoy,b1,True,0.8487080122025904,0.3053085505962372,prediction_jsonl,True
radar_bounded_crops,239,train,buoy,b3,False,,,prediction_jsonl,True
radar_bounded_crops,239,train,buoy,b4,False,,,prediction_jsonl,True
radar_bounded_crops,239,train,buoy,b5,False,,,prediction_jsonl,True
radar_bounded_crops,239,train,buoy,b6,False,,,prediction_jsonl,True
radar_bounded_crops,239,train,buoy,b7,False,,,prediction_jsonl,True
radar_bounded_crops,239,train,buoy,b8,False,,,prediction_jsonl,True
radar_bounded_crops,240,train,boat,boat,True,0.8022093834786824,0.735369861125946,prediction_jsonl,True
radar_bounded_crops,240,train,buoy,b1,True,0.8026893284376165,0.32316964864730835,prediction_jsonl,True
radar_bounded_crops,240,train,buoy,b3,False,,,prediction_jsonl,True
radar_bounded_crops,240,train,buoy,b4,False,,,prediction_jsonl,True
radar_bounded_crops,240,train,buoy,b5,False,,,prediction_jsonl,True
radar_bounded_crops,240,train,buoy,b6,False,,,prediction_jsonl,True
radar_bounded_crops,240,train,buoy,b7,False,,,prediction_jsonl,True
radar_bounded_crops,240,train,buoy,b8,False,,,prediction_jsonl,True
radar_bounded_crops,241,train,boat,boat,True,0.8028302173589429,0.7533588409423828,prediction_jsonl,True
radar_bounded_crops,241,train,buoy,b1,True,0.7831902800936175,0.31688904762268066,prediction_jsonl,True
radar_bounded_crops,241,train,buoy,b3,False,,,prediction_jsonl,True
radar_bounded_crops,241,train,buoy,b4,False,,,prediction_jsonl,True
radar_bounded_crops,241,train,buoy,b5,False,,,prediction_jsonl,True
radar_bounded_crops,241,train,buoy,b6,False,,,prediction_jsonl,True
radar_bounded_crops,241,train,buoy,b7,False,,,prediction_jsonl,True
radar_bounded_crops,241,train,buoy,b8,False,,,prediction_jsonl,True
radar_bounded_crops,242,train,boat,boat,True,0.7860442674362763,0.7599049806594849,prediction_jsonl,True
radar_bounded_crops,242,train,buoy,b1,True,0.8202840667014486,0.32794657349586487,prediction_jsonl,True
radar_bounded_crops,242,train,buoy,b3,False,,,prediction_jsonl,True
radar_bounded_crops,242,train,buoy,b4,False,,,prediction_jsonl,True
radar_bounded_crops,242,train,buoy,b5,False,,,prediction_jsonl,True
radar_bounded_crops,242,train,buoy,b6,False,,,prediction_jsonl,True
radar_bounded_crops,242,train,buoy,b7,False,,,prediction_jsonl,True
radar_bounded_crops,242,train,buoy,b8,False,,,prediction_jsonl,True
radar_bounded_crops,243,train,boat,boat,True,0.7995492966028261,0.7684122323989868,prediction_jsonl,True
radar_bounded_crops,243,train,buoy,b1,True,0.8037801331950538,0.3335380256175995,prediction_jsonl,True
radar_bounded_crops,243,train,buoy,b3,False,,,prediction_jsonl,True
radar_bounded_crops,243,train,buoy,b4,False,,,prediction_jsonl,True
radar_bounded_crops,243,train,buoy,b5,False,,,prediction_jsonl,True
radar_bounded_crops,243,train,buoy,b6,False,,,prediction_jsonl,True
radar_bounded_crops,243,train,buoy,b7,False,,,prediction_jsonl,True
radar_bounded_crops,243,train,buoy,b8,False,,,prediction_jsonl,True
radar_bounded_crops,244,train,boat,boat,True,0.8222451291882661,0.7454611659049988,prediction_jsonl,True
radar_bounded_crops,244,train,buoy,b1,True,0.824186193740324,0.33155253529548645,prediction_jsonl,True
radar_bounded_crops,244,train,buoy,b3,False,,,prediction_jsonl,True
radar_bounded_crops,244,train,buoy,b4,False,,,prediction_jsonl,True
radar_bounded_crops,244,train,buoy,b5,False,,,prediction_jsonl,True
radar_bounded_crops,244,train,buoy,b6,False,,,prediction_jsonl,True
radar_bounded_crops,244,train,buoy,b7,False,,,prediction_jsonl,True
radar_bounded_crops,244,train,buoy,b8,False,,,prediction_jsonl,True
radar_bounded_crops,245,train,boat,boat,True,0.8204461393207839,0.7235379219055176,prediction_jsonl,True
radar_bounded_crops,245,train,buoy,b1,True,0.7954512876143753,0.31066790223121643,prediction_jsonl,True
radar_bounded_crops,245,train,buoy,b3,False,,,prediction_jsonl,True
radar_bounded_crops,245,train,buoy,b4,False,,,prediction_jsonl,True
radar_bounded_crops,245,train,buoy,b5,False,,,prediction_jsonl,True
radar_bounded_crops,245,train,buoy,b6,False,,,prediction_jsonl,True
radar_bounded_crops,245,train,buoy,b7,False,,,prediction_jsonl,True
radar_bounded_crops,245,train,buoy,b8,False,,,prediction_jsonl,True
radar_bounded_crops,246,train,boat,boat,True,0.8197812593775906,0.7727932333946228,prediction_jsonl,True
radar_bounded_crops,246,train,buoy,b1,True,0.8241242457202944,0.33644065260887146,prediction_jsonl,True
radar_bounded_crops,246,train,buoy,b3,False,,,prediction_jsonl,True
radar_bounded_crops,246,train,buoy,b4,False,,,prediction_jsonl,True
radar_bounded_crops,246,train,buoy,b5,False,,,prediction_jsonl,True
radar_bounded_crops,246,train,buoy,b6,False,,,prediction_jsonl,True
radar_bounded_crops,246,train,buoy,b7,False,,,prediction_jsonl,True
radar_bounded_crops,246,train,buoy,b8,False,,,prediction_jsonl,True
radar_bounded_crops,247,train,boat,boat,True,0.8258785578786362,0.7644630074501038,prediction_jsonl,True
radar_bounded_crops,247,train,buoy,b1,True,0.7900057839682536,0.32032668590545654,prediction_jsonl,True
radar_bounded_crops,247,train,buoy,b3,False,,,prediction_jsonl,True
radar_bounded_crops,247,train,buoy,b4,False,,,prediction_jsonl,True
radar_bounded_crops,247,train,buoy,b5,False,,,prediction_jsonl,True
radar_bounded_crops,247,train,buoy,b6,False,,,prediction_jsonl,True
radar_bounded_crops,247,train,buoy,b7,False,,,prediction_jsonl,True
radar_bounded_crops,247,train,buoy,b8,False,,,prediction_jsonl,True
radar_bounded_crops,248,train,boat,boat,True,0.7858317667274929,0.740050733089447,prediction_jsonl,True
radar_bounded_crops,248,train,buoy,b1,True,0.809432116219384,0.31329354643821716,prediction_jsonl,True
radar_bounded_crops,248,train,buoy,b3,False,,,prediction_jsonl,True
radar_bounded_crops,248,train,buoy,b4,False,,,prediction_jsonl,True
radar_bounded_crops,248,train,buoy,b5,False,,,prediction_jsonl,True
radar_bounded_crops,248,train,buoy,b6,False,,,prediction_jsonl,True
radar_bounded_crops,248,train,buoy,b7,False,,,prediction_jsonl,True
radar_bounded_crops,248,train,buoy,b8,False,,,prediction_jsonl,True
radar_bounded_crops,249,train,boat,boat,True,0.7169904382133306,0.6401236057281494,prediction_jsonl,True
radar_bounded_crops,249,train,buoy,b1,True,0.8995234409235701,0.3460690379142761,prediction_jsonl,True
radar_bounded_crops,249,train,buoy,b3,False,,,prediction_jsonl,True
radar_bounded_crops,249,train,buoy,b4,False,,,prediction_jsonl,True
radar_bounded_crops,249,train,buoy,b5,False,,,prediction_jsonl,True
radar_bounded_crops,249,train,buoy,b6,False,,,prediction_jsonl,True
radar_bounded_crops,249,train,buoy,b7,False,,,prediction_jsonl,True
radar_bounded_crops,249,train,buoy,b8,False,,,prediction_jsonl,True
radar_bounded_crops,250,train,boat,boat,True,0.7801547261491452,0.7523784637451172,prediction_jsonl,True
radar_bounded_crops,250,train,buoy,b1,True,0.8779160516609429,0.34286147356033325,prediction_jsonl,True
radar_bounded_crops,250,train,buoy,b3,False,,,prediction_jsonl,True
radar_bounded_crops,250,train,buoy,b4,False,,,prediction_jsonl,True
radar_bounded_crops,250,train,buoy,b5,False,,,prediction_jsonl,True
radar_bounded_crops,250,train,buoy,b6,False,,,prediction_jsonl,True
radar_bounded_crops,250,train,buoy,b7,False,,,prediction_jsonl,True
radar_bounded_crops,250,train,buoy,b8,False,,,prediction_jsonl,True
radar_bounded_crops,251,train,boat,boat,True,0.7950663397672723,0.757890522480011,prediction_jsonl,True
radar_bounded_crops,251,train,buoy,b1,True,0.8433326161086659,0.3356049358844757,prediction_jsonl,True
radar_bounded_crops,251,train,buoy,b3,False,,,prediction_jsonl,True
radar_bounded_crops,251,train,buoy,b4,False,,,prediction_jsonl,True
radar_bounded_crops,251,train,buoy,b5,False,,,prediction_jsonl,True
radar_bounded_crops,251,train,buoy,b6,False,,,prediction_jsonl,True
radar_bounded_crops,251,train,buoy,b7,False,,,prediction_jsonl,True
radar_bounded_crops,251,train,buoy,b8,False,,,prediction_jsonl,True
radar_bounded_crops,252,train,boat,boat,True,0.7815798624744282,0.7619993090629578,prediction_jsonl,True
radar_bounded_crops,252,train,buoy,b1,True,0.8519102790967754,0.3076482117176056,prediction_jsonl,True
radar_bounded_crops,252,train,buoy,b3,False,,,prediction_jsonl,True
radar_bounded_crops,252,train,buoy,b4,False,,,prediction_jsonl,True
radar_bounded_crops,252,train,buoy,b5,False,,,prediction_jsonl,True
radar_bounded_crops,252,train,buoy,b6,False,,,prediction_jsonl,True
radar_bounded_crops,252,train,buoy,b7,False,,,prediction_jsonl,True
radar_bounded_crops,252,train,buoy,b8,False,,,prediction_jsonl,True
radar_bounded_crops,253,train,boat,boat,True,0.80286306330654,0.6565136909484863,prediction_jsonl,True
radar_bounded_crops,253,train,buoy,b1,True,0.8480372224586181,0.34520748257637024,prediction_jsonl,True
radar_bounded_crops,253,train,buoy,b3,False,,,prediction_jsonl,True
radar_bounded_crops,253,train,buoy,b4,False,,,prediction_jsonl,True
radar_bounded_crops,253,train,buoy,b5,False,,,prediction_jsonl,True
radar_bounded_crops,253,train,buoy,b6,False,,,prediction_jsonl,True
radar_bounded_crops,253,train,buoy,b7,False,,,prediction_jsonl,True
radar_bounded_crops,253,train,buoy,b8,False,,,prediction_jsonl,True
radar_bounded_crops,254,train,boat,boat,True,0.8126805115418313,0.627284586429596,prediction_jsonl,True
radar_bounded_crops,254,train,buoy,b1,True,0.8679547599819462,0.32273679971694946,prediction_jsonl,True
radar_bounded_crops,254,train,buoy,b3,False,,,prediction_jsonl,True
radar_bounded_crops,254,train,buoy,b4,False,,,prediction_jsonl,True
radar_bounded_crops,254,train,buoy,b5,False,,,prediction_jsonl,True
radar_bounded_crops,254,train,buoy,b6,False,,,prediction_jsonl,True
radar_bounded_crops,254,train,buoy,b7,False,,,prediction_jsonl,True
radar_bounded_crops,254,train,buoy,b8,False,,,prediction_jsonl,True
radar_bounded_crops,255,train,boat,boat,True,0.6905803415673802,0.5383461117744446,prediction_jsonl,True
radar_bounded_crops,255,train,buoy,b1,True,0.8751469186519862,0.32514482736587524,prediction_jsonl,True
radar_bounded_crops,255,train,buoy,b3,False,,,prediction_jsonl,True
radar_bounded_crops,255,train,buoy,b4,False,,,prediction_jsonl,True
radar_bounded_crops,255,train,buoy,b5,False,,,prediction_jsonl,True
radar_bounded_crops,255,train,buoy,b6,False,,,prediction_jsonl,True
radar_bounded_crops,255,train,buoy,b7,False,,,prediction_jsonl,True
radar_bounded_crops,255,train,buoy,b8,False,,,prediction_jsonl,True
radar_bounded_crops,256,train,boat,boat,True,0.7415307470444177,0.7007552981376648,prediction_jsonl,True
radar_bounded_crops,256,train,buoy,b1,True,0.9001026990666692,0.3212847411632538,prediction_jsonl,True
radar_bounded_crops,256,train,buoy,b3,False,,,prediction_jsonl,True
radar_bounded_crops,256,train,buoy,b4,False,,,prediction_jsonl,True
radar_bounded_crops,256,train,buoy,b5,False,,,prediction_jsonl,True
radar_bounded_crops,256,train,buoy,b6,False,,,prediction_jsonl,True
radar_bounded_crops,256,train,buoy,b7,False,,,prediction_jsonl,True
radar_bounded_crops,256,train,buoy,b8,False,,,prediction_jsonl,True
radar_bounded_crops,257,train,boat,boat,True,0.7790671795329749,0.7470043897628784,prediction_jsonl,True
radar_bounded_crops,257,train,buoy,b1,True,0.8715474402771677,0.35141342878341675,prediction_jsonl,True
radar_bounded_crops,257,train,buoy,b3,False,,,prediction_jsonl,True
radar_bounded_crops,257,train,buoy,b4,False,,,prediction_jsonl,True
radar_bounded_crops,257,train,buoy,b5,False,,,prediction_jsonl,True
radar_bounded_crops,257,train,buoy,b6,False,,,prediction_jsonl,True
radar_bounded_crops,257,train,buoy,b7,False,,,prediction_jsonl,True
radar_bounded_crops,257,train,buoy,b8,False,,,prediction_jsonl,True
radar_bounded_crops,258,train,boat,boat,True,0.6861004825149747,0.6398736834526062,prediction_jsonl,True
radar_bounded_crops,258,train,buoy,b1,True,0.8633717992990355,0.32817694544792175,prediction_jsonl,True
radar_bounded_crops,258,train,buoy,b3,False,,,prediction_jsonl,True
radar_bounded_crops,258,train,buoy,b4,False,,,prediction_jsonl,True
radar_bounded_crops,258,train,buoy,b5,False,,,prediction_jsonl,True
radar_bounded_crops,258,train,buoy,b6,False,,,prediction_jsonl,True
radar_bounded_crops,258,train,buoy,b7,False,,,prediction_jsonl,True
radar_bounded_crops,258,train,buoy,b8,False,,,prediction_jsonl,True
radar_bounded_crops,259,train,boat,boat,True,0.8297992347863176,0.66645747423172,prediction_jsonl,True
radar_bounded_crops,259,train,buoy,b1,True,0.8095573760849979,0.28340351581573486,prediction_jsonl,True
radar_bounded_crops,259,train,buoy,b3,False,,,prediction_jsonl,True
radar_bounded_crops,259,train,buoy,b4,False,,,prediction_jsonl,True
radar_bounded_crops,259,train,buoy,b5,False,,,prediction_jsonl,True
radar_bounded_crops,259,train,buoy,b6,False,,,prediction_jsonl,True
radar_bounded_crops,259,train,buoy,b7,False,,,prediction_jsonl,True
radar_bounded_crops,259,train,buoy,b8,False,,,prediction_jsonl,True
radar_bounded_crops,260,train,boat,boat,True,0.8442944706831703,0.7169514298439026,prediction_jsonl,True
radar_bounded_crops,260,train,buoy,b1,True,0.8002474181675229,0.29972970485687256,prediction_jsonl,True
radar_bounded_crops,260,train,buoy,b3,False,,,prediction_jsonl,True
radar_bounded_crops,260,train,buoy,b4,False,,,prediction_jsonl,True
radar_bounded_crops,260,train,buoy,b5,False,,,prediction_jsonl,True
radar_bounded_crops,260,train,buoy,b6,False,,,prediction_jsonl,True
radar_bounded_crops,260,train,buoy,b7,False,,,prediction_jsonl,True
radar_bounded_crops,260,train,buoy,b8,False,,,prediction_jsonl,True
radar_bounded_crops,261,train,boat,boat,True,0.8125579305651675,0.7001144289970398,prediction_jsonl,True
radar_bounded_crops,261,train,buoy,b1,True,0.7746714973364177,0.3229808211326599,prediction_jsonl,True
radar_bounded_crops,261,train,buoy,b3,False,,,prediction_jsonl,True
radar_bounded_crops,261,train,buoy,b4,False,,,prediction_jsonl,True
radar_bounded_crops,261,train,buoy,b5,False,,,prediction_jsonl,True
radar_bounded_crops,261,train,buoy,b6,False,,,prediction_jsonl,True
radar_bounded_crops,261,train,buoy,b7,False,,,prediction_jsonl,True
radar_bounded_crops,261,train,buoy,b8,False,,,prediction_jsonl,True
radar_bounded_crops,262,train,boat,boat,True,0.7122166374517549,0.4360148310661316,prediction_jsonl,True
radar_bounded_crops,262,train,buoy,b1,True,0.7687902082534342,0.31988656520843506,prediction_jsonl,True
radar_bounded_crops,262,train,buoy,b3,False,,,prediction_jsonl,True
radar_bounded_crops,262,train,buoy,b4,False,,,prediction_jsonl,True
radar_bounded_crops,262,train,buoy,b5,False,,,prediction_jsonl,True
radar_bounded_crops,262,train,buoy,b6,False,,,prediction_jsonl,True
radar_bounded_crops,262,train,buoy,b7,False,,,prediction_jsonl,True
radar_bounded_crops,262,train,buoy,b8,False,,,prediction_jsonl,True
radar_bounded_crops,263,train,boat,boat,True,0.6866449561770651,0.4180646538734436,prediction_jsonl,True
radar_bounded_crops,263,train,buoy,b1,True,0.7806279392920596,0.3303030729293823,prediction_jsonl,True
radar_bounded_crops,263,train,buoy,b3,False,,,prediction_jsonl,True
radar_bounded_crops,263,train,buoy,b4,False,,,prediction_jsonl,True
radar_bounded_crops,263,train,buoy,b5,False,,,prediction_jsonl,True
radar_bounded_crops,263,train,buoy,b6,False,,,prediction_jsonl,True
radar_bounded_crops,263,train,buoy,b7,False,,,prediction_jsonl,True
radar_bounded_crops,263,train,buoy,b8,False,,,prediction_jsonl,True
radar_bounded_crops,264,train,boat,boat,True,0.6922739870220259,0.4345416724681854,prediction_jsonl,True
radar_bounded_crops,264,train,buoy,b1,True,0.7746140483307271,0.32041534781455994,prediction_jsonl,True
radar_bounded_crops,264,train,buoy,b3,False,,,prediction_jsonl,True
radar_bounded_crops,264,train,buoy,b4,False,,,prediction_jsonl,True
radar_bounded_crops,264,train,buoy,b5,False,,,prediction_jsonl,True
radar_bounded_crops,264,train,buoy,b6,False,,,prediction_jsonl,True
radar_bounded_crops,264,train,buoy,b7,False,,,prediction_jsonl,True
radar_bounded_crops,264,train,buoy,b8,False,,,prediction_jsonl,True
radar_bounded_crops,265,train,boat,boat,True,0.790448792051521,0.7088339328765869,prediction_jsonl,True
radar_bounded_crops,265,train,buoy,b1,True,0.7712452782656287,0.308998167514801,prediction_jsonl,True
radar_bounded_crops,265,train,buoy,b3,False,,,prediction_jsonl,True
radar_bounded_crops,265,train,buoy,b4,False,,,prediction_jsonl,True
radar_bounded_crops,265,train,buoy,b5,False,,,prediction_jsonl,True
radar_bounded_crops,265,train,buoy,b6,False,,,prediction_jsonl,True
radar_bounded_crops,265,train,buoy,b7,False,,,prediction_jsonl,True
radar_bounded_crops,265,train,buoy,b8,False,,,prediction_jsonl,True
radar_bounded_crops,266,train,boat,boat,True,0.7684749323074161,0.6445987820625305,prediction_jsonl,True
radar_bounded_crops,266,train,buoy,b1,True,0.7640256400783401,0.31584590673446655,prediction_jsonl,True
radar_bounded_crops,266,train,buoy,b3,False,,,prediction_jsonl,True
radar_bounded_crops,266,train,buoy,b4,False,,,prediction_jsonl,True
radar_bounded_crops,266,train,buoy,b5,False,,,prediction_jsonl,True
radar_bounded_crops,266,train,buoy,b6,False,,,prediction_jsonl,True
radar_bounded_crops,266,train,buoy,b7,False,,,prediction_jsonl,True
radar_bounded_crops,266,train,buoy,b8,False,,,prediction_jsonl,True
radar_bounded_crops,267,train,boat,boat,True,0.79184040280075,0.6912513971328735,prediction_jsonl,True
radar_bounded_crops,267,train,buoy,b1,True,0.7597208374363928,0.31540346145629883,prediction_jsonl,True
radar_bounded_crops,267,train,buoy,b3,False,,,prediction_jsonl,True
radar_bounded_crops,267,train,buoy,b4,False,,,prediction_jsonl,True
radar_bounded_crops,267,train,buoy,b5,False,,,prediction_jsonl,True
radar_bounded_crops,267,train,buoy,b6,False,,,prediction_jsonl,True
radar_bounded_crops,267,train,buoy,b7,False,,,prediction_jsonl,True
radar_bounded_crops,267,train,buoy,b8,False,,,prediction_jsonl,True
radar_bounded_crops,268,train,boat,boat,True,0.7128733662570721,0.4988630712032318,prediction_jsonl,True
radar_bounded_crops,268,train,buoy,b1,True,0.7582851414712901,0.32097846269607544,prediction_jsonl,True
radar_bounded_crops,268,train,buoy,b3,False,,,prediction_jsonl,True
radar_bounded_crops,268,train,buoy,b4,False,,,prediction_jsonl,True
radar_bounded_crops,268,train,buoy,b5,False,,,prediction_jsonl,True
radar_bounded_crops,268,train,buoy,b6,False,,,prediction_jsonl,True
radar_bounded_crops,268,train,buoy,b7,False,,,prediction_jsonl,True
radar_bounded_crops,268,train,buoy,b8,False,,,prediction_jsonl,True
radar_bounded_crops,269,train,boat,boat,True,0.6646104794018842,0.5211571455001831,prediction_jsonl,True
radar_bounded_crops,269,train,buoy,b1,True,0.7804366105518495,0.32314103841781616,prediction_jsonl,True
radar_bounded_crops,269,train,buoy,b3,False,,,prediction_jsonl,True
radar_bounded_crops,269,train,buoy,b4,False,,,prediction_jsonl,True
radar_bounded_crops,269,train,buoy,b5,False,,,prediction_jsonl,True
radar_bounded_crops,269,train,buoy,b6,False,,,prediction_jsonl,True
radar_bounded_crops,269,train,buoy,b7,False,,,prediction_jsonl,True
radar_bounded_crops,269,train,buoy,b8,False,,,prediction_jsonl,True
radar_bounded_crops,270,train,boat,boat,True,0.6825298133955898,0.6012591123580933,prediction_jsonl,True
radar_bounded_crops,270,train,buoy,b1,True,0.7688052423330648,0.3205859661102295,prediction_jsonl,True
radar_bounded_crops,270,train,buoy,b3,False,,,prediction_jsonl,True
radar_bounded_crops,270,train,buoy,b4,False,,,prediction_jsonl,True
radar_bounded_crops,270,train,buoy,b5,False,,,prediction_jsonl,True
radar_bounded_crops,270,train,buoy,b6,False,,,prediction_jsonl,True
radar_bounded_crops,270,train,buoy,b7,False,,,prediction_jsonl,True
radar_bounded_crops,270,train,buoy,b8,False,,,prediction_jsonl,True
radar_bounded_crops,271,train,boat,boat,True,0.7624536886929498,0.496221125125885,prediction_jsonl,True
radar_bounded_crops,271,train,buoy,b1,True,0.7528952077207246,0.31961050629615784,prediction_jsonl,True
radar_bounded_crops,271,train,buoy,b3,False,,,prediction_jsonl,True
radar_bounded_crops,271,train,buoy,b4,False,,,prediction_jsonl,True
radar_bounded_crops,271,train,buoy,b5,False,,,prediction_jsonl,True
radar_bounded_crops,271,train,buoy,b6,False,,,prediction_jsonl,True
radar_bounded_crops,271,train,buoy,b7,False,,,prediction_jsonl,True
radar_bounded_crops,271,train,buoy,b8,False,,,prediction_jsonl,True
radar_bounded_crops,272,train,boat,boat,True,0.7941229102062354,0.7283350825309753,prediction_jsonl,True
radar_bounded_crops,272,train,buoy,b1,True,0.7740385474211166,0.2952955961227417,prediction_jsonl,True
radar_bounded_crops,272,train,buoy,b3,False,,,prediction_jsonl,True
radar_bounded_crops,272,train,buoy,b4,False,,,prediction_jsonl,True
radar_bounded_crops,272,train,buoy,b5,False,,,prediction_jsonl,True
radar_bounded_crops,272,train,buoy,b6,False,,,prediction_jsonl,True
radar_bounded_crops,272,train,buoy,b7,False,,,prediction_jsonl,True
radar_bounded_crops,272,train,buoy,b8,False,,,prediction_jsonl,True
radar_bounded_crops,273,train,boat,boat,True,0.8101848386218276,0.6914631724357605,prediction_jsonl,True
radar_bounded_crops,273,train,buoy,b1,True,0.7934890799680456,0.31338444352149963,prediction_jsonl,True
radar_bounded_crops,273,train,buoy,b3,False,,,prediction_jsonl,True
radar_bounded_crops,273,train,buoy,b4,False,,,prediction_jsonl,True
radar_bounded_crops,273,train,buoy,b5,False,,,prediction_jsonl,True
radar_bounded_crops,273,train,buoy,b6,False,,,prediction_jsonl,True
radar_bounded_crops,273,train,buoy,b7,False,,,prediction_jsonl,True
radar_bounded_crops,273,train,buoy,b8,False,,,prediction_jsonl,True
radar_bounded_crops,274,train,boat,boat,True,0.7871962241391027,0.744597852230072,prediction_jsonl,True
radar_bounded_crops,274,train,buoy,b1,True,0.8026844843083994,0.32011809945106506,prediction_jsonl,True
radar_bounded_crops,274,train,buoy,b3,False,,,prediction_jsonl,True
radar_bounded_crops,274,train,buoy,b4,False,,,prediction_jsonl,True
radar_bounded_crops,274,train,buoy,b5,False,,,prediction_jsonl,True
radar_bounded_crops,274,train,buoy,b6,False,,,prediction_jsonl,True
radar_bounded_crops,274,train,buoy,b7,False,,,prediction_jsonl,True
radar_bounded_crops,274,train,buoy,b8,False,,,prediction_jsonl,True
radar_bounded_crops,275,train,boat,boat,True,0.7793222375383624,0.7488148808479309,prediction_jsonl,True
radar_bounded_crops,275,train,buoy,b1,True,0.8214471037026013,0.30532774329185486,prediction_jsonl,True
radar_bounded_crops,275,train,buoy,b3,False,,,prediction_jsonl,True
radar_bounded_crops,275,train,buoy,b4,False,,,prediction_jsonl,True
radar_bounded_crops,275,train,buoy,b5,False,,,prediction_jsonl,True
radar_bounded_crops,275,train,buoy,b6,False,,,prediction_jsonl,True
radar_bounded_crops,275,train,buoy,b7,False,,,prediction_jsonl,True
radar_bounded_crops,275,train,buoy,b8,False,,,prediction_jsonl,True
radar_bounded_crops,276,train,boat,boat,True,0.8201571382882509,0.7173520922660828,prediction_jsonl,True
radar_bounded_crops,276,train,buoy,b1,True,0.840189040697987,0.31909823417663574,prediction_jsonl,True
radar_bounded_crops,276,train,buoy,b3,False,,,prediction_jsonl,True
radar_bounded_crops,276,train,buoy,b4,False,,,prediction_jsonl,True
radar_bounded_crops,276,train,buoy,b5,False,,,prediction_jsonl,True
radar_bounded_crops,276,train,buoy,b6,False,,,prediction_jsonl,True
radar_bounded_crops,276,train,buoy,b7,False,,,prediction_jsonl,True
radar_bounded_crops,276,train,buoy,b8,False,,,prediction_jsonl,True
radar_bounded_crops,277,train,boat,boat,True,0.6762652363683596,0.506420373916626,prediction_jsonl,True
radar_bounded_crops,277,train,buoy,b1,True,0.8361600769655707,0.30952244997024536,prediction_jsonl,True
radar_bounded_crops,277,train,buoy,b3,False,,,prediction_jsonl,True
radar_bounded_crops,277,train,buoy,b4,False,,,prediction_jsonl,True
radar_bounded_crops,277,train,buoy,b5,False,,,prediction_jsonl,True
radar_bounded_crops,277,train,buoy,b6,False,,,prediction_jsonl,True
radar_bounded_crops,277,train,buoy,b7,False,,,prediction_jsonl,True
radar_bounded_crops,277,train,buoy,b8,False,,,prediction_jsonl,True
radar_bounded_crops,278,train,boat,boat,True,0.762843068813029,0.5348939299583435,prediction_jsonl,True
radar_bounded_crops,278,train,buoy,b1,True,0.8174773429217503,0.3110806941986084,prediction_jsonl,True
radar_bounded_crops,278,train,buoy,b3,False,,,prediction_jsonl,True
radar_bounded_crops,278,train,buoy,b4,False,,,prediction_jsonl,True
radar_bounded_crops,278,train,buoy,b5,False,,,prediction_jsonl,True
radar_bounded_crops,278,train,buoy,b6,False,,,prediction_jsonl,True
radar_bounded_crops,278,train,buoy,b7,False,,,prediction_jsonl,True
radar_bounded_crops,278,train,buoy,b8,False,,,prediction_jsonl,True
radar_bounded_crops,279,train,boat,boat,True,0.7882293693971412,0.7225968241691589,prediction_jsonl,True
radar_bounded_crops,279,train,buoy,b1,True,0.8478157292751094,0.2852018475532532,prediction_jsonl,True
radar_bounded_crops,279,train,buoy,b3,False,,,prediction_jsonl,True
radar_bounded_crops,279,train,buoy,b4,False,,,prediction_jsonl,True
radar_bounded_crops,279,train,buoy,b5,False,,,prediction_jsonl,True
radar_bounded_crops,279,train,buoy,b6,False,,,prediction_jsonl,True
radar_bounded_crops,279,train,buoy,b7,False,,,prediction_jsonl,True
radar_bounded_crops,279,train,buoy,b8,False,,,prediction_jsonl,True
radar_bounded_crops,280,train,boat,boat,True,0.7993176951027438,0.7164709568023682,prediction_jsonl,True
radar_bounded_crops,280,train,buoy,b1,True,0.8299735999874904,0.31649893522262573,prediction_jsonl,True
radar_bounded_crops,280,train,buoy,b3,False,,,prediction_jsonl,True
radar_bounded_crops,280,train,buoy,b4,False,,,prediction_jsonl,True
radar_bounded_crops,280,train,buoy,b5,False,,,prediction_jsonl,True
radar_bounded_crops,280,train,buoy,b6,False,,,prediction_jsonl,True
radar_bounded_crops,280,train,buoy,b7,False,,,prediction_jsonl,True
radar_bounded_crops,280,train,buoy,b8,False,,,prediction_jsonl,True
radar_bounded_crops,281,train,boat,boat,True,0.798822252878164,0.7536870837211609,prediction_jsonl,True
radar_bounded_crops,281,train,buoy,b1,True,0.7859163431735339,0.3407430350780487,prediction_jsonl,True
radar_bounded_crops,281,train,buoy,b3,False,,,prediction_jsonl,True
radar_bounded_crops,281,train,buoy,b4,False,,,prediction_jsonl,True
radar_bounded_crops,281,train,buoy,b5,False,,,prediction_jsonl,True
radar_bounded_crops,281,train,buoy,b6,False,,,prediction_jsonl,True
radar_bounded_crops,281,train,buoy,b7,False,,,prediction_jsonl,True
radar_bounded_crops,281,train,buoy,b8,False,,,prediction_jsonl,True
radar_bounded_crops,282,train,boat,boat,True,0.8276893820385774,0.7338681221008301,prediction_jsonl,True
radar_bounded_crops,282,train,buoy,b1,True,0.7979404878036169,0.33065101504325867,prediction_jsonl,True
radar_bounded_crops,282,train,buoy,b3,False,,,prediction_jsonl,True
radar_bounded_crops,282,train,buoy,b4,False,,,prediction_jsonl,True
radar_bounded_crops,282,train,buoy,b5,False,,,prediction_jsonl,True
radar_bounded_crops,282,train,buoy,b6,False,,,prediction_jsonl,True
radar_bounded_crops,282,train,buoy,b7,False,,,prediction_jsonl,True
radar_bounded_crops,282,train,buoy,b8,False,,,prediction_jsonl,True
radar_bounded_crops,283,train,boat,boat,True,0.8259679415717687,0.7353659868240356,prediction_jsonl,True
radar_bounded_crops,283,train,buoy,b1,True,0.8298945400720998,0.3107950985431671,prediction_jsonl,True
radar_bounded_crops,283,train,buoy,b3,False,,,prediction_jsonl,True
radar_bounded_crops,283,train,buoy,b4,False,,,prediction_jsonl,True
radar_bounded_crops,283,train,buoy,b5,False,,,prediction_jsonl,True
radar_bounded_crops,283,train,buoy,b6,False,,,prediction_jsonl,True
radar_bounded_crops,283,train,buoy,b7,False,,,prediction_jsonl,True
radar_bounded_crops,283,train,buoy,b8,False,,,prediction_jsonl,True
radar_bounded_crops,284,train,boat,boat,True,0.8304688025988508,0.7318596839904785,prediction_jsonl,True
radar_bounded_crops,284,train,buoy,b1,True,0.8094365371722779,0.3222790062427521,prediction_jsonl,True
radar_bounded_crops,284,train,buoy,b3,False,,,prediction_jsonl,True
radar_bounded_crops,284,train,buoy,b4,False,,,prediction_jsonl,True
radar_bounded_crops,284,train,buoy,b5,False,,,prediction_jsonl,True
radar_bounded_crops,284,train,buoy,b6,False,,,prediction_jsonl,True
radar_bounded_crops,284,train,buoy,b7,False,,,prediction_jsonl,True
radar_bounded_crops,284,train,buoy,b8,False,,,prediction_jsonl,True
radar_bounded_crops,285,train,boat,boat,True,0.6776654957977316,0.444885790348053,prediction_jsonl,True
radar_bounded_crops,285,train,buoy,b1,True,0.8432268009508674,0.32988056540489197,prediction_jsonl,True
radar_bounded_crops,285,train,buoy,b3,False,,,prediction_jsonl,True
radar_bounded_crops,285,train,buoy,b4,False,,,prediction_jsonl,True
radar_bounded_crops,285,train,buoy,b5,False,,,prediction_jsonl,True
radar_bounded_crops,285,train,buoy,b6,False,,,prediction_jsonl,True
radar_bounded_crops,285,train,buoy,b7,False,,,prediction_jsonl,True
radar_bounded_crops,285,train,buoy,b8,False,,,prediction_jsonl,True
radar_bounded_crops,286,train,boat,boat,True,0.6673174132974459,0.4436294138431549,prediction_jsonl,True
radar_bounded_crops,286,train,buoy,b1,True,0.8317211124305326,0.309104859828949,prediction_jsonl,True
radar_bounded_crops,286,train,buoy,b3,False,,,prediction_jsonl,True
radar_bounded_crops,286,train,buoy,b4,False,,,prediction_jsonl,True
radar_bounded_crops,286,train,buoy,b5,False,,,prediction_jsonl,True
radar_bounded_crops,286,train,buoy,b6,False,,,prediction_jsonl,True
radar_bounded_crops,286,train,buoy,b7,False,,,prediction_jsonl,True
radar_bounded_crops,286,train,buoy,b8,False,,,prediction_jsonl,True
radar_bounded_crops,287,train,boat,boat,True,0.6779366668926748,0.4438943862915039,prediction_jsonl,True
radar_bounded_crops,287,train,buoy,b1,True,0.8222819272464801,0.3201599419116974,prediction_jsonl,True
radar_bounded_crops,287,train,buoy,b3,False,,,prediction_jsonl,True
radar_bounded_crops,287,train,buoy,b4,False,,,prediction_jsonl,True
radar_bounded_crops,287,train,buoy,b5,False,,,prediction_jsonl,True
radar_bounded_crops,287,train,buoy,b6,False,,,prediction_jsonl,True
radar_bounded_crops,287,train,buoy,b7,False,,,prediction_jsonl,True
radar_bounded_crops,287,train,buoy,b8,False,,,prediction_jsonl,True
radar_bounded_crops,288,train,boat,boat,True,0.6620792958516509,0.4298713803291321,prediction_jsonl,True
radar_bounded_crops,288,train,buoy,b1,True,0.8436000539193955,0.29280734062194824,prediction_jsonl,True
radar_bounded_crops,288,train,buoy,b3,False,,,prediction_jsonl,True
radar_bounded_crops,288,train,buoy,b4,False,,,prediction_jsonl,True
radar_bounded_crops,288,train,buoy,b5,False,,,prediction_jsonl,True
radar_bounded_crops,288,train,buoy,b6,False,,,prediction_jsonl,True
radar_bounded_crops,288,train,buoy,b7,False,,,prediction_jsonl,True
radar_bounded_crops,288,train,buoy,b8,False,,,prediction_jsonl,True
radar_bounded_crops,289,train,boat,boat,True,0.7553998701260977,0.4329332411289215,prediction_jsonl,True
radar_bounded_crops,289,train,buoy,b1,True,0.8247124004969387,0.2662163972854614,prediction_jsonl,True
radar_bounded_crops,289,train,buoy,b3,False,,,prediction_jsonl,True
radar_bounded_crops,289,train,buoy,b4,False,,,prediction_jsonl,True
radar_bounded_crops,289,train,buoy,b5,False,,,prediction_jsonl,True
radar_bounded_crops,289,train,buoy,b6,False,,,prediction_jsonl,True
radar_bounded_crops,289,train,buoy,b7,False,,,prediction_jsonl,True
radar_bounded_crops,289,train,buoy,b8,False,,,prediction_jsonl,True
radar_bounded_crops,290,train,boat,boat,True,0.674459843392542,0.5513023138046265,prediction_jsonl,True
radar_bounded_crops,290,train,buoy,b1,True,0.8409704882133838,0.307329386472702,prediction_jsonl,True
radar_bounded_crops,290,train,buoy,b3,False,,,prediction_jsonl,True
radar_bounded_crops,290,train,buoy,b4,False,,,prediction_jsonl,True
radar_bounded_crops,290,train,buoy,b5,False,,,prediction_jsonl,True
radar_bounded_crops,290,train,buoy,b6,False,,,prediction_jsonl,True
radar_bounded_crops,290,train,buoy,b7,False,,,prediction_jsonl,True
radar_bounded_crops,290,train,buoy,b8,False,,,prediction_jsonl,True
radar_bounded_crops,291,train,boat,boat,True,0.6718232209822985,0.5042378306388855,prediction_jsonl,True
radar_bounded_crops,291,train,buoy,b1,True,0.8297157426668309,0.2850143015384674,prediction_jsonl,True
radar_bounded_crops,291,train,buoy,b3,False,,,prediction_jsonl,True
radar_bounded_crops,291,train,buoy,b4,False,,,prediction_jsonl,True
radar_bounded_crops,291,train,buoy,b5,False,,,prediction_jsonl,True
radar_bounded_crops,291,train,buoy,b6,False,,,prediction_jsonl,True
radar_bounded_crops,291,train,buoy,b7,False,,,prediction_jsonl,True
radar_bounded_crops,291,train,buoy,b8,False,,,prediction_jsonl,True
radar_bounded_crops,292,train,boat,boat,True,0.6503573711301621,0.41266751289367676,prediction_jsonl,True
radar_bounded_crops,292,train,buoy,b1,True,0.8419300969169897,0.2760336995124817,prediction_jsonl,True
radar_bounded_crops,292,train,buoy,b3,False,,,prediction_jsonl,True
radar_bounded_crops,292,train,buoy,b4,False,,,prediction_jsonl,True
radar_bounded_crops,292,train,buoy,b5,False,,,prediction_jsonl,True
radar_bounded_crops,292,train,buoy,b6,False,,,prediction_jsonl,True
radar_bounded_crops,292,train,buoy,b7,False,,,prediction_jsonl,True
radar_bounded_crops,292,train,buoy,b8,False,,,prediction_jsonl,True
radar_bounded_crops,293,train,boat,boat,True,0.7528223539935046,0.4636994004249573,prediction_jsonl,True
radar_bounded_crops,293,train,buoy,b1,True,0.8211313858622641,0.2665019631385803,prediction_jsonl,True
radar_bounded_crops,293,train,buoy,b3,False,,,prediction_jsonl,True
radar_bounded_crops,293,train,buoy,b4,False,,,prediction_jsonl,True
radar_bounded_crops,293,train,buoy,b5,False,,,prediction_jsonl,True
radar_bounded_crops,293,train,buoy,b6,False,,,prediction_jsonl,True
radar_bounded_crops,293,train,buoy,b7,False,,,prediction_jsonl,True
radar_bounded_crops,293,train,buoy,b8,False,,,prediction_jsonl,True
radar_bounded_crops,294,train,boat,boat,True,0.7989820015198584,0.7136874794960022,prediction_jsonl,True
radar_bounded_crops,294,train,buoy,b1,True,0.8344010567586215,0.2615055739879608,prediction_jsonl,True
radar_bounded_crops,294,train,buoy,b3,False,,,prediction_jsonl,True
radar_bounded_crops,294,train,buoy,b4,False,,,prediction_jsonl,True
radar_bounded_crops,294,train,buoy,b5,False,,,prediction_jsonl,True
radar_bounded_crops,294,train,buoy,b6,False,,,prediction_jsonl,True
radar_bounded_crops,294,train,buoy,b7,False,,,prediction_jsonl,True
radar_bounded_crops,294,train,buoy,b8,False,,,prediction_jsonl,True
radar_bounded_crops,295,train,boat,boat,True,0.8085188988487415,0.724555253982544,prediction_jsonl,True
radar_bounded_crops,295,train,buoy,b1,True,0.8300642574402642,0.2642984688282013,prediction_jsonl,True
radar_bounded_crops,295,train,buoy,b3,False,,,prediction_jsonl,True
radar_bounded_crops,295,train,buoy,b4,False,,,prediction_jsonl,True
radar_bounded_crops,295,train,buoy,b5,False,,,prediction_jsonl,True
radar_bounded_crops,295,train,buoy,b6,False,,,prediction_jsonl,True
radar_bounded_crops,295,train,buoy,b7,False,,,prediction_jsonl,True
radar_bounded_crops,295,train,buoy,b8,False,,,prediction_jsonl,True
radar_bounded_crops,296,train,boat,boat,True,0.7318943787418809,0.7026922702789307,prediction_jsonl,True
radar_bounded_crops,296,train,buoy,b1,True,0.8353209169125795,0.22643297910690308,prediction_jsonl,True
radar_bounded_crops,296,train,buoy,b3,False,,,prediction_jsonl,True
radar_bounded_crops,296,train,buoy,b4,False,,,prediction_jsonl,True
radar_bounded_crops,296,train,buoy,b5,False,,,prediction_jsonl,True
radar_bounded_crops,296,train,buoy,b6,False,,,prediction_jsonl,True
radar_bounded_crops,296,train,buoy,b7,False,,,prediction_jsonl,True
radar_bounded_crops,296,train,buoy,b8,False,,,prediction_jsonl,True
radar_bounded_crops,297,train,boat,boat,True,0.8214740569981237,0.7166079878807068,prediction_jsonl,True
radar_bounded_crops,297,train,buoy,b1,True,0.8556699846447359,0.27960312366485596,prediction_jsonl,True
radar_bounded_crops,297,train,buoy,b3,False,,,prediction_jsonl,True
radar_bounded_crops,297,train,buoy,b4,False,,,prediction_jsonl,True
radar_bounded_crops,297,train,buoy,b5,False,,,prediction_jsonl,True
radar_bounded_crops,297,train,buoy,b6,False,,,prediction_jsonl,True
radar_bounded_crops,297,train,buoy,b7,False,,,prediction_jsonl,True
radar_bounded_crops,297,train,buoy,b8,False,,,prediction_jsonl,True
radar_bounded_crops,298,train,boat,boat,True,0.6419140554198961,0.41163018345832825,prediction_jsonl,True
radar_bounded_crops,298,train,buoy,b1,True,0.8692228742734489,0.27191033959388733,prediction_jsonl,True
radar_bounded_crops,298,train,buoy,b3,False,,,prediction_jsonl,True
radar_bounded_crops,298,train,buoy,b4,False,,,prediction_jsonl,True
radar_bounded_crops,298,train,buoy,b5,False,,,prediction_jsonl,True
radar_bounded_crops,298,train,buoy,b6,False,,,prediction_jsonl,True
radar_bounded_crops,298,train,buoy,b7,False,,,prediction_jsonl,True
radar_bounded_crops,298,train,buoy,b8,False,,,prediction_jsonl,True
radar_bounded_crops,299,train,boat,boat,True,0.8130589154816271,0.7395797371864319,prediction_jsonl,True
radar_bounded_crops,299,train,buoy,b1,True,0.8276773427576262,0.3229294717311859,prediction_jsonl,True
radar_bounded_crops,299,train,buoy,b3,False,,,prediction_jsonl,True
radar_bounded_crops,299,train,buoy,b4,False,,,prediction_jsonl,True
radar_bounded_crops,299,train,buoy,b5,False,,,prediction_jsonl,True
radar_bounded_crops,299,train,buoy,b6,False,,,prediction_jsonl,True
radar_bounded_crops,299,train,buoy,b7,False,,,prediction_jsonl,True
radar_bounded_crops,299,train,buoy,b8,False,,,prediction_jsonl,True
radar_bounded_crops,300,train,boat,boat,True,0.7905418769083137,0.7456457018852234,prediction_jsonl,True
radar_bounded_crops,300,train,buoy,b1,True,0.8310390622931222,0.32826951146125793,prediction_jsonl,True
radar_bounded_crops,300,train,buoy,b3,False,,,prediction_jsonl,True
radar_bounded_crops,300,train,buoy,b4,False,,,prediction_jsonl,True
radar_bounded_crops,300,train,buoy,b5,False,,,prediction_jsonl,True
radar_bounded_crops,300,train,buoy,b6,False,,,prediction_jsonl,True
radar_bounded_crops,300,train,buoy,b7,False,,,prediction_jsonl,True
radar_bounded_crops,300,train,buoy,b8,False,,,prediction_jsonl,True
radar_bounded_crops,301,train,boat,boat,True,0.826006326100655,0.7716860175132751,prediction_jsonl,True
radar_bounded_crops,301,train,buoy,b1,True,0.8361799843183609,0.3395940065383911,prediction_jsonl,True
radar_bounded_crops,301,train,buoy,b3,False,,,prediction_jsonl,True
radar_bounded_crops,301,train,buoy,b4,False,,,prediction_jsonl,True
radar_bounded_crops,301,train,buoy,b5,False,,,prediction_jsonl,True
radar_bounded_crops,301,train,buoy,b6,False,,,prediction_jsonl,True
radar_bounded_crops,301,train,buoy,b7,False,,,prediction_jsonl,True
radar_bounded_crops,301,train,buoy,b8,False,,,prediction_jsonl,True
radar_bounded_crops,302,train,boat,boat,True,0.8245983214906262,0.768009603023529,prediction_jsonl,True
radar_bounded_crops,302,train,buoy,b1,True,0.8339964756228989,0.2717902362346649,prediction_jsonl,True
radar_bounded_crops,302,train,buoy,b3,False,,,prediction_jsonl,True
radar_bounded_crops,302,train,buoy,b4,False,,,prediction_jsonl,True
radar_bounded_crops,302,train,buoy,b5,False,,,prediction_jsonl,True
radar_bounded_crops,302,train,buoy,b6,False,,,prediction_jsonl,True
radar_bounded_crops,302,train,buoy,b7,False,,,prediction_jsonl,True
radar_bounded_crops,302,train,buoy,b8,False,,,prediction_jsonl,True
radar_bounded_crops,303,train,boat,boat,True,0.8312724987325365,0.7542446851730347,prediction_jsonl,True
radar_bounded_crops,303,train,buoy,b1,True,0.827366638630789,0.3291264474391937,prediction_jsonl,True
radar_bounded_crops,303,train,buoy,b3,False,,,prediction_jsonl,True
radar_bounded_crops,303,train,buoy,b4,False,,,prediction_jsonl,True
radar_bounded_crops,303,train,buoy,b5,False,,,prediction_jsonl,True
radar_bounded_crops,303,train,buoy,b6,False,,,prediction_jsonl,True
radar_bounded_crops,303,train,buoy,b7,False,,,prediction_jsonl,True
radar_bounded_crops,303,train,buoy,b8,False,,,prediction_jsonl,True
radar_bounded_crops,304,train,boat,boat,True,0.8141537481707205,0.6023983955383301,prediction_jsonl,True
radar_bounded_crops,304,train,buoy,b1,True,0.818658865980928,0.3487693965435028,prediction_jsonl,True
radar_bounded_crops,304,train,buoy,b3,False,,,prediction_jsonl,True
radar_bounded_crops,304,train,buoy,b4,False,,,prediction_jsonl,True
radar_bounded_crops,304,train,buoy,b5,False,,,prediction_jsonl,True
radar_bounded_crops,304,train,buoy,b6,False,,,prediction_jsonl,True
radar_bounded_crops,304,train,buoy,b7,False,,,prediction_jsonl,True
radar_bounded_crops,304,train,buoy,b8,False,,,prediction_jsonl,True
radar_bounded_crops,305,train,boat,boat,True,0.8314968830291616,0.6716980338096619,prediction_jsonl,True
radar_bounded_crops,305,train,buoy,b1,True,0.8108950178134603,0.3484759032726288,prediction_jsonl,True
radar_bounded_crops,305,train,buoy,b3,False,,,prediction_jsonl,True
radar_bounded_crops,305,train,buoy,b4,False,,,prediction_jsonl,True
radar_bounded_crops,305,train,buoy,b5,False,,,prediction_jsonl,True
radar_bounded_crops,305,train,buoy,b6,False,,,prediction_jsonl,True
radar_bounded_crops,305,train,buoy,b7,False,,,prediction_jsonl,True
radar_bounded_crops,305,train,buoy,b8,False,,,prediction_jsonl,True
radar_bounded_crops,306,train,boat,boat,True,0.7470224171570355,0.40328481793403625,prediction_jsonl,True
radar_bounded_crops,306,train,buoy,b1,True,0.8081088053293893,0.3445237874984741,prediction_jsonl,True
radar_bounded_crops,306,train,buoy,b3,False,,,prediction_jsonl,True
radar_bounded_crops,306,train,buoy,b4,False,,,prediction_jsonl,True
radar_bounded_crops,306,train,buoy,b5,False,,,prediction_jsonl,True
radar_bounded_crops,306,train,buoy,b6,False,,,prediction_jsonl,True
radar_bounded_crops,306,train,buoy,b7,False,,,prediction_jsonl,True
radar_bounded_crops,306,train,buoy,b8,False,,,prediction_jsonl,True
radar_bounded_crops,307,train,boat,boat,True,0.8113873386554027,0.6624000072479248,prediction_jsonl,True
radar_bounded_crops,307,train,buoy,b1,True,0.8048227027849835,0.3561084270477295,prediction_jsonl,True
radar_bounded_crops,307,train,buoy,b3,False,,,prediction_jsonl,True
radar_bounded_crops,307,train,buoy,b4,False,,,prediction_jsonl,True
radar_bounded_crops,307,train,buoy,b5,False,,,prediction_jsonl,True
radar_bounded_crops,307,train,buoy,b6,False,,,prediction_jsonl,True
radar_bounded_crops,307,train,buoy,b7,False,,,prediction_jsonl,True
radar_bounded_crops,307,train,buoy,b8,False,,,prediction_jsonl,True
radar_bounded_crops,308,train,boat,boat,True,0.8037294676702272,0.6480764150619507,prediction_jsonl,True
radar_bounded_crops,308,train,buoy,b1,True,0.80590649266593,0.32848700881004333,prediction_jsonl,True
radar_bounded_crops,308,train,buoy,b3,False,,,prediction_jsonl,True
radar_bounded_crops,308,train,buoy,b4,False,,,prediction_jsonl,True
radar_bounded_crops,308,train,buoy,b5,False,,,prediction_jsonl,True
radar_bounded_crops,308,train,buoy,b6,False,,,prediction_jsonl,True
radar_bounded_crops,308,train,buoy,b7,False,,,prediction_jsonl,True
radar_bounded_crops,308,train,buoy,b8,False,,,prediction_jsonl,True
radar_bounded_crops,309,train,boat,boat,True,0.7748620598245644,0.6991596817970276,prediction_jsonl,True
radar_bounded_crops,309,train,buoy,b1,True,0.7908032130953914,0.3099895417690277,prediction_jsonl,True
radar_bounded_crops,309,train,buoy,b3,False,,,prediction_jsonl,True
radar_bounded_crops,309,train,buoy,b4,False,,,prediction_jsonl,True
radar_bounded_crops,309,train,buoy,b5,False,,,prediction_jsonl,True
radar_bounded_crops,309,train,buoy,b6,False,,,prediction_jsonl,True
radar_bounded_crops,309,train,buoy,b7,False,,,prediction_jsonl,True
radar_bounded_crops,309,train,buoy,b8,False,,,prediction_jsonl,True
radar_bounded_crops,310,train,boat,boat,True,0.7498740961621074,0.6161249876022339,prediction_jsonl,True
radar_bounded_crops,310,train,buoy,b1,True,0.8056710686432617,0.2968859374523163,prediction_jsonl,True
radar_bounded_crops,310,train,buoy,b3,False,,,prediction_jsonl,True
radar_bounded_crops,310,train,buoy,b4,False,,,prediction_jsonl,True
radar_bounded_crops,310,train,buoy,b5,False,,,prediction_jsonl,True
radar_bounded_crops,310,train,buoy,b6,False,,,prediction_jsonl,True
radar_bounded_crops,310,train,buoy,b7,False,,,prediction_jsonl,True
radar_bounded_crops,310,train,buoy,b8,False,,,prediction_jsonl,True
radar_bounded_crops,311,train,boat,boat,True,0.7540219010823723,0.6853289604187012,prediction_jsonl,True
radar_bounded_crops,311,train,buoy,b1,True,0.7998008695407617,0.2881661653518677,prediction_jsonl,True
radar_bounded_crops,311,train,buoy,b3,False,,,prediction_jsonl,True
radar_bounded_crops,311,train,buoy,b4,False,,,prediction_jsonl,True
radar_bounded_crops,311,train,buoy,b5,False,,,prediction_jsonl,True
radar_bounded_crops,311,train,buoy,b6,False,,,prediction_jsonl,True
radar_bounded_crops,311,train,buoy,b7,False,,,prediction_jsonl,True
radar_bounded_crops,311,train,buoy,b8,False,,,prediction_jsonl,True
radar_bounded_crops,312,train,boat,boat,True,0.7494642769494407,0.6371507048606873,prediction_jsonl,True
radar_bounded_crops,312,train,buoy,b1,True,0.7603004396963073,0.30671343207359314,prediction_jsonl,True
radar_bounded_crops,312,train,buoy,b3,False,,,prediction_jsonl,True
radar_bounded_crops,312,train,buoy,b4,False,,,prediction_jsonl,True
radar_bounded_crops,312,train,buoy,b5,False,,,prediction_jsonl,True
radar_bounded_crops,312,train,buoy,b6,False,,,prediction_jsonl,True
radar_bounded_crops,312,train,buoy,b7,False,,,prediction_jsonl,True
radar_bounded_crops,312,train,buoy,b8,False,,,prediction_jsonl,True
radar_bounded_crops,313,train,boat,boat,True,0.7699682889728764,0.6767251491546631,prediction_jsonl,True
radar_bounded_crops,313,train,buoy,b1,True,0.7992193778375389,0.332000732421875,prediction_jsonl,True
radar_bounded_crops,313,train,buoy,b3,False,,,prediction_jsonl,True
radar_bounded_crops,313,train,buoy,b4,False,,,prediction_jsonl,True
radar_bounded_crops,313,train,buoy,b5,False,,,prediction_jsonl,True
radar_bounded_crops,313,train,buoy,b6,False,,,prediction_jsonl,True
radar_bounded_crops,313,train,buoy,b7,False,,,prediction_jsonl,True
radar_bounded_crops,313,train,buoy,b8,False,,,prediction_jsonl,True
radar_bounded_crops,314,train,boat,boat,True,0.7818580047390681,0.7285320162773132,prediction_jsonl,True
radar_bounded_crops,314,train,buoy,b1,True,0.7947188987730576,0.32168298959732056,prediction_jsonl,True
radar_bounded_crops,314,train,buoy,b3,False,,,prediction_jsonl,True
radar_bounded_crops,314,train,buoy,b4,False,,,prediction_jsonl,True
radar_bounded_crops,314,train,buoy,b5,False,,,prediction_jsonl,True
radar_bounded_crops,314,train,buoy,b6,False,,,prediction_jsonl,True
radar_bounded_crops,314,train,buoy,b7,False,,,prediction_jsonl,True
radar_bounded_crops,314,train,buoy,b8,False,,,prediction_jsonl,True
radar_bounded_crops,315,train,boat,boat,True,0.7263291693159069,0.5206137895584106,prediction_jsonl,True
radar_bounded_crops,315,train,buoy,b1,True,0.777052930206845,0.3188629150390625,prediction_jsonl,True
radar_bounded_crops,315,train,buoy,b3,False,,,prediction_jsonl,True
radar_bounded_crops,315,train,buoy,b4,False,,,prediction_jsonl,True
radar_bounded_crops,315,train,buoy,b5,False,,,prediction_jsonl,True
radar_bounded_crops,315,train,buoy,b6,False,,,prediction_jsonl,True
radar_bounded_crops,315,train,buoy,b7,False,,,prediction_jsonl,True
radar_bounded_crops,315,train,buoy,b8,False,,,prediction_jsonl,True
radar_bounded_crops,316,train,boat,boat,True,0.728947026022943,0.5342221260070801,prediction_jsonl,True
radar_bounded_crops,316,train,buoy,b1,True,0.7805160192958855,0.32053667306900024,prediction_jsonl,True
radar_bounded_crops,316,train,buoy,b3,False,,,prediction_jsonl,True
radar_bounded_crops,316,train,buoy,b4,False,,,prediction_jsonl,True
radar_bounded_crops,316,train,buoy,b5,False,,,prediction_jsonl,True
radar_bounded_crops,316,train,buoy,b6,False,,,prediction_jsonl,True
radar_bounded_crops,316,train,buoy,b7,False,,,prediction_jsonl,True
radar_bounded_crops,316,train,buoy,b8,False,,,prediction_jsonl,True
radar_bounded_crops,317,train,boat,boat,True,0.7686703232624079,0.7428721785545349,prediction_jsonl,True
radar_bounded_crops,317,train,buoy,b1,True,0.798858621158381,0.323994904756546,prediction_jsonl,True
radar_bounded_crops,317,train,buoy,b3,False,,,prediction_jsonl,True
radar_bounded_crops,317,train,buoy,b4,False,,,prediction_jsonl,True
radar_bounded_crops,317,train,buoy,b5,False,,,prediction_jsonl,True
radar_bounded_crops,317,train,buoy,b6,False,,,prediction_jsonl,True
radar_bounded_crops,317,train,buoy,b7,False,,,prediction_jsonl,True
radar_bounded_crops,317,train,buoy,b8,False,,,prediction_jsonl,True
radar_bounded_crops,318,train,boat,boat,True,0.7833264877855717,0.7352251410484314,prediction_jsonl,True
radar_bounded_crops,318,train,buoy,b1,True,0.782124035291434,0.31104275584220886,prediction_jsonl,True
radar_bounded_crops,318,train,buoy,b3,False,,,prediction_jsonl,True
radar_bounded_crops,318,train,buoy,b4,False,,,prediction_jsonl,True
radar_bounded_crops,318,train,buoy,b5,False,,,prediction_jsonl,True
radar_bounded_crops,318,train,buoy,b6,False,,,prediction_jsonl,True
radar_bounded_crops,318,train,buoy,b7,False,,,prediction_jsonl,True
radar_bounded_crops,318,train,buoy,b8,False,,,prediction_jsonl,True
radar_bounded_crops,319,train,boat,boat,True,0.6437784722066064,0.47342735528945923,prediction_jsonl,True
radar_bounded_crops,319,train,buoy,b1,True,0.8771736451250299,0.32620641589164734,prediction_jsonl,True
radar_bounded_crops,319,train,buoy,b3,False,,,prediction_jsonl,True
radar_bounded_crops,319,train,buoy,b4,False,,,prediction_jsonl,True
radar_bounded_crops,319,train,buoy,b5,False,,,prediction_jsonl,True
radar_bounded_crops,319,train,buoy,b6,False,,,prediction_jsonl,True
radar_bounded_crops,319,train,buoy,b7,False,,,prediction_jsonl,True
radar_bounded_crops,319,train,buoy,b8,False,,,prediction_jsonl,True
radar_bounded_crops,320,train,boat,boat,True,0.6495280498068288,0.4656733572483063,prediction_jsonl,True
radar_bounded_crops,320,train,buoy,b1,True,0.8634208298947768,0.32329654693603516,prediction_jsonl,True
radar_bounded_crops,320,train,buoy,b3,False,,,prediction_jsonl,True
radar_bounded_crops,320,train,buoy,b4,False,,,prediction_jsonl,True
radar_bounded_crops,320,train,buoy,b5,False,,,prediction_jsonl,True
radar_bounded_crops,320,train,buoy,b6,False,,,prediction_jsonl,True
radar_bounded_crops,320,train,buoy,b7,False,,,prediction_jsonl,True
radar_bounded_crops,320,train,buoy,b8,False,,,prediction_jsonl,True
radar_bounded_crops,321,train,boat,boat,True,0.650974533004528,0.5280674695968628,prediction_jsonl,True
radar_bounded_crops,321,train,buoy,b1,True,0.8595374325438623,0.3217637538909912,prediction_jsonl,True
radar_bounded_crops,321,train,buoy,b3,False,,,prediction_jsonl,True
radar_bounded_crops,321,train,buoy,b4,False,,,prediction_jsonl,True
radar_bounded_crops,321,train,buoy,b5,False,,,prediction_jsonl,True
radar_bounded_crops,321,train,buoy,b6,False,,,prediction_jsonl,True
radar_bounded_crops,321,train,buoy,b7,False,,,prediction_jsonl,True
radar_bounded_crops,321,train,buoy,b8,False,,,prediction_jsonl,True
radar_bounded_crops,322,train,boat,boat,True,0.6439891029760193,0.6239807605743408,prediction_jsonl,True
radar_bounded_crops,322,train,buoy,b1,True,0.8928339665587613,0.31288236379623413,prediction_jsonl,True
radar_bounded_crops,322,train,buoy,b3,False,,,prediction_jsonl,True
radar_bounded_crops,322,train,buoy,b4,False,,,prediction_jsonl,True
radar_bounded_crops,322,train,buoy,b5,False,,,prediction_jsonl,True
radar_bounded_crops,322,train,buoy,b6,False,,,prediction_jsonl,True
radar_bounded_crops,322,train,buoy,b7,False,,,prediction_jsonl,True
radar_bounded_crops,322,train,buoy,b8,False,,,prediction_jsonl,True
radar_bounded_crops,323,train,boat,boat,True,0.6484476811360392,0.684027910232544,prediction_jsonl,True
radar_bounded_crops,323,train,buoy,b1,True,0.892839766296252,0.30948513746261597,prediction_jsonl,True
radar_bounded_crops,323,train,buoy,b3,False,,,prediction_jsonl,True
radar_bounded_crops,323,train,buoy,b4,False,,,prediction_jsonl,True
radar_bounded_crops,323,train,buoy,b5,False,,,prediction_jsonl,True
radar_bounded_crops,323,train,buoy,b6,False,,,prediction_jsonl,True
radar_bounded_crops,323,train,buoy,b7,False,,,prediction_jsonl,True
radar_bounded_crops,323,train,buoy,b8,False,,,prediction_jsonl,True
radar_bounded_crops,324,train,boat,boat,True,0.6435309625737898,0.5889374017715454,prediction_jsonl,True
radar_bounded_crops,324,train,buoy,b1,True,0.8622118739782978,0.31499168276786804,prediction_jsonl,True
radar_bounded_crops,324,train,buoy,b3,False,,,prediction_jsonl,True
radar_bounded_crops,324,train,buoy,b4,False,,,prediction_jsonl,True
radar_bounded_crops,324,train,buoy,b5,False,,,prediction_jsonl,True
radar_bounded_crops,324,train,buoy,b6,False,,,prediction_jsonl,True
radar_bounded_crops,324,train,buoy,b7,False,,,prediction_jsonl,True
radar_bounded_crops,324,train,buoy,b8,False,,,prediction_jsonl,True
radar_bounded_crops,325,train,boat,boat,True,0.6350732049174304,0.47082585096359253,prediction_jsonl,True
radar_bounded_crops,325,train,buoy,b1,True,0.8790223323540562,0.34236517548561096,prediction_jsonl,True
radar_bounded_crops,325,train,buoy,b3,False,,,prediction_jsonl,True
radar_bounded_crops,325,train,buoy,b4,False,,,prediction_jsonl,True
radar_bounded_crops,325,train,buoy,b5,False,,,prediction_jsonl,True
radar_bounded_crops,325,train,buoy,b6,False,,,prediction_jsonl,True
radar_bounded_crops,325,train,buoy,b7,False,,,prediction_jsonl,True
radar_bounded_crops,325,train,buoy,b8,False,,,prediction_jsonl,True
radar_bounded_crops,326,train,boat,boat,True,0.6383155155148964,0.526214599609375,prediction_jsonl,True
radar_bounded_crops,326,train,buoy,b1,True,0.9097911175440941,0.3156508803367615,prediction_jsonl,True
radar_bounded_crops,326,train,buoy,b3,False,,,prediction_jsonl,True
radar_bounded_crops,326,train,buoy,b4,False,,,prediction_jsonl,True
radar_bounded_crops,326,train,buoy,b5,False,,,prediction_jsonl,True
radar_bounded_crops,326,train,buoy,b6,False,,,prediction_jsonl,True
radar_bounded_crops,326,train,buoy,b7,False,,,prediction_jsonl,True
radar_bounded_crops,326,train,buoy,b8,False,,,prediction_jsonl,True
radar_bounded_crops,327,train,boat,boat,True,0.6430573147313107,0.48601099848747253,prediction_jsonl,True
radar_bounded_crops,327,train,buoy,b1,True,0.8942825188872181,0.3424672484397888,prediction_jsonl,True
radar_bounded_crops,327,train,buoy,b3,False,,,prediction_jsonl,True
radar_bounded_crops,327,train,buoy,b4,False,,,prediction_jsonl,True
radar_bounded_crops,327,train,buoy,b5,False,,,prediction_jsonl,True
radar_bounded_crops,327,train,buoy,b6,False,,,prediction_jsonl,True
radar_bounded_crops,327,train,buoy,b7,False,,,prediction_jsonl,True
radar_bounded_crops,327,train,buoy,b8,False,,,prediction_jsonl,True
radar_bounded_crops,328,train,boat,boat,True,0.7725940387719981,0.584623396396637,prediction_jsonl,True
radar_bounded_crops,328,train,buoy,b1,True,0.8533762599687879,0.32504335045814514,prediction_jsonl,True
radar_bounded_crops,328,train,buoy,b3,False,,,prediction_jsonl,True
radar_bounded_crops,328,train,buoy,b4,False,,,prediction_jsonl,True
radar_bounded_crops,328,train,buoy,b5,False,,,prediction_jsonl,True
radar_bounded_crops,328,train,buoy,b6,False,,,prediction_jsonl,True
radar_bounded_crops,328,train,buoy,b7,False,,,prediction_jsonl,True
radar_bounded_crops,328,train,buoy,b8,False,,,prediction_jsonl,True
radar_bounded_crops,329,val,boat,boat,True,0.7927343923596244,0.7368794083595276,prediction_jsonl,True
radar_bounded_crops,329,val,buoy,b1,True,0.8159385917666052,0.2867097854614258,prediction_jsonl,True
radar_bounded_crops,329,val,buoy,b3,False,,,prediction_jsonl,True
radar_bounded_crops,329,val,buoy,b4,False,,,prediction_jsonl,True
radar_bounded_crops,329,val,buoy,b5,False,,,prediction_jsonl,True
radar_bounded_crops,329,val,buoy,b6,False,,,prediction_jsonl,True
radar_bounded_crops,329,val,buoy,b7,False,,,prediction_jsonl,True
radar_bounded_crops,329,val,buoy,b8,False,,,prediction_jsonl,True
radar_bounded_crops,330,val,boat,boat,True,0.7642077229641138,0.726219654083252,prediction_jsonl,True
radar_bounded_crops,330,val,buoy,b1,True,0.8258222164036241,0.29422134160995483,prediction_jsonl,True
radar_bounded_crops,330,val,buoy,b3,False,,,prediction_jsonl,True
radar_bounded_crops,330,val,buoy,b4,False,,,prediction_jsonl,True
radar_bounded_crops,330,val,buoy,b5,False,,,prediction_jsonl,True
radar_bounded_crops,330,val,buoy,b6,False,,,prediction_jsonl,True
radar_bounded_crops,330,val,buoy,b7,False,,,prediction_jsonl,True
radar_bounded_crops,330,val,buoy,b8,False,,,prediction_jsonl,True
radar_bounded_crops,331,val,boat,boat,True,0.6824176452632905,0.45168688893318176,prediction_jsonl,True
radar_bounded_crops,331,val,buoy,b1,True,0.8545062554579544,0.28522464632987976,prediction_jsonl,True
radar_bounded_crops,331,val,buoy,b3,False,,,prediction_jsonl,True
radar_bounded_crops,331,val,buoy,b4,False,,,prediction_jsonl,True
radar_bounded_crops,331,val,buoy,b5,False,,,prediction_jsonl,True
radar_bounded_crops,331,val,buoy,b6,False,,,prediction_jsonl,True
radar_bounded_crops,331,val,buoy,b7,False,,,prediction_jsonl,True
radar_bounded_crops,331,val,buoy,b8,False,,,prediction_jsonl,True
radar_bounded_crops,332,val,boat,boat,True,0.797622022052719,0.6354435086250305,prediction_jsonl,True
radar_bounded_crops,332,val,buoy,b1,True,0.8725590335214098,0.26563599705696106,prediction_jsonl,True
radar_bounded_crops,332,val,buoy,b3,False,,,prediction_jsonl,True
radar_bounded_crops,332,val,buoy,b4,False,,,prediction_jsonl,True
radar_bounded_crops,332,val,buoy,b5,False,,,prediction_jsonl,True
radar_bounded_crops,332,val,buoy,b6,False,,,prediction_jsonl,True
radar_bounded_crops,332,val,buoy,b7,False,,,prediction_jsonl,True
radar_bounded_crops,332,val,buoy,b8,False,,,prediction_jsonl,True
radar_bounded_crops,333,val,boat,boat,True,0.7935813793324688,0.701492428779602,prediction_jsonl,True
radar_bounded_crops,333,val,buoy,b1,True,0.8025579949959306,0.31849852204322815,prediction_jsonl,True
radar_bounded_crops,333,val,buoy,b3,False,,,prediction_jsonl,True
radar_bounded_crops,333,val,buoy,b4,False,,,prediction_jsonl,True
radar_bounded_crops,333,val,buoy,b5,False,,,prediction_jsonl,True
radar_bounded_crops,333,val,buoy,b6,False,,,prediction_jsonl,True
radar_bounded_crops,333,val,buoy,b7,False,,,prediction_jsonl,True
radar_bounded_crops,333,val,buoy,b8,False,,,prediction_jsonl,True
radar_bounded_crops,334,val,boat,boat,True,0.7507954819887338,0.7280545234680176,prediction_jsonl,True
radar_bounded_crops,334,val,buoy,b1,True,0.8080605417652151,0.31941279768943787,prediction_jsonl,True
radar_bounded_crops,334,val,buoy,b3,False,,,prediction_jsonl,True
radar_bounded_crops,334,val,buoy,b4,False,,,prediction_jsonl,True
radar_bounded_crops,334,val,buoy,b5,False,,,prediction_jsonl,True
radar_bounded_crops,334,val,buoy,b6,False,,,prediction_jsonl,True
radar_bounded_crops,334,val,buoy,b7,False,,,prediction_jsonl,True
radar_bounded_crops,334,val,buoy,b8,False,,,prediction_jsonl,True
radar_bounded_crops,335,val,boat,boat,True,0.7351881727196243,0.6996689438819885,prediction_jsonl,True
radar_bounded_crops,335,val,buoy,b1,True,0.7830095317872969,0.31103336811065674,prediction_jsonl,True
radar_bounded_crops,335,val,buoy,b3,False,,,prediction_jsonl,True
radar_bounded_crops,335,val,buoy,b4,False,,,prediction_jsonl,True
radar_bounded_crops,335,val,buoy,b5,False,,,prediction_jsonl,True
radar_bounded_crops,335,val,buoy,b6,False,,,prediction_jsonl,True
radar_bounded_crops,335,val,buoy,b7,False,,,prediction_jsonl,True
radar_bounded_crops,335,val,buoy,b8,False,,,prediction_jsonl,True
radar_bounded_crops,336,val,boat,boat,True,0.8251811319036623,0.6357377767562866,prediction_jsonl,True
radar_bounded_crops,336,val,buoy,b1,True,0.8110571060291761,0.30567851662635803,prediction_jsonl,True
radar_bounded_crops,336,val,buoy,b3,False,,,prediction_jsonl,True
radar_bounded_crops,336,val,buoy,b4,False,,,prediction_jsonl,True
radar_bounded_crops,336,val,buoy,b5,False,,,prediction_jsonl,True
radar_bounded_crops,336,val,buoy,b6,False,,,prediction_jsonl,True
radar_bounded_crops,336,val,buoy,b7,False,,,prediction_jsonl,True
radar_bounded_crops,336,val,buoy,b8,False,,,prediction_jsonl,True
radar_bounded_crops,337,val,boat,boat,True,0.8107045761743923,0.732082188129425,prediction_jsonl,True
radar_bounded_crops,337,val,buoy,b1,True,0.8194605844536265,0.31553536653518677,prediction_jsonl,True
radar_bounded_crops,337,val,buoy,b3,False,,,prediction_jsonl,True
radar_bounded_crops,337,val,buoy,b4,False,,,prediction_jsonl,True
radar_bounded_crops,337,val,buoy,b5,False,,,prediction_jsonl,True
radar_bounded_crops,337,val,buoy,b6,False,,,prediction_jsonl,True
radar_bounded_crops,337,val,buoy,b7,False,,,prediction_jsonl,True
radar_bounded_crops,337,val,buoy,b8,False,,,prediction_jsonl,True
radar_bounded_crops,338,val,boat,boat,True,0.6484909641822336,0.4602753221988678,prediction_jsonl,True
radar_bounded_crops,338,val,buoy,b1,True,0.8191959994425548,0.3019716143608093,prediction_jsonl,True
radar_bounded_crops,338,val,buoy,b3,False,,,prediction_jsonl,True
radar_bounded_crops,338,val,buoy,b4,False,,,prediction_jsonl,True
radar_bounded_crops,338,val,buoy,b5,False,,,prediction_jsonl,True
radar_bounded_crops,338,val,buoy,b6,False,,,prediction_jsonl,True
radar_bounded_crops,338,val,buoy,b7,False,,,prediction_jsonl,True
radar_bounded_crops,338,val,buoy,b8,False,,,prediction_jsonl,True
radar_bounded_crops,339,val,boat,boat,True,0.7317276723207028,0.713650643825531,prediction_jsonl,True
radar_bounded_crops,339,val,buoy,b1,True,0.83461552197206,0.3160492777824402,prediction_jsonl,True
radar_bounded_crops,339,val,buoy,b3,False,,,prediction_jsonl,True
radar_bounded_crops,339,val,buoy,b4,False,,,prediction_jsonl,True
radar_bounded_crops,339,val,buoy,b5,False,,,prediction_jsonl,True
radar_bounded_crops,339,val,buoy,b6,False,,,prediction_jsonl,True
radar_bounded_crops,339,val,buoy,b7,False,,,prediction_jsonl,True
radar_bounded_crops,339,val,buoy,b8,False,,,prediction_jsonl,True
radar_bounded_crops,340,val,boat,boat,True,0.7936930001722472,0.675652801990509,prediction_jsonl,True
radar_bounded_crops,340,val,buoy,b1,True,0.8127117087896881,0.31436726450920105,prediction_jsonl,True
radar_bounded_crops,340,val,buoy,b3,False,,,prediction_jsonl,True
radar_bounded_crops,340,val,buoy,b4,False,,,prediction_jsonl,True
radar_bounded_crops,340,val,buoy,b5,False,,,prediction_jsonl,True
radar_bounded_crops,340,val,buoy,b6,False,,,prediction_jsonl,True
radar_bounded_crops,340,val,buoy,b7,False,,,prediction_jsonl,True
radar_bounded_crops,340,val,buoy,b8,False,,,prediction_jsonl,True
radar_bounded_crops,341,val,boat,boat,True,0.7111455273502477,0.6801155209541321,prediction_jsonl,True
radar_bounded_crops,341,val,buoy,b1,True,0.8178459345395718,0.31764113903045654,prediction_jsonl,True
radar_bounded_crops,341,val,buoy,b3,False,,,prediction_jsonl,True
radar_bounded_crops,341,val,buoy,b4,False,,,prediction_jsonl,True
radar_bounded_crops,341,val,buoy,b5,False,,,prediction_jsonl,True
radar_bounded_crops,341,val,buoy,b6,False,,,prediction_jsonl,True
radar_bounded_crops,341,val,buoy,b7,False,,,prediction_jsonl,True
radar_bounded_crops,341,val,buoy,b8,False,,,prediction_jsonl,True
radar_bounded_crops,342,val,boat,boat,True,0.8277844931885563,0.7022047638893127,prediction_jsonl,True
radar_bounded_crops,342,val,buoy,b1,True,0.8400499644515258,0.3212622106075287,prediction_jsonl,True
radar_bounded_crops,342,val,buoy,b3,False,,,prediction_jsonl,True
radar_bounded_crops,342,val,buoy,b4,False,,,prediction_jsonl,True
radar_bounded_crops,342,val,buoy,b5,False,,,prediction_jsonl,True
radar_bounded_crops,342,val,buoy,b6,False,,,prediction_jsonl,True
radar_bounded_crops,342,val,buoy,b7,False,,,prediction_jsonl,True
radar_bounded_crops,342,val,buoy,b8,False,,,prediction_jsonl,True
radar_bounded_crops,343,val,boat,boat,True,0.8007050968201153,0.6745676398277283,prediction_jsonl,True
radar_bounded_crops,343,val,buoy,b1,True,0.8694034887881744,0.32148298621177673,prediction_jsonl,True
radar_bounded_crops,343,val,buoy,b3,False,,,prediction_jsonl,True
radar_bounded_crops,343,val,buoy,b4,False,,,prediction_jsonl,True
radar_bounded_crops,343,val,buoy,b5,False,,,prediction_jsonl,True
radar_bounded_crops,343,val,buoy,b6,False,,,prediction_jsonl,True
radar_bounded_crops,343,val,buoy,b7,False,,,prediction_jsonl,True
radar_bounded_crops,343,val,buoy,b8,False,,,prediction_jsonl,True
radar_bounded_crops,344,val,boat,boat,True,0.7420551012402906,0.6071333289146423,prediction_jsonl,True
radar_bounded_crops,344,val,buoy,b1,True,0.8584991870820202,0.33126336336135864,prediction_jsonl,True
radar_bounded_crops,344,val,buoy,b3,False,,,prediction_jsonl,True
radar_bounded_crops,344,val,buoy,b4,False,,,prediction_jsonl,True
radar_bounded_crops,344,val,buoy,b5,False,,,prediction_jsonl,True
radar_bounded_crops,344,val,buoy,b6,False,,,prediction_jsonl,True
radar_bounded_crops,344,val,buoy,b7,False,,,prediction_jsonl,True
radar_bounded_crops,344,val,buoy,b8,False,,,prediction_jsonl,True
radar_bounded_crops,345,val,boat,boat,True,0.8340821673526184,0.6990007162094116,prediction_jsonl,True
radar_bounded_crops,345,val,buoy,b1,True,0.8593019774544131,0.32824084162712097,prediction_jsonl,True
radar_bounded_crops,345,val,buoy,b3,False,,,prediction_jsonl,True
radar_bounded_crops,345,val,buoy,b4,False,,,prediction_jsonl,True
radar_bounded_crops,345,val,buoy,b5,False,,,prediction_jsonl,True
radar_bounded_crops,345,val,buoy,b6,False,,,prediction_jsonl,True
radar_bounded_crops,345,val,buoy,b7,False,,,prediction_jsonl,True
radar_bounded_crops,345,val,buoy,b8,False,,,prediction_jsonl,True
radar_bounded_crops,346,val,boat,boat,True,0.788248073341229,0.6954145431518555,prediction_jsonl,True
radar_bounded_crops,346,val,buoy,b1,True,0.8794113299651137,0.33636850118637085,prediction_jsonl,True
radar_bounded_crops,346,val,buoy,b3,False,,,prediction_jsonl,True
radar_bounded_crops,346,val,buoy,b4,False,,,prediction_jsonl,True
radar_bounded_crops,346,val,buoy,b5,False,,,prediction_jsonl,True
radar_bounded_crops,346,val,buoy,b6,False,,,prediction_jsonl,True
radar_bounded_crops,346,val,buoy,b7,False,,,prediction_jsonl,True
radar_bounded_crops,346,val,buoy,b8,False,,,prediction_jsonl,True
radar_bounded_crops,347,val,boat,boat,True,0.7431470353692622,0.7383514046669006,prediction_jsonl,True
radar_bounded_crops,347,val,buoy,b1,True,0.833392487869749,0.29226791858673096,prediction_jsonl,True
radar_bounded_crops,347,val,buoy,b3,False,,,prediction_jsonl,True
radar_bounded_crops,347,val,buoy,b4,False,,,prediction_jsonl,True
radar_bounded_crops,347,val,buoy,b5,False,,,prediction_jsonl,True
radar_bounded_crops,347,val,buoy,b6,False,,,prediction_jsonl,True
radar_bounded_crops,347,val,buoy,b7,False,,,prediction_jsonl,True
radar_bounded_crops,347,val,buoy,b8,False,,,prediction_jsonl,True
radar_bounded_crops,348,val,boat,boat,True,0.7359642308874303,0.7202394604682922,prediction_jsonl,True
radar_bounded_crops,348,val,buoy,b1,True,0.8311779502814356,0.32584279775619507,prediction_jsonl,True
radar_bounded_crops,348,val,buoy,b3,False,,,prediction_jsonl,True
radar_bounded_crops,348,val,buoy,b4,False,,,prediction_jsonl,True
radar_bounded_crops,348,val,buoy,b5,False,,,prediction_jsonl,True
radar_bounded_crops,348,val,buoy,b6,False,,,prediction_jsonl,True
radar_bounded_crops,348,val,buoy,b7,False,,,prediction_jsonl,True
radar_bounded_crops,348,val,buoy,b8,False,,,prediction_jsonl,True
radar_bounded_crops,349,val,boat,boat,True,0.7021347855337242,0.6983734369277954,prediction_jsonl,True
radar_bounded_crops,349,val,buoy,b1,True,0.8993777451089888,0.32564327120780945,prediction_jsonl,True
radar_bounded_crops,349,val,buoy,b3,False,,,prediction_jsonl,True
radar_bounded_crops,349,val,buoy,b4,False,,,prediction_jsonl,True
radar_bounded_crops,349,val,buoy,b5,False,,,prediction_jsonl,True
radar_bounded_crops,349,val,buoy,b6,False,,,prediction_jsonl,True
radar_bounded_crops,349,val,buoy,b7,False,,,prediction_jsonl,True
radar_bounded_crops,349,val,buoy,b8,False,,,prediction_jsonl,True
radar_bounded_crops,350,val,boat,boat,True,0.7372582526566135,0.6422414183616638,prediction_jsonl,True
radar_bounded_crops,350,val,buoy,b1,True,0.9079490566818419,0.31895118951797485,prediction_jsonl,True
radar_bounded_crops,350,val,buoy,b3,False,,,prediction_jsonl,True
radar_bounded_crops,350,val,buoy,b4,False,,,prediction_jsonl,True
radar_bounded_crops,350,val,buoy,b5,False,,,prediction_jsonl,True
radar_bounded_crops,350,val,buoy,b6,False,,,prediction_jsonl,True
radar_bounded_crops,350,val,buoy,b7,False,,,prediction_jsonl,True
radar_bounded_crops,350,val,buoy,b8,False,,,prediction_jsonl,True
radar_bounded_crops,351,val,boat,boat,True,0.6407787391783382,0.4785890281200409,prediction_jsonl,True
radar_bounded_crops,351,val,buoy,b1,True,0.9357407078021892,0.3135805130004883,prediction_jsonl,True
radar_bounded_crops,351,val,buoy,b3,False,,,prediction_jsonl,True
radar_bounded_crops,351,val,buoy,b4,False,,,prediction_jsonl,True
radar_bounded_crops,351,val,buoy,b5,False,,,prediction_jsonl,True
radar_bounded_crops,351,val,buoy,b6,False,,,prediction_jsonl,True
radar_bounded_crops,351,val,buoy,b7,False,,,prediction_jsonl,True
radar_bounded_crops,351,val,buoy,b8,False,,,prediction_jsonl,True
radar_bounded_crops,352,val,boat,boat,True,0.6400844998167191,0.4923705756664276,prediction_jsonl,True
radar_bounded_crops,352,val,buoy,b1,True,0.9110606985127373,0.31906867027282715,prediction_jsonl,True
radar_bounded_crops,352,val,buoy,b3,False,,,prediction_jsonl,True
radar_bounded_crops,352,val,buoy,b4,False,,,prediction_jsonl,True
radar_bounded_crops,352,val,buoy,b5,False,,,prediction_jsonl,True
radar_bounded_crops,352,val,buoy,b6,False,,,prediction_jsonl,True
radar_bounded_crops,352,val,buoy,b7,False,,,prediction_jsonl,True
radar_bounded_crops,352,val,buoy,b8,False,,,prediction_jsonl,True
radar_bounded_crops,353,val,boat,boat,True,0.819474032825452,0.4314820468425751,prediction_jsonl,True
radar_bounded_crops,353,val,buoy,b1,True,0.912195170282544,0.3210880756378174,prediction_jsonl,True
radar_bounded_crops,353,val,buoy,b3,False,,,prediction_jsonl,True
radar_bounded_crops,353,val,buoy,b4,False,,,prediction_jsonl,True
radar_bounded_crops,353,val,buoy,b5,False,,,prediction_jsonl,True
radar_bounded_crops,353,val,buoy,b6,False,,,prediction_jsonl,True
radar_bounded_crops,353,val,buoy,b7,False,,,prediction_jsonl,True
radar_bounded_crops,353,val,buoy,b8,False,,,prediction_jsonl,True
radar_bounded_crops,354,val,boat,boat,True,0.8317645873824309,0.435635507106781,prediction_jsonl,True
radar_bounded_crops,354,val,buoy,b1,True,0.9303186626638391,0.30846983194351196,prediction_jsonl,True
radar_bounded_crops,354,val,buoy,b3,False,,,prediction_jsonl,True
radar_bounded_crops,354,val,buoy,b4,False,,,prediction_jsonl,True
radar_bounded_crops,354,val,buoy,b5,False,,,prediction_jsonl,True
radar_bounded_crops,354,val,buoy,b6,False,,,prediction_jsonl,True
radar_bounded_crops,354,val,buoy,b7,False,,,prediction_jsonl,True
radar_bounded_crops,354,val,buoy,b8,False,,,prediction_jsonl,True
radar_bounded_crops,355,val,boat,boat,True,0.6145310190926341,0.4308271110057831,prediction_jsonl,True
radar_bounded_crops,355,val,buoy,b1,True,0.9093288331091016,0.3142563998699188,prediction_jsonl,True
radar_bounded_crops,355,val,buoy,b3,False,,,prediction_jsonl,True
radar_bounded_crops,355,val,buoy,b4,False,,,prediction_jsonl,True
radar_bounded_crops,355,val,buoy,b5,False,,,prediction_jsonl,True
radar_bounded_crops,355,val,buoy,b6,False,,,prediction_jsonl,True
radar_bounded_crops,355,val,buoy,b7,False,,,prediction_jsonl,True
radar_bounded_crops,355,val,buoy,b8,False,,,prediction_jsonl,True
radar_bounded_crops,356,val,boat,boat,True,0.6396441339175731,0.42921674251556396,prediction_jsonl,True
radar_bounded_crops,356,val,buoy,b1,True,0.8831499741878679,0.3063455820083618,prediction_jsonl,True
radar_bounded_crops,356,val,buoy,b3,False,,,prediction_jsonl,True
radar_bounded_crops,356,val,buoy,b4,False,,,prediction_jsonl,True
radar_bounded_crops,356,val,buoy,b5,False,,,prediction_jsonl,True
radar_bounded_crops,356,val,buoy,b6,False,,,prediction_jsonl,True
radar_bounded_crops,356,val,buoy,b7,False,,,prediction_jsonl,True
radar_bounded_crops,356,val,buoy,b8,False,,,prediction_jsonl,True
radar_bounded_crops,357,val,boat,boat,True,0.6452578666648541,0.6567530632019043,prediction_jsonl,True
radar_bounded_crops,357,val,buoy,b1,True,0.8927552061585883,0.3176238536834717,prediction_jsonl,True
radar_bounded_crops,357,val,buoy,b3,False,,,prediction_jsonl,True
radar_bounded_crops,357,val,buoy,b4,False,,,prediction_jsonl,True
radar_bounded_crops,357,val,buoy,b5,False,,,prediction_jsonl,True
radar_bounded_crops,357,val,buoy,b6,False,,,prediction_jsonl,True
radar_bounded_crops,357,val,buoy,b7,False,,,prediction_jsonl,True
radar_bounded_crops,357,val,buoy,b8,False,,,prediction_jsonl,True
radar_bounded_crops,358,val,boat,boat,True,0.5779758365845266,0.4658413231372833,prediction_jsonl,True
radar_bounded_crops,358,val,buoy,b1,True,0.9053075652320068,0.300791472196579,prediction_jsonl,True
radar_bounded_crops,358,val,buoy,b3,False,,,prediction_jsonl,True
radar_bounded_crops,358,val,buoy,b4,False,,,prediction_jsonl,True
radar_bounded_crops,358,val,buoy,b5,False,,,prediction_jsonl,True
radar_bounded_crops,358,val,buoy,b6,False,,,prediction_jsonl,True
radar_bounded_crops,358,val,buoy,b7,False,,,prediction_jsonl,True
radar_bounded_crops,358,val,buoy,b8,False,,,prediction_jsonl,True
radar_bounded_crops,359,val,boat,boat,True,0.6535322177663845,0.5754364132881165,prediction_jsonl,True
radar_bounded_crops,359,val,buoy,b1,True,0.8526817277450741,0.30032268166542053,prediction_jsonl,True
radar_bounded_crops,359,val,buoy,b3,False,,,prediction_jsonl,True
radar_bounded_crops,359,val,buoy,b4,False,,,prediction_jsonl,True
radar_bounded_crops,359,val,buoy,b5,False,,,prediction_jsonl,True
radar_bounded_crops,359,val,buoy,b6,False,,,prediction_jsonl,True
radar_bounded_crops,359,val,buoy,b7,False,,,prediction_jsonl,True
radar_bounded_crops,359,val,buoy,b8,False,,,prediction_jsonl,True
radar_bounded_crops,360,val,boat,boat,True,0.7225993063673215,0.6782686114311218,prediction_jsonl,True
radar_bounded_crops,360,val,buoy,b1,True,0.8960768669763751,0.2855915427207947,prediction_jsonl,True
radar_bounded_crops,360,val,buoy,b3,False,,,prediction_jsonl,True
radar_bounded_crops,360,val,buoy,b4,False,,,prediction_jsonl,True
radar_bounded_crops,360,val,buoy,b5,False,,,prediction_jsonl,True
radar_bounded_crops,360,val,buoy,b6,False,,,prediction_jsonl,True
radar_bounded_crops,360,val,buoy,b7,False,,,prediction_jsonl,True
radar_bounded_crops,360,val,buoy,b8,False,,,prediction_jsonl,True
radar_bounded_crops,361,val,boat,boat,True,0.6504960960972312,0.6075006127357483,prediction_jsonl,True
radar_bounded_crops,361,val,buoy,b1,True,0.8705241950658299,0.311176061630249,prediction_jsonl,True
radar_bounded_crops,361,val,buoy,b3,False,,,prediction_jsonl,True
radar_bounded_crops,361,val,buoy,b4,False,,,prediction_jsonl,True
radar_bounded_crops,361,val,buoy,b5,False,,,prediction_jsonl,True
radar_bounded_crops,361,val,buoy,b6,False,,,prediction_jsonl,True
radar_bounded_crops,361,val,buoy,b7,False,,,prediction_jsonl,True
radar_bounded_crops,361,val,buoy,b8,False,,,prediction_jsonl,True
radar_bounded_crops,362,val,boat,boat,True,0.6669543910370223,0.625359058380127,prediction_jsonl,True
radar_bounded_crops,362,val,buoy,b1,True,0.8792977458170772,0.3075490891933441,prediction_jsonl,True
radar_bounded_crops,362,val,buoy,b3,False,,,prediction_jsonl,True
radar_bounded_crops,362,val,buoy,b4,False,,,prediction_jsonl,True
radar_bounded_crops,362,val,buoy,b5,False,,,prediction_jsonl,True
radar_bounded_crops,362,val,buoy,b6,False,,,prediction_jsonl,True
radar_bounded_crops,362,val,buoy,b7,False,,,prediction_jsonl,True
radar_bounded_crops,362,val,buoy,b8,False,,,prediction_jsonl,True
radar_bounded_crops,363,val,boat,boat,True,0.6695697913583544,0.6195679306983948,prediction_jsonl,True
radar_bounded_crops,363,val,buoy,b1,True,0.8558258862014346,0.3140525817871094,prediction_jsonl,True
radar_bounded_crops,363,val,buoy,b3,False,,,prediction_jsonl,True
radar_bounded_crops,363,val,buoy,b4,False,,,prediction_jsonl,True
radar_bounded_crops,363,val,buoy,b5,False,,,prediction_jsonl,True
radar_bounded_crops,363,val,buoy,b6,False,,,prediction_jsonl,True
radar_bounded_crops,363,val,buoy,b7,False,,,prediction_jsonl,True
radar_bounded_crops,363,val,buoy,b8,False,,,prediction_jsonl,True
radar_bounded_crops,364,val,boat,boat,True,0.6486497798605774,0.56341552734375,prediction_jsonl,True
radar_bounded_crops,364,val,buoy,b1,True,0.8534082675289796,0.33063316345214844,prediction_jsonl,True
radar_bounded_crops,364,val,buoy,b3,False,,,prediction_jsonl,True
radar_bounded_crops,364,val,buoy,b4,False,,,prediction_jsonl,True
radar_bounded_crops,364,val,buoy,b5,False,,,prediction_jsonl,True
radar_bounded_crops,364,val,buoy,b6,False,,,prediction_jsonl,True
radar_bounded_crops,364,val,buoy,b7,False,,,prediction_jsonl,True
radar_bounded_crops,364,val,buoy,b8,False,,,prediction_jsonl,True
radar_bounded_crops,365,val,boat,boat,True,0.6602335154549988,0.5479505658149719,prediction_jsonl,True
radar_bounded_crops,365,val,buoy,b1,True,0.8576588396188726,0.29953649640083313,prediction_jsonl,True
radar_bounded_crops,365,val,buoy,b3,False,,,prediction_jsonl,True
radar_bounded_crops,365,val,buoy,b4,False,,,prediction_jsonl,True
radar_bounded_crops,365,val,buoy,b5,False,,,prediction_jsonl,True
radar_bounded_crops,365,val,buoy,b6,False,,,prediction_jsonl,True
radar_bounded_crops,365,val,buoy,b7,False,,,prediction_jsonl,True
radar_bounded_crops,365,val,buoy,b8,False,,,prediction_jsonl,True
radar_bounded_crops,366,val,boat,boat,True,0.6558533651591527,0.6311977505683899,prediction_jsonl,True
radar_bounded_crops,366,val,buoy,b1,True,0.8519172611530419,0.312608927488327,prediction_jsonl,True
radar_bounded_crops,366,val,buoy,b3,False,,,prediction_jsonl,True
radar_bounded_crops,366,val,buoy,b4,False,,,prediction_jsonl,True
radar_bounded_crops,366,val,buoy,b5,False,,,prediction_jsonl,True
radar_bounded_crops,366,val,buoy,b6,False,,,prediction_jsonl,True
radar_bounded_crops,366,val,buoy,b7,False,,,prediction_jsonl,True
radar_bounded_crops,366,val,buoy,b8,False,,,prediction_jsonl,True
radar_bounded_crops,367,val,boat,boat,True,0.6722879337143998,0.48832982778549194,prediction_jsonl,True
radar_bounded_crops,367,val,buoy,b1,True,0.8473591947619529,0.30418500304222107,prediction_jsonl,True
radar_bounded_crops,367,val,buoy,b3,False,,,prediction_jsonl,True
radar_bounded_crops,367,val,buoy,b4,False,,,prediction_jsonl,True
radar_bounded_crops,367,val,buoy,b5,False,,,prediction_jsonl,True
radar_bounded_crops,367,val,buoy,b6,False,,,prediction_jsonl,True
radar_bounded_crops,367,val,buoy,b7,False,,,prediction_jsonl,True
radar_bounded_crops,367,val,buoy,b8,False,,,prediction_jsonl,True
radar_bounded_crops,368,val,boat,boat,True,0.6469233864040207,0.5566299557685852,prediction_jsonl,True
radar_bounded_crops,368,val,buoy,b1,True,0.8403882401921535,0.3091598451137543,prediction_jsonl,True
radar_bounded_crops,368,val,buoy,b3,False,,,prediction_jsonl,True
radar_bounded_crops,368,val,buoy,b4,False,,,prediction_jsonl,True
radar_bounded_crops,368,val,buoy,b5,False,,,prediction_jsonl,True
radar_bounded_crops,368,val,buoy,b6,False,,,prediction_jsonl,True
radar_bounded_crops,368,val,buoy,b7,False,,,prediction_jsonl,True
radar_bounded_crops,368,val,buoy,b8,False,,,prediction_jsonl,True
radar_bounded_crops,369,val,boat,boat,True,0.6711079291522953,0.6397622227668762,prediction_jsonl,True
radar_bounded_crops,369,val,buoy,b1,True,0.8566249665926677,0.3140142560005188,prediction_jsonl,True
radar_bounded_crops,369,val,buoy,b3,False,,,prediction_jsonl,True
radar_bounded_crops,369,val,buoy,b4,False,,,prediction_jsonl,True
radar_bounded_crops,369,val,buoy,b5,False,,,prediction_jsonl,True
radar_bounded_crops,369,val,buoy,b6,False,,,prediction_jsonl,True
radar_bounded_crops,369,val,buoy,b7,False,,,prediction_jsonl,True
radar_bounded_crops,369,val,buoy,b8,False,,,prediction_jsonl,True
radar_bounded_crops,370,val,boat,boat,True,0.696803381242854,0.7202738523483276,prediction_jsonl,True
radar_bounded_crops,370,val,buoy,b1,True,0.8401216084269902,0.317518025636673,prediction_jsonl,True
radar_bounded_crops,370,val,buoy,b3,False,,,prediction_jsonl,True
radar_bounded_crops,370,val,buoy,b4,False,,,prediction_jsonl,True
radar_bounded_crops,370,val,buoy,b5,False,,,prediction_jsonl,True
radar_bounded_crops,370,val,buoy,b6,False,,,prediction_jsonl,True
radar_bounded_crops,370,val,buoy,b7,False,,,prediction_jsonl,True
radar_bounded_crops,370,val,buoy,b8,False,,,prediction_jsonl,True
radar_bounded_crops,371,val,boat,boat,True,0.8371083502509216,0.775577962398529,prediction_jsonl,True
radar_bounded_crops,371,val,buoy,b1,True,0.8594708327292859,0.3116116523742676,prediction_jsonl,True
radar_bounded_crops,371,val,buoy,b3,False,,,prediction_jsonl,True
radar_bounded_crops,371,val,buoy,b4,False,,,prediction_jsonl,True
radar_bounded_crops,371,val,buoy,b5,False,,,prediction_jsonl,True
radar_bounded_crops,371,val,buoy,b6,False,,,prediction_jsonl,True
radar_bounded_crops,371,val,buoy,b7,False,,,prediction_jsonl,True
radar_bounded_crops,371,val,buoy,b8,False,,,prediction_jsonl,True
radar_bounded_crops,372,val,boat,boat,True,0.7545263261911486,0.7650747895240784,prediction_jsonl,True
radar_bounded_crops,372,val,buoy,b1,True,0.8538667913448205,0.3032974898815155,prediction_jsonl,True
radar_bounded_crops,372,val,buoy,b3,False,,,prediction_jsonl,True
radar_bounded_crops,372,val,buoy,b4,False,,,prediction_jsonl,True
radar_bounded_crops,372,val,buoy,b5,False,,,prediction_jsonl,True
radar_bounded_crops,372,val,buoy,b6,False,,,prediction_jsonl,True
radar_bounded_crops,372,val,buoy,b7,False,,,prediction_jsonl,True
radar_bounded_crops,372,val,buoy,b8,False,,,prediction_jsonl,True
radar_bounded_crops,373,val,boat,boat,True,0.8313097463710409,0.7623183727264404,prediction_jsonl,True
radar_bounded_crops,373,val,buoy,b1,True,0.8393831106066427,0.32371044158935547,prediction_jsonl,True
radar_bounded_crops,373,val,buoy,b3,False,,,prediction_jsonl,True
radar_bounded_crops,373,val,buoy,b4,False,,,prediction_jsonl,True
radar_bounded_crops,373,val,buoy,b5,False,,,prediction_jsonl,True
radar_bounded_crops,373,val,buoy,b6,False,,,prediction_jsonl,True
radar_bounded_crops,373,val,buoy,b7,False,,,prediction_jsonl,True
radar_bounded_crops,373,val,buoy,b8,False,,,prediction_jsonl,True
radar_bounded_crops,374,test,boat,boat,True,0.7469846872969453,0.7321707606315613,prediction_jsonl,True
radar_bounded_crops,374,test,buoy,b1,True,0.8650369805729154,0.3254876434803009,prediction_jsonl,True
radar_bounded_crops,374,test,buoy,b3,False,,,prediction_jsonl,True
radar_bounded_crops,374,test,buoy,b4,False,,,prediction_jsonl,True
radar_bounded_crops,374,test,buoy,b5,False,,,prediction_jsonl,True
radar_bounded_crops,374,test,buoy,b6,False,,,prediction_jsonl,True
radar_bounded_crops,374,test,buoy,b7,False,,,prediction_jsonl,True
radar_bounded_crops,374,test,buoy,b8,False,,,prediction_jsonl,True
radar_bounded_crops,375,test,boat,boat,True,0.7807737210371857,0.7523095607757568,prediction_jsonl,True
radar_bounded_crops,375,test,buoy,b1,True,0.8989407638430474,0.3207775950431824,prediction_jsonl,True
radar_bounded_crops,375,test,buoy,b3,False,,,prediction_jsonl,True
radar_bounded_crops,375,test,buoy,b4,False,,,prediction_jsonl,True
radar_bounded_crops,375,test,buoy,b5,False,,,prediction_jsonl,True
radar_bounded_crops,375,test,buoy,b6,False,,,prediction_jsonl,True
radar_bounded_crops,375,test,buoy,b7,False,,,prediction_jsonl,True
radar_bounded_crops,375,test,buoy,b8,False,,,prediction_jsonl,True
radar_bounded_crops,376,test,boat,boat,True,0.7409327019871883,0.7239060997962952,prediction_jsonl,True
radar_bounded_crops,376,test,buoy,b1,True,0.8794511583783937,0.3278326094150543,prediction_jsonl,True
radar_bounded_crops,376,test,buoy,b3,False,,,prediction_jsonl,True
radar_bounded_crops,376,test,buoy,b4,False,,,prediction_jsonl,True
radar_bounded_crops,376,test,buoy,b5,False,,,prediction_jsonl,True
radar_bounded_crops,376,test,buoy,b6,False,,,prediction_jsonl,True
radar_bounded_crops,376,test,buoy,b7,False,,,prediction_jsonl,True
radar_bounded_crops,376,test,buoy,b8,False,,,prediction_jsonl,True
radar_bounded_crops,377,test,boat,boat,True,0.6928685473992783,0.5971019864082336,prediction_jsonl,True
radar_bounded_crops,377,test,buoy,b1,True,0.8671564110066001,0.3400847017765045,prediction_jsonl,True
radar_bounded_crops,377,test,buoy,b3,False,,,prediction_jsonl,True
radar_bounded_crops,377,test,buoy,b4,False,,,prediction_jsonl,True
radar_bounded_crops,377,test,buoy,b5,False,,,prediction_jsonl,True
radar_bounded_crops,377,test,buoy,b6,False,,,prediction_jsonl,True
radar_bounded_crops,377,test,buoy,b7,False,,,prediction_jsonl,True
radar_bounded_crops,377,test,buoy,b8,False,,,prediction_jsonl,True
radar_bounded_crops,378,test,boat,boat,True,0.7642225207342965,0.47762900590896606,prediction_jsonl,True
radar_bounded_crops,378,test,buoy,b1,True,0.8905397177453138,0.3078794479370117,prediction_jsonl,True
radar_bounded_crops,378,test,buoy,b3,False,,,prediction_jsonl,True
radar_bounded_crops,378,test,buoy,b4,False,,,prediction_jsonl,True
radar_bounded_crops,378,test,buoy,b5,False,,,prediction_jsonl,True
radar_bounded_crops,378,test,buoy,b6,False,,,prediction_jsonl,True
radar_bounded_crops,378,test,buoy,b7,False,,,prediction_jsonl,True
radar_bounded_crops,378,test,buoy,b8,False,,,prediction_jsonl,True
radar_bounded_crops,379,test,boat,boat,True,0.7190297914560998,0.5221271514892578,prediction_jsonl,True
radar_bounded_crops,379,test,buoy,b1,True,0.8354971095184494,0.31365370750427246,prediction_jsonl,True
radar_bounded_crops,379,test,buoy,b3,False,,,prediction_jsonl,True
radar_bounded_crops,379,test,buoy,b4,False,,,prediction_jsonl,True
radar_bounded_crops,379,test,buoy,b5,False,,,prediction_jsonl,True
radar_bounded_crops,379,test,buoy,b6,False,,,prediction_jsonl,True
radar_bounded_crops,379,test,buoy,b7,False,,,prediction_jsonl,True
radar_bounded_crops,379,test,buoy,b8,False,,,prediction_jsonl,True
radar_bounded_crops,380,test,boat,boat,True,0.6590249159295969,0.4318924844264984,prediction_jsonl,True
radar_bounded_crops,380,test,buoy,b1,True,0.8634464467170178,0.3113808333873749,prediction_jsonl,True
radar_bounded_crops,380,test,buoy,b3,False,,,prediction_jsonl,True
radar_bounded_crops,380,test,buoy,b4,False,,,prediction_jsonl,True
radar_bounded_crops,380,test,buoy,b5,False,,,prediction_jsonl,True
radar_bounded_crops,380,test,buoy,b6,False,,,prediction_jsonl,True
radar_bounded_crops,380,test,buoy,b7,False,,,prediction_jsonl,True
radar_bounded_crops,380,test,buoy,b8,False,,,prediction_jsonl,True
radar_bounded_crops,381,test,boat,boat,True,0.6849495556615972,0.4879305958747864,prediction_jsonl,True
radar_bounded_crops,381,test,buoy,b1,True,0.82622924356032,0.3067598044872284,prediction_jsonl,True
radar_bounded_crops,381,test,buoy,b3,False,,,prediction_jsonl,True
radar_bounded_crops,381,test,buoy,b4,False,,,prediction_jsonl,True
radar_bounded_crops,381,test,buoy,b5,False,,,prediction_jsonl,True
radar_bounded_crops,381,test,buoy,b6,False,,,prediction_jsonl,True
radar_bounded_crops,381,test,buoy,b7,False,,,prediction_jsonl,True
radar_bounded_crops,381,test,buoy,b8,False,,,prediction_jsonl,True
radar_bounded_crops,382,test,boat,boat,True,0.8235053941294624,0.7037365436553955,prediction_jsonl,True
radar_bounded_crops,382,test,buoy,b1,True,0.8452180879366624,0.2610883414745331,prediction_jsonl,True
radar_bounded_crops,382,test,buoy,b3,False,,,prediction_jsonl,True
radar_bounded_crops,382,test,buoy,b4,False,,,prediction_jsonl,True
radar_bounded_crops,382,test,buoy,b5,False,,,prediction_jsonl,True
radar_bounded_crops,382,test,buoy,b6,False,,,prediction_jsonl,True
radar_bounded_crops,382,test,buoy,b7,False,,,prediction_jsonl,True
radar_bounded_crops,382,test,buoy,b8,False,,,prediction_jsonl,True
radar_bounded_crops,383,test,boat,boat,True,0.84105378711837,0.7125195264816284,prediction_jsonl,True
radar_bounded_crops,383,test,buoy,b1,True,0.8365118125182348,0.32176682353019714,prediction_jsonl,True
radar_bounded_crops,383,test,buoy,b3,False,,,prediction_jsonl,True
radar_bounded_crops,383,test,buoy,b4,False,,,prediction_jsonl,True
radar_bounded_crops,383,test,buoy,b5,False,,,prediction_jsonl,True
radar_bounded_crops,383,test,buoy,b6,False,,,prediction_jsonl,True
radar_bounded_crops,383,test,buoy,b7,False,,,prediction_jsonl,True
radar_bounded_crops,383,test,buoy,b8,False,,,prediction_jsonl,True
radar_bounded_crops,384,test,boat,boat,True,0.8382858829879857,0.7414713501930237,prediction_jsonl,True
radar_bounded_crops,384,test,buoy,b1,True,0.8338550261538837,0.28425246477127075,prediction_jsonl,True
radar_bounded_crops,384,test,buoy,b3,False,,,prediction_jsonl,True
radar_bounded_crops,384,test,buoy,b4,False,,,prediction_jsonl,True
radar_bounded_crops,384,test,buoy,b5,False,,,prediction_jsonl,True
radar_bounded_crops,384,test,buoy,b6,False,,,prediction_jsonl,True
radar_bounded_crops,384,test,buoy,b7,False,,,prediction_jsonl,True
radar_bounded_crops,384,test,buoy,b8,False,,,prediction_jsonl,True
radar_bounded_crops,385,test,boat,boat,True,0.8231889295326894,0.5711463689804077,prediction_jsonl,True
radar_bounded_crops,385,test,buoy,b1,True,0.8183611007103804,0.32109203934669495,prediction_jsonl,True
radar_bounded_crops,385,test,buoy,b3,False,,,prediction_jsonl,True
radar_bounded_crops,385,test,buoy,b4,False,,,prediction_jsonl,True
radar_bounded_crops,385,test,buoy,b5,False,,,prediction_jsonl,True
radar_bounded_crops,385,test,buoy,b6,False,,,prediction_jsonl,True
radar_bounded_crops,385,test,buoy,b7,False,,,prediction_jsonl,True
radar_bounded_crops,385,test,buoy,b8,False,,,prediction_jsonl,True
radar_bounded_crops,386,test,boat,boat,True,0.7769548995604802,0.44190657138824463,prediction_jsonl,True
radar_bounded_crops,386,test,buoy,b1,True,0.8292509270547012,0.3119235038757324,prediction_jsonl,True
radar_bounded_crops,386,test,buoy,b3,False,,,prediction_jsonl,True
radar_bounded_crops,386,test,buoy,b4,False,,,prediction_jsonl,True
radar_bounded_crops,386,test,buoy,b5,False,,,prediction_jsonl,True
radar_bounded_crops,386,test,buoy,b6,False,,,prediction_jsonl,True
radar_bounded_crops,386,test,buoy,b7,False,,,prediction_jsonl,True
radar_bounded_crops,386,test,buoy,b8,False,,,prediction_jsonl,True
radar_bounded_crops,387,test,boat,boat,True,0.823391041491317,0.6182128190994263,prediction_jsonl,True
radar_bounded_crops,387,test,buoy,b1,True,0.8152551820263507,0.288461297750473,prediction_jsonl,True
radar_bounded_crops,387,test,buoy,b3,False,,,prediction_jsonl,True
radar_bounded_crops,387,test,buoy,b4,False,,,prediction_jsonl,True
radar_bounded_crops,387,test,buoy,b5,False,,,prediction_jsonl,True
radar_bounded_crops,387,test,buoy,b6,False,,,prediction_jsonl,True
radar_bounded_crops,387,test,buoy,b7,False,,,prediction_jsonl,True
radar_bounded_crops,387,test,buoy,b8,False,,,prediction_jsonl,True
radar_bounded_crops,388,test,boat,boat,True,0.6592555943757836,0.425595760345459,prediction_jsonl,True
radar_bounded_crops,388,test,buoy,b1,True,0.8630342472756453,0.2605443596839905,prediction_jsonl,True
radar_bounded_crops,388,test,buoy,b3,False,,,prediction_jsonl,True
radar_bounded_crops,388,test,buoy,b4,False,,,prediction_jsonl,True
radar_bounded_crops,388,test,buoy,b5,False,,,prediction_jsonl,True
radar_bounded_crops,388,test,buoy,b6,False,,,prediction_jsonl,True
radar_bounded_crops,388,test,buoy,b7,False,,,prediction_jsonl,True
radar_bounded_crops,388,test,buoy,b8,False,,,prediction_jsonl,True
radar_bounded_crops,389,test,boat,boat,True,0.6802470254792571,0.5824685096740723,prediction_jsonl,True
radar_bounded_crops,389,test,buoy,b1,True,0.8313476744528796,0.32408466935157776,prediction_jsonl,True
radar_bounded_crops,389,test,buoy,b3,False,,,prediction_jsonl,True
radar_bounded_crops,389,test,buoy,b4,False,,,prediction_jsonl,True
radar_bounded_crops,389,test,buoy,b5,False,,,prediction_jsonl,True
radar_bounded_crops,389,test,buoy,b6,False,,,prediction_jsonl,True
radar_bounded_crops,389,test,buoy,b7,False,,,prediction_jsonl,True
radar_bounded_crops,389,test,buoy,b8,False,,,prediction_jsonl,True
radar_bounded_crops,390,test,boat,boat,True,0.6946057654804051,0.6446975469589233,prediction_jsonl,True
radar_bounded_crops,390,test,buoy,b1,True,0.8291004143337831,0.3117164075374603,prediction_jsonl,True
radar_bounded_crops,390,test,buoy,b3,False,,,prediction_jsonl,True
radar_bounded_crops,390,test,buoy,b4,False,,,prediction_jsonl,True
radar_bounded_crops,390,test,buoy,b5,False,,,prediction_jsonl,True
radar_bounded_crops,390,test,buoy,b6,False,,,prediction_jsonl,True
radar_bounded_crops,390,test,buoy,b7,False,,,prediction_jsonl,True
radar_bounded_crops,390,test,buoy,b8,False,,,prediction_jsonl,True
radar_bounded_crops,391,test,boat,boat,True,0.8236519916421406,0.7126497030258179,prediction_jsonl,True
radar_bounded_crops,391,test,buoy,b1,True,0.8267842916690638,0.3441932499408722,prediction_jsonl,True
radar_bounded_crops,391,test,buoy,b3,False,,,prediction_jsonl,True
radar_bounded_crops,391,test,buoy,b4,False,,,prediction_jsonl,True
radar_bounded_crops,391,test,buoy,b5,False,,,prediction_jsonl,True
radar_bounded_crops,391,test,buoy,b6,False,,,prediction_jsonl,True
radar_bounded_crops,391,test,buoy,b7,False,,,prediction_jsonl,True
radar_bounded_crops,391,test,buoy,b8,False,,,prediction_jsonl,True
radar_bounded_crops,392,test,boat,boat,True,0.78648921187604,0.4360501766204834,prediction_jsonl,True
radar_bounded_crops,392,test,buoy,b1,True,0.8155807544088223,0.33443552255630493,prediction_jsonl,True
radar_bounded_crops,392,test,buoy,b3,False,,,prediction_jsonl,True
radar_bounded_crops,392,test,buoy,b4,False,,,prediction_jsonl,True
radar_bounded_crops,392,test,buoy,b5,False,,,prediction_jsonl,True
radar_bounded_crops,392,test,buoy,b6,False,,,prediction_jsonl,True
radar_bounded_crops,392,test,buoy,b7,False,,,prediction_jsonl,True
radar_bounded_crops,392,test,buoy,b8,False,,,prediction_jsonl,True
radar_bounded_crops,393,test,boat,boat,True,0.7817156041839954,0.42082104086875916,prediction_jsonl,True
radar_bounded_crops,393,test,buoy,b1,True,0.8305548587225016,0.34136077761650085,prediction_jsonl,True
radar_bounded_crops,393,test,buoy,b3,False,,,prediction_jsonl,True
radar_bounded_crops,393,test,buoy,b4,False,,,prediction_jsonl,True
radar_bounded_crops,393,test,buoy,b5,False,,,prediction_jsonl,True
radar_bounded_crops,393,test,buoy,b6,False,,,prediction_jsonl,True
radar_bounded_crops,393,test,buoy,b7,False,,,prediction_jsonl,True
radar_bounded_crops,393,test,buoy,b8,False,,,prediction_jsonl,True
radar_bounded_crops,394,test,boat,boat,True,0.642314804143709,0.42190563678741455,prediction_jsonl,True
radar_bounded_crops,394,test,buoy,b1,True,0.8545292524164849,0.34527623653411865,prediction_jsonl,True
radar_bounded_crops,394,test,buoy,b3,False,,,prediction_jsonl,True
radar_bounded_crops,394,test,buoy,b4,False,,,prediction_jsonl,True
radar_bounded_crops,394,test,buoy,b5,False,,,prediction_jsonl,True
radar_bounded_crops,394,test,buoy,b6,False,,,prediction_jsonl,True
radar_bounded_crops,394,test,buoy,b7,False,,,prediction_jsonl,True
radar_bounded_crops,394,test,buoy,b8,False,,,prediction_jsonl,True
radar_bounded_crops,395,test,boat,boat,True,0.645733204405301,0.4468494951725006,prediction_jsonl,True
radar_bounded_crops,395,test,buoy,b1,True,0.8546156766041991,0.3644648790359497,prediction_jsonl,True
radar_bounded_crops,395,test,buoy,b3,False,,,prediction_jsonl,True
radar_bounded_crops,395,test,buoy,b4,False,,,prediction_jsonl,True
radar_bounded_crops,395,test,buoy,b5,False,,,prediction_jsonl,True
radar_bounded_crops,395,test,buoy,b6,False,,,prediction_jsonl,True
radar_bounded_crops,395,test,buoy,b7,False,,,prediction_jsonl,True
radar_bounded_crops,395,test,buoy,b8,False,,,prediction_jsonl,True
radar_bounded_crops,396,test,boat,boat,True,0.6900368536026058,0.6818010210990906,prediction_jsonl,True
radar_bounded_crops,396,test,buoy,b1,True,0.8414246452996627,0.3295122981071472,prediction_jsonl,True
radar_bounded_crops,396,test,buoy,b3,False,,,prediction_jsonl,True
radar_bounded_crops,396,test,buoy,b4,False,,,prediction_jsonl,True
radar_bounded_crops,396,test,buoy,b5,False,,,prediction_jsonl,True
radar_bounded_crops,396,test,buoy,b6,False,,,prediction_jsonl,True
radar_bounded_crops,396,test,buoy,b7,False,,,prediction_jsonl,True
radar_bounded_crops,396,test,buoy,b8,False,,,prediction_jsonl,True
radar_bounded_crops,397,test,boat,boat,True,0.6318113187545673,0.49570754170417786,prediction_jsonl,True
radar_bounded_crops,397,test,buoy,b1,True,0.8216024373291292,0.3343854546546936,prediction_jsonl,True
radar_bounded_crops,397,test,buoy,b3,False,,,prediction_jsonl,True
radar_bounded_crops,397,test,buoy,b4,False,,,prediction_jsonl,True
radar_bounded_crops,397,test,buoy,b5,False,,,prediction_jsonl,True
radar_bounded_crops,397,test,buoy,b6,False,,,prediction_jsonl,True
radar_bounded_crops,397,test,buoy,b7,False,,,prediction_jsonl,True
radar_bounded_crops,397,test,buoy,b8,False,,,prediction_jsonl,True
radar_bounded_crops,398,test,boat,boat,True,0.6279391536083628,0.44266295433044434,prediction_jsonl,True
radar_bounded_crops,398,test,buoy,b1,True,0.8239284748566267,0.3239774703979492,prediction_jsonl,True
radar_bounded_crops,398,test,buoy,b3,False,,,prediction_jsonl,True
radar_bounded_crops,398,test,buoy,b4,False,,,prediction_jsonl,True
radar_bounded_crops,398,test,buoy,b5,False,,,prediction_jsonl,True
radar_bounded_crops,398,test,buoy,b6,False,,,prediction_jsonl,True
radar_bounded_crops,398,test,buoy,b7,False,,,prediction_jsonl,True
radar_bounded_crops,398,test,buoy,b8,False,,,prediction_jsonl,True
radar_bounded_crops,399,test,boat,boat,True,0.7574300603757125,0.6305598616600037,prediction_jsonl,True
radar_bounded_crops,399,test,buoy,b1,True,0.884869916572618,0.32919490337371826,prediction_jsonl,True
radar_bounded_crops,399,test,buoy,b3,False,,,prediction_jsonl,True
radar_bounded_crops,399,test,buoy,b4,False,,,prediction_jsonl,True
radar_bounded_crops,399,test,buoy,b5,False,,,prediction_jsonl,True
radar_bounded_crops,399,test,buoy,b6,False,,,prediction_jsonl,True
radar_bounded_crops,399,test,buoy,b7,False,,,prediction_jsonl,True
radar_bounded_crops,399,test,buoy,b8,False,,,prediction_jsonl,True
radar_bounded_crops,400,test,boat,boat,True,0.8315736719270385,0.6244009137153625,prediction_jsonl,True
radar_bounded_crops,400,test,buoy,b1,True,0.8761625777348874,0.3314287066459656,prediction_jsonl,True
radar_bounded_crops,400,test,buoy,b3,False,,,prediction_jsonl,True
radar_bounded_crops,400,test,buoy,b4,False,,,prediction_jsonl,True
radar_bounded_crops,400,test,buoy,b5,False,,,prediction_jsonl,True
radar_bounded_crops,400,test,buoy,b6,False,,,prediction_jsonl,True
radar_bounded_crops,400,test,buoy,b7,False,,,prediction_jsonl,True
radar_bounded_crops,400,test,buoy,b8,False,,,prediction_jsonl,True
radar_bounded_crops,401,test,boat,boat,True,0.8070868696257929,0.6652513742446899,prediction_jsonl,True
radar_bounded_crops,401,test,buoy,b1,True,0.8833686670977282,0.3602663576602936,prediction_jsonl,True
radar_bounded_crops,401,test,buoy,b3,False,,,prediction_jsonl,True
radar_bounded_crops,401,test,buoy,b4,False,,,prediction_jsonl,True
radar_bounded_crops,401,test,buoy,b5,False,,,prediction_jsonl,True
radar_bounded_crops,401,test,buoy,b6,False,,,prediction_jsonl,True
radar_bounded_crops,401,test,buoy,b7,False,,,prediction_jsonl,True
radar_bounded_crops,401,test,buoy,b8,False,,,prediction_jsonl,True
radar_bounded_crops,402,test,boat,boat,True,0.8015401826722324,0.6148781776428223,prediction_jsonl,True
radar_bounded_crops,402,test,buoy,b1,True,0.8555099657391427,0.35337164998054504,prediction_jsonl,True
radar_bounded_crops,402,test,buoy,b3,False,,,prediction_jsonl,True
radar_bounded_crops,402,test,buoy,b4,False,,,prediction_jsonl,True
radar_bounded_crops,402,test,buoy,b5,False,,,prediction_jsonl,True
radar_bounded_crops,402,test,buoy,b6,False,,,prediction_jsonl,True
radar_bounded_crops,402,test,buoy,b7,False,,,prediction_jsonl,True
radar_bounded_crops,402,test,buoy,b8,False,,,prediction_jsonl,True
radar_bounded_crops,403,test,boat,boat,True,0.7702769647182223,0.5541679263114929,prediction_jsonl,True
radar_bounded_crops,403,test,buoy,b1,True,0.8482782301502373,0.358136385679245,prediction_jsonl,True
radar_bounded_crops,403,test,buoy,b3,False,,,prediction_jsonl,True
radar_bounded_crops,403,test,buoy,b4,False,,,prediction_jsonl,True
radar_bounded_crops,403,test,buoy,b5,False,,,prediction_jsonl,True
radar_bounded_crops,403,test,buoy,b6,False,,,prediction_jsonl,True
radar_bounded_crops,403,test,buoy,b7,False,,,prediction_jsonl,True
radar_bounded_crops,403,test,buoy,b8,False,,,prediction_jsonl,True
radar_bounded_crops,404,test,boat,boat,True,0.8002635546450811,0.4203212857246399,prediction_jsonl,True
radar_bounded_crops,404,test,buoy,b1,True,0.8637119662105749,0.3568119704723358,prediction_jsonl,True
radar_bounded_crops,404,test,buoy,b3,False,,,prediction_jsonl,True
radar_bounded_crops,404,test,buoy,b4,False,,,prediction_jsonl,True
radar_bounded_crops,404,test,buoy,b5,False,,,prediction_jsonl,True
radar_bounded_crops,404,test,buoy,b6,False,,,prediction_jsonl,True
radar_bounded_crops,404,test,buoy,b7,False,,,prediction_jsonl,True
radar_bounded_crops,404,test,buoy,b8,False,,,prediction_jsonl,True
radar_bounded_crops,405,test,boat,boat,True,0.8339610564752661,0.6090037822723389,prediction_jsonl,True
radar_bounded_crops,405,test,buoy,b1,True,0.8380706623231464,0.34773802757263184,prediction_jsonl,True
radar_bounded_crops,405,test,buoy,b3,False,,,prediction_jsonl,True
radar_bounded_crops,405,test,buoy,b4,False,,,prediction_jsonl,True
radar_bounded_crops,405,test,buoy,b5,False,,,prediction_jsonl,True
radar_bounded_crops,405,test,buoy,b6,False,,,prediction_jsonl,True
radar_bounded_crops,405,test,buoy,b7,False,,,prediction_jsonl,True
radar_bounded_crops,405,test,buoy,b8,False,,,prediction_jsonl,True
radar_bounded_crops,406,test,boat,boat,True,0.6425272158490183,0.428286075592041,prediction_jsonl,True
radar_bounded_crops,406,test,buoy,b1,True,0.8520132327359141,0.3421330451965332,prediction_jsonl,True
radar_bounded_crops,406,test,buoy,b3,False,,,prediction_jsonl,True
radar_bounded_crops,406,test,buoy,b4,False,,,prediction_jsonl,True
radar_bounded_crops,406,test,buoy,b5,False,,,prediction_jsonl,True
radar_bounded_crops,406,test,buoy,b6,False,,,prediction_jsonl,True
radar_bounded_crops,406,test,buoy,b7,False,,,prediction_jsonl,True
radar_bounded_crops,406,test,buoy,b8,False,,,prediction_jsonl,True
radar_bounded_crops,407,test,boat,boat,True,0.8453254750817233,0.6496399641036987,prediction_jsonl,True
radar_bounded_crops,407,test,buoy,b1,True,0.8866509007541061,0.3408151865005493,prediction_jsonl,True
radar_bounded_crops,407,test,buoy,b3,False,,,prediction_jsonl,True
radar_bounded_crops,407,test,buoy,b4,False,,,prediction_jsonl,True
radar_bounded_crops,407,test,buoy,b5,False,,,prediction_jsonl,True
radar_bounded_crops,407,test,buoy,b6,False,,,prediction_jsonl,True
radar_bounded_crops,407,test,buoy,b7,False,,,prediction_jsonl,True
radar_bounded_crops,407,test,buoy,b8,False,,,prediction_jsonl,True
radar_bounded_crops,408,test,boat,boat,True,0.8350922101075123,0.6044012308120728,prediction_jsonl,True
radar_bounded_crops,408,test,buoy,b1,True,0.8576861737824142,0.35097235441207886,prediction_jsonl,True
radar_bounded_crops,408,test,buoy,b3,False,,,prediction_jsonl,True
radar_bounded_crops,408,test,buoy,b4,False,,,prediction_jsonl,True
radar_bounded_crops,408,test,buoy,b5,False,,,prediction_jsonl,True
radar_bounded_crops,408,test,buoy,b6,False,,,prediction_jsonl,True
radar_bounded_crops,408,test,buoy,b7,False,,,prediction_jsonl,True
radar_bounded_crops,408,test,buoy,b8,False,,,prediction_jsonl,True
radar_bounded_crops,409,test,boat,boat,True,0.6495987052960523,0.4502105414867401,prediction_jsonl,True
radar_bounded_crops,409,test,buoy,b1,True,0.8606705154955825,0.30242908000946045,prediction_jsonl,True
radar_bounded_crops,409,test,buoy,b3,False,,,prediction_jsonl,True
radar_bounded_crops,409,test,buoy,b4,False,,,prediction_jsonl,True
radar_bounded_crops,409,test,buoy,b5,False,,,prediction_jsonl,True
radar_bounded_crops,409,test,buoy,b6,False,,,prediction_jsonl,True
radar_bounded_crops,409,test,buoy,b7,False,,,prediction_jsonl,True
radar_bounded_crops,409,test,buoy,b8,False,,,prediction_jsonl,True
radar_bounded_crops,410,test,boat,boat,True,0.6691111352319654,0.4683936536312103,prediction_jsonl,True
radar_bounded_crops,410,test,buoy,b1,True,0.868655602788655,0.3164101243019104,prediction_jsonl,True
radar_bounded_crops,410,test,buoy,b3,False,,,prediction_jsonl,True
radar_bounded_crops,410,test,buoy,b4,False,,,prediction_jsonl,True
radar_bounded_crops,410,test,buoy,b5,False,,,prediction_jsonl,True
radar_bounded_crops,410,test,buoy,b6,False,,,prediction_jsonl,True
radar_bounded_crops,410,test,buoy,b7,False,,,prediction_jsonl,True
radar_bounded_crops,410,test,buoy,b8,False,,,prediction_jsonl,True
radar_bounded_crops,411,test,boat,boat,True,0.7574848985750994,0.431591659784317,prediction_jsonl,True
radar_bounded_crops,411,test,buoy,b1,True,0.8559912196856917,0.2999539375305176,prediction_jsonl,True
radar_bounded_crops,411,test,buoy,b3,False,,,prediction_jsonl,True
radar_bounded_crops,411,test,buoy,b4,False,,,prediction_jsonl,True
radar_bounded_crops,411,test,buoy,b5,False,,,prediction_jsonl,True
radar_bounded_crops,411,test,buoy,b6,False,,,prediction_jsonl,True
radar_bounded_crops,411,test,buoy,b7,False,,,prediction_jsonl,True
radar_bounded_crops,411,test,buoy,b8,False,,,prediction_jsonl,True
radar_bounded_crops,412,test,boat,boat,True,0.6000977041689006,0.45556676387786865,prediction_jsonl,True
radar_bounded_crops,412,test,buoy,b1,True,0.826365620644629,0.3014104962348938,prediction_jsonl,True
radar_bounded_crops,412,test,buoy,b3,False,,,prediction_jsonl,True
radar_bounded_crops,412,test,buoy,b4,False,,,prediction_jsonl,True
radar_bounded_crops,412,test,buoy,b5,False,,,prediction_jsonl,True
radar_bounded_crops,412,test,buoy,b6,False,,,prediction_jsonl,True
radar_bounded_crops,412,test,buoy,b7,False,,,prediction_jsonl,True
radar_bounded_crops,412,test,buoy,b8,False,,,prediction_jsonl,True
radar_bounded_crops,413,test,boat,boat,True,0.6753343851788997,0.5796301960945129,prediction_jsonl,True
radar_bounded_crops,413,test,buoy,b1,True,0.849917315580863,0.28549519181251526,prediction_jsonl,True
radar_bounded_crops,413,test,buoy,b3,False,,,prediction_jsonl,True
radar_bounded_crops,413,test,buoy,b4,False,,,prediction_jsonl,True
radar_bounded_crops,413,test,buoy,b5,False,,,prediction_jsonl,True
radar_bounded_crops,413,test,buoy,b6,False,,,prediction_jsonl,True
radar_bounded_crops,413,test,buoy,b7,False,,,prediction_jsonl,True
radar_bounded_crops,413,test,buoy,b8,False,,,prediction_jsonl,True
radar_bounded_crops,414,test,boat,boat,True,0.6432515861819368,0.467278391122818,prediction_jsonl,True
radar_bounded_crops,414,test,buoy,b1,True,0.8175960407142027,0.2994001507759094,prediction_jsonl,True
radar_bounded_crops,414,test,buoy,b3,False,,,prediction_jsonl,True
radar_bounded_crops,414,test,buoy,b4,False,,,prediction_jsonl,True
radar_bounded_crops,414,test,buoy,b5,False,,,prediction_jsonl,True
radar_bounded_crops,414,test,buoy,b6,False,,,prediction_jsonl,True
radar_bounded_crops,414,test,buoy,b7,False,,,prediction_jsonl,True
radar_bounded_crops,414,test,buoy,b8,False,,,prediction_jsonl,True
radar_bounded_crops,415,test,boat,boat,True,0.6651487519485776,0.49783816933631897,prediction_jsonl,True
radar_bounded_crops,415,test,buoy,b1,True,0.837861578824683,0.30256927013397217,prediction_jsonl,True
radar_bounded_crops,415,test,buoy,b3,False,,,prediction_jsonl,True
radar_bounded_crops,415,test,buoy,b4,False,,,prediction_jsonl,True
radar_bounded_crops,415,test,buoy,b5,False,,,prediction_jsonl,True
radar_bounded_crops,415,test,buoy,b6,False,,,prediction_jsonl,True
radar_bounded_crops,415,test,buoy,b7,False,,,prediction_jsonl,True
radar_bounded_crops,415,test,buoy,b8,False,,,prediction_jsonl,True
radar_bounded_crops,416,test,boat,boat,True,0.6708640796097467,0.48995697498321533,prediction_jsonl,True
radar_bounded_crops,416,test,buoy,b1,True,0.837159364894229,0.292442262172699,prediction_jsonl,True
radar_bounded_crops,416,test,buoy,b3,False,,,prediction_jsonl,True
radar_bounded_crops,416,test,buoy,b4,False,,,prediction_jsonl,True
radar_bounded_crops,416,test,buoy,b5,False,,,prediction_jsonl,True
radar_bounded_crops,416,test,buoy,b6,False,,,prediction_jsonl,True
radar_bounded_crops,416,test,buoy,b7,False,,,prediction_jsonl,True
radar_bounded_crops,416,test,buoy,b8,False,,,prediction_jsonl,True
radar_bounded_crops,417,test,boat,boat,True,0.6500626441371977,0.45473581552505493,prediction_jsonl,True
radar_bounded_crops,417,test,buoy,b1,True,0.8488563590961189,0.29577165842056274,prediction_jsonl,True
radar_bounded_crops,417,test,buoy,b3,False,,,prediction_jsonl,True
radar_bounded_crops,417,test,buoy,b4,False,,,prediction_jsonl,True
radar_bounded_crops,417,test,buoy,b5,False,,,prediction_jsonl,True
radar_bounded_crops,417,test,buoy,b6,False,,,prediction_jsonl,True
radar_bounded_crops,417,test,buoy,b7,False,,,prediction_jsonl,True
radar_bounded_crops,417,test,buoy,b8,False,,,prediction_jsonl,True
radar_bounded_crops,418,test,boat,boat,True,0.80731022973724,0.4910554587841034,prediction_jsonl,True
radar_bounded_crops,418,test,buoy,b1,True,0.8340839415226169,0.29196855425834656,prediction_jsonl,True
radar_bounded_crops,418,test,buoy,b3,False,,,prediction_jsonl,True
radar_bounded_crops,418,test,buoy,b4,False,,,prediction_jsonl,True
radar_bounded_crops,418,test,buoy,b5,False,,,prediction_jsonl,True
radar_bounded_crops,418,test,buoy,b6,False,,,prediction_jsonl,True
radar_bounded_crops,418,test,buoy,b7,False,,,prediction_jsonl,True
radar_bounded_crops,418,test,buoy,b8,False,,,prediction_jsonl,True
radar_confidence_gated,119,train,boat,boat,True,0.7120108964510586,0.6370086073875427,prediction_jsonl,True
radar_confidence_gated,119,train,buoy,b1,True,0.6020642336529316,0.22126361727714539,prediction_jsonl,True
radar_confidence_gated,119,train,buoy,b2,False,,,prediction_jsonl,True
radar_confidence_gated,119,train,buoy,b3,False,,,prediction_jsonl,True
radar_confidence_gated,119,train,buoy,b4,False,,,prediction_jsonl,True
radar_confidence_gated,119,train,buoy,b5,False,,,prediction_jsonl,True
radar_confidence_gated,119,train,buoy,b6,False,,,prediction_jsonl,True
radar_confidence_gated,119,train,buoy,b7,False,,,prediction_jsonl,True
radar_confidence_gated,119,train,buoy,b8,False,,,prediction_jsonl,True
radar_confidence_gated,120,train,boat,boat,True,0.6856854640282276,0.655012845993042,prediction_jsonl,True
radar_confidence_gated,120,train,buoy,b1,True,0.5877413615845505,0.2248810976743698,prediction_jsonl,True
radar_confidence_gated,120,train,buoy,b2,False,,,prediction_jsonl,True
radar_confidence_gated,120,train,buoy,b3,False,,,prediction_jsonl,True
radar_confidence_gated,120,train,buoy,b4,False,,,prediction_jsonl,True
radar_confidence_gated,120,train,buoy,b5,False,,,prediction_jsonl,True
radar_confidence_gated,120,train,buoy,b6,False,,,prediction_jsonl,True
radar_confidence_gated,120,train,buoy,b7,False,,,prediction_jsonl,True
radar_confidence_gated,120,train,buoy,b8,False,,,prediction_jsonl,True
radar_confidence_gated,121,train,boat,boat,True,0.7192467297760078,0.6587588787078857,prediction_jsonl,True
radar_confidence_gated,121,train,buoy,b1,True,0.6152168175328241,0.2042919397354126,prediction_jsonl,True
radar_confidence_gated,121,train,buoy,b2,False,,,prediction_jsonl,True
radar_confidence_gated,121,train,buoy,b3,False,,,prediction_jsonl,True
radar_confidence_gated,121,train,buoy,b4,False,,,prediction_jsonl,True
radar_confidence_gated,121,train,buoy,b5,False,,,prediction_jsonl,True
radar_confidence_gated,121,train,buoy,b6,False,,,prediction_jsonl,True
radar_confidence_gated,121,train,buoy,b7,False,,,prediction_jsonl,True
radar_confidence_gated,121,train,buoy,b8,False,,,prediction_jsonl,True
radar_confidence_gated,122,train,boat,boat,True,0.719096177709124,0.643306314945221,prediction_jsonl,True
radar_confidence_gated,122,train,buoy,b1,True,0.6130984630354689,0.1826675683259964,prediction_jsonl,True
radar_confidence_gated,122,train,buoy,b2,False,,,prediction_jsonl,True
radar_confidence_gated,122,train,buoy,b3,False,,,prediction_jsonl,True
radar_confidence_gated,122,train,buoy,b4,False,,,prediction_jsonl,True
radar_confidence_gated,122,train,buoy,b5,False,,,prediction_jsonl,True
radar_confidence_gated,122,train,buoy,b6,False,,,prediction_jsonl,True
radar_confidence_gated,122,train,buoy,b7,False,,,prediction_jsonl,True
radar_confidence_gated,122,train,buoy,b8,False,,,prediction_jsonl,True
radar_confidence_gated,123,train,boat,boat,True,0.7033542515881489,0.6453753113746643,prediction_jsonl,True
radar_confidence_gated,123,train,buoy,b1,True,0.5915504271007026,0.18542277812957764,prediction_jsonl,True
radar_confidence_gated,123,train,buoy,b2,False,,,prediction_jsonl,True
radar_confidence_gated,123,train,buoy,b3,False,,,prediction_jsonl,True
radar_confidence_gated,123,train,buoy,b4,False,,,prediction_jsonl,True
radar_confidence_gated,123,train,buoy,b5,False,,,prediction_jsonl,True
radar_confidence_gated,123,train,buoy,b6,False,,,prediction_jsonl,True
radar_confidence_gated,123,train,buoy,b7,False,,,prediction_jsonl,True
radar_confidence_gated,123,train,buoy,b8,False,,,prediction_jsonl,True
radar_confidence_gated,124,train,boat,boat,True,0.6930290229017684,0.6462193727493286,prediction_jsonl,True
radar_confidence_gated,124,train,buoy,b1,True,0.5894453423182822,0.21214717626571655,prediction_jsonl,True
radar_confidence_gated,124,train,buoy,b2,False,,,prediction_jsonl,True
radar_confidence_gated,124,train,buoy,b3,False,,,prediction_jsonl,True
radar_confidence_gated,124,train,buoy,b4,False,,,prediction_jsonl,True
radar_confidence_gated,124,train,buoy,b5,False,,,prediction_jsonl,True
radar_confidence_gated,124,train,buoy,b6,False,,,prediction_jsonl,True
radar_confidence_gated,124,train,buoy,b7,False,,,prediction_jsonl,True
radar_confidence_gated,124,train,buoy,b8,False,,,prediction_jsonl,True
radar_confidence_gated,125,train,boat,boat,True,0.6918044949673002,0.6497337222099304,prediction_jsonl,True
radar_confidence_gated,125,train,buoy,b1,True,0.5624013911815118,0.21629980206489563,prediction_jsonl,True
radar_confidence_gated,125,train,buoy,b2,False,,,prediction_jsonl,True
radar_confidence_gated,125,train,buoy,b3,False,,,prediction_jsonl,True
radar_confidence_gated,125,train,buoy,b4,False,,,prediction_jsonl,True
radar_confidence_gated,125,train,buoy,b5,False,,,prediction_jsonl,True
radar_confidence_gated,125,train,buoy,b6,False,,,prediction_jsonl,True
radar_confidence_gated,125,train,buoy,b7,False,,,prediction_jsonl,True
radar_confidence_gated,125,train,buoy,b8,False,,,prediction_jsonl,True
radar_confidence_gated,126,train,boat,boat,True,0.6804011795185697,0.6515589952468872,prediction_jsonl,True
radar_confidence_gated,126,train,buoy,b1,True,0.573363082476747,0.2300954908132553,prediction_jsonl,True
radar_confidence_gated,126,train,buoy,b2,False,,,prediction_jsonl,True
radar_confidence_gated,126,train,buoy,b3,False,,,prediction_jsonl,True
radar_confidence_gated,126,train,buoy,b4,False,,,prediction_jsonl,True
radar_confidence_gated,126,train,buoy,b5,False,,,prediction_jsonl,True
radar_confidence_gated,126,train,buoy,b6,False,,,prediction_jsonl,True
radar_confidence_gated,126,train,buoy,b7,False,,,prediction_jsonl,True
radar_confidence_gated,126,train,buoy,b8,False,,,prediction_jsonl,True
radar_confidence_gated,127,train,boat,boat,True,0.6988795729831883,0.6536134481430054,prediction_jsonl,True
radar_confidence_gated,127,train,buoy,b1,True,0.5714712242386483,0.21180063486099243,prediction_jsonl,True
radar_confidence_gated,127,train,buoy,b2,False,,,prediction_jsonl,True
radar_confidence_gated,127,train,buoy,b3,False,,,prediction_jsonl,True
radar_confidence_gated,127,train,buoy,b4,False,,,prediction_jsonl,True
radar_confidence_gated,127,train,buoy,b5,False,,,prediction_jsonl,True
radar_confidence_gated,127,train,buoy,b6,False,,,prediction_jsonl,True
radar_confidence_gated,127,train,buoy,b7,False,,,prediction_jsonl,True
radar_confidence_gated,127,train,buoy,b8,False,,,prediction_jsonl,True
radar_confidence_gated,128,train,boat,boat,True,0.6836999746987475,0.6426524519920349,prediction_jsonl,True
radar_confidence_gated,128,train,buoy,b1,True,0.5761929778603454,0.21084536612033844,prediction_jsonl,True
radar_confidence_gated,128,train,buoy,b2,False,,,prediction_jsonl,True
radar_confidence_gated,128,train,buoy,b3,False,,,prediction_jsonl,True
radar_confidence_gated,128,train,buoy,b4,False,,,prediction_jsonl,True
radar_confidence_gated,128,train,buoy,b5,False,,,prediction_jsonl,True
radar_confidence_gated,128,train,buoy,b6,False,,,prediction_jsonl,True
radar_confidence_gated,128,train,buoy,b7,False,,,prediction_jsonl,True
radar_confidence_gated,128,train,buoy,b8,False,,,prediction_jsonl,True
radar_confidence_gated,129,train,boat,boat,True,0.647562432455728,0.6453797221183777,prediction_jsonl,True
radar_confidence_gated,129,train,buoy,b1,True,0.592885139978452,0.19362513720989227,prediction_jsonl,True
radar_confidence_gated,129,train,buoy,b2,False,,,prediction_jsonl,True
radar_confidence_gated,129,train,buoy,b3,False,,,prediction_jsonl,True
radar_confidence_gated,129,train,buoy,b4,False,,,prediction_jsonl,True
radar_confidence_gated,129,train,buoy,b5,False,,,prediction_jsonl,True
radar_confidence_gated,129,train,buoy,b6,False,,,prediction_jsonl,True
radar_confidence_gated,129,train,buoy,b7,False,,,prediction_jsonl,True
radar_confidence_gated,129,train,buoy,b8,False,,,prediction_jsonl,True
radar_confidence_gated,130,train,boat,boat,True,0.7037801414742831,0.6446740627288818,prediction_jsonl,True
radar_confidence_gated,130,train,buoy,b1,True,0.5792253991632815,0.2085561752319336,prediction_jsonl,True
radar_confidence_gated,130,train,buoy,b2,False,,,prediction_jsonl,True
radar_confidence_gated,130,train,buoy,b3,False,,,prediction_jsonl,True
radar_confidence_gated,130,train,buoy,b4,False,,,prediction_jsonl,True
radar_confidence_gated,130,train,buoy,b5,False,,,prediction_jsonl,True
radar_confidence_gated,130,train,buoy,b6,False,,,prediction_jsonl,True
radar_confidence_gated,130,train,buoy,b7,False,,,prediction_jsonl,True
radar_confidence_gated,130,train,buoy,b8,False,,,prediction_jsonl,True
radar_confidence_gated,131,train,boat,boat,True,0.690431951858827,0.6508535742759705,prediction_jsonl,True
radar_confidence_gated,131,train,buoy,b1,True,0.560845482036759,0.18980804085731506,prediction_jsonl,True
radar_confidence_gated,131,train,buoy,b2,False,,,prediction_jsonl,True
radar_confidence_gated,131,train,buoy,b3,False,,,prediction_jsonl,True
radar_confidence_gated,131,train,buoy,b4,False,,,prediction_jsonl,True
radar_confidence_gated,131,train,buoy,b5,False,,,prediction_jsonl,True
radar_confidence_gated,131,train,buoy,b6,False,,,prediction_jsonl,True
radar_confidence_gated,131,train,buoy,b7,False,,,prediction_jsonl,True
radar_confidence_gated,131,train,buoy,b8,False,,,prediction_jsonl,True
radar_confidence_gated,132,train,boat,boat,True,0.6854023167154728,0.6543265581130981,prediction_jsonl,True
radar_confidence_gated,132,train,buoy,b1,True,0.5691241221224944,0.20736883580684662,prediction_jsonl,True
radar_confidence_gated,132,train,buoy,b2,False,,,prediction_jsonl,True
radar_confidence_gated,132,train,buoy,b3,False,,,prediction_jsonl,True
radar_confidence_gated,132,train,buoy,b4,False,,,prediction_jsonl,True
radar_confidence_gated,132,train,buoy,b5,False,,,prediction_jsonl,True
radar_confidence_gated,132,train,buoy,b6,False,,,prediction_jsonl,True
radar_confidence_gated,132,train,buoy,b7,False,,,prediction_jsonl,True
radar_confidence_gated,132,train,buoy,b8,False,,,prediction_jsonl,True
radar_confidence_gated,133,train,boat,boat,True,0.6952911519263085,0.6430542469024658,prediction_jsonl,True
radar_confidence_gated,133,train,buoy,b1,True,0.570155615471033,0.2189377099275589,prediction_jsonl,True
radar_confidence_gated,133,train,buoy,b2,False,,,prediction_jsonl,True
radar_confidence_gated,133,train,buoy,b3,False,,,prediction_jsonl,True
radar_confidence_gated,133,train,buoy,b4,False,,,prediction_jsonl,True
radar_confidence_gated,133,train,buoy,b5,False,,,prediction_jsonl,True
radar_confidence_gated,133,train,buoy,b6,False,,,prediction_jsonl,True
radar_confidence_gated,133,train,buoy,b7,False,,,prediction_jsonl,True
radar_confidence_gated,133,train,buoy,b8,False,,,prediction_jsonl,True
radar_confidence_gated,134,train,boat,boat,True,0.7009442717562744,0.6449906826019287,prediction_jsonl,True
radar_confidence_gated,134,train,buoy,b1,True,0.5913083772789,0.24370956420898438,prediction_jsonl,True
radar_confidence_gated,134,train,buoy,b2,False,,,prediction_jsonl,True
radar_confidence_gated,134,train,buoy,b3,False,,,prediction_jsonl,True
radar_confidence_gated,134,train,buoy,b4,False,,,prediction_jsonl,True
radar_confidence_gated,134,train,buoy,b5,False,,,prediction_jsonl,True
radar_confidence_gated,134,train,buoy,b6,False,,,prediction_jsonl,True
radar_confidence_gated,134,train,buoy,b7,False,,,prediction_jsonl,True
radar_confidence_gated,134,train,buoy,b8,False,,,prediction_jsonl,True
radar_confidence_gated,135,train,boat,boat,True,0.6939822317113469,0.6496593356132507,prediction_jsonl,True
radar_confidence_gated,135,train,buoy,b1,True,0.5618727387338853,0.22028958797454834,prediction_jsonl,True
radar_confidence_gated,135,train,buoy,b2,False,,,prediction_jsonl,True
radar_confidence_gated,135,train,buoy,b3,False,,,prediction_jsonl,True
radar_confidence_gated,135,train,buoy,b4,False,,,prediction_jsonl,True
radar_confidence_gated,135,train,buoy,b5,False,,,prediction_jsonl,True
radar_confidence_gated,135,train,buoy,b6,False,,,prediction_jsonl,True
radar_confidence_gated,135,train,buoy,b7,False,,,prediction_jsonl,True
radar_confidence_gated,135,train,buoy,b8,False,,,prediction_jsonl,True
radar_confidence_gated,136,train,boat,boat,True,0.6830215837881741,0.6427674889564514,prediction_jsonl,True
radar_confidence_gated,136,train,buoy,b1,True,0.565103684288664,0.21170048415660858,prediction_jsonl,True
radar_confidence_gated,136,train,buoy,b2,False,,,prediction_jsonl,True
radar_confidence_gated,136,train,buoy,b3,False,,,prediction_jsonl,True
radar_confidence_gated,136,train,buoy,b4,False,,,prediction_jsonl,True
radar_confidence_gated,136,train,buoy,b5,False,,,prediction_jsonl,True
radar_confidence_gated,136,train,buoy,b6,False,,,prediction_jsonl,True
radar_confidence_gated,136,train,buoy,b7,False,,,prediction_jsonl,True
radar_confidence_gated,136,train,buoy,b8,False,,,prediction_jsonl,True
radar_confidence_gated,137,train,boat,boat,True,0.6750786168524444,0.6270310878753662,prediction_jsonl,True
radar_confidence_gated,137,train,buoy,b1,True,0.54104298779246,0.20767298340797424,prediction_jsonl,True
radar_confidence_gated,137,train,buoy,b2,False,,,prediction_jsonl,True
radar_confidence_gated,137,train,buoy,b3,False,,,prediction_jsonl,True
radar_confidence_gated,137,train,buoy,b4,False,,,prediction_jsonl,True
radar_confidence_gated,137,train,buoy,b5,False,,,prediction_jsonl,True
radar_confidence_gated,137,train,buoy,b6,False,,,prediction_jsonl,True
radar_confidence_gated,137,train,buoy,b7,False,,,prediction_jsonl,True
radar_confidence_gated,137,train,buoy,b8,False,,,prediction_jsonl,True
radar_confidence_gated,138,train,boat,boat,True,0.680888519276641,0.6362408995628357,prediction_jsonl,True
radar_confidence_gated,138,train,buoy,b1,True,0.6109283545079502,0.16822732985019684,prediction_jsonl,True
radar_confidence_gated,138,train,buoy,b2,False,,,prediction_jsonl,True
radar_confidence_gated,138,train,buoy,b3,False,,,prediction_jsonl,True
radar_confidence_gated,138,train,buoy,b4,False,,,prediction_jsonl,True
radar_confidence_gated,138,train,buoy,b5,False,,,prediction_jsonl,True
radar_confidence_gated,138,train,buoy,b6,False,,,prediction_jsonl,True
radar_confidence_gated,138,train,buoy,b7,False,,,prediction_jsonl,True
radar_confidence_gated,138,train,buoy,b8,False,,,prediction_jsonl,True
radar_confidence_gated,139,train,boat,boat,True,0.6953110324730051,0.6417778730392456,prediction_jsonl,True
radar_confidence_gated,139,train,buoy,b1,True,0.6137371264738758,0.22081074118614197,prediction_jsonl,True
radar_confidence_gated,139,train,buoy,b2,False,,,prediction_jsonl,True
radar_confidence_gated,139,train,buoy,b3,False,,,prediction_jsonl,True
radar_confidence_gated,139,train,buoy,b4,False,,,prediction_jsonl,True
radar_confidence_gated,139,train,buoy,b5,False,,,prediction_jsonl,True
radar_confidence_gated,139,train,buoy,b6,False,,,prediction_jsonl,True
radar_confidence_gated,139,train,buoy,b7,False,,,prediction_jsonl,True
radar_confidence_gated,139,train,buoy,b8,False,,,prediction_jsonl,True
radar_confidence_gated,140,train,boat,boat,True,0.6748371153086252,0.6437845230102539,prediction_jsonl,True
radar_confidence_gated,140,train,buoy,b1,True,0.5934746325808183,0.22478212416172028,prediction_jsonl,True
radar_confidence_gated,140,train,buoy,b2,False,,,prediction_jsonl,True
radar_confidence_gated,140,train,buoy,b3,False,,,prediction_jsonl,True
radar_confidence_gated,140,train,buoy,b4,False,,,prediction_jsonl,True
radar_confidence_gated,140,train,buoy,b5,False,,,prediction_jsonl,True
radar_confidence_gated,140,train,buoy,b6,False,,,prediction_jsonl,True
radar_confidence_gated,140,train,buoy,b7,False,,,prediction_jsonl,True
radar_confidence_gated,140,train,buoy,b8,False,,,prediction_jsonl,True
radar_confidence_gated,141,train,boat,boat,True,0.6919041676054788,0.6485875248908997,prediction_jsonl,True
radar_confidence_gated,141,train,buoy,b1,True,0.6103234779019215,0.20324034988880157,prediction_jsonl,True
radar_confidence_gated,141,train,buoy,b2,False,,,prediction_jsonl,True
radar_confidence_gated,141,train,buoy,b3,False,,,prediction_jsonl,True
radar_confidence_gated,141,train,buoy,b4,False,,,prediction_jsonl,True
radar_confidence_gated,141,train,buoy,b5,False,,,prediction_jsonl,True
radar_confidence_gated,141,train,buoy,b6,False,,,prediction_jsonl,True
radar_confidence_gated,141,train,buoy,b7,False,,,prediction_jsonl,True
radar_confidence_gated,141,train,buoy,b8,False,,,prediction_jsonl,True
radar_confidence_gated,142,train,boat,boat,True,0.6879445550902944,0.6271960735321045,prediction_jsonl,True
radar_confidence_gated,142,train,buoy,b1,True,0.6142735695176401,0.21831929683685303,prediction_jsonl,True
radar_confidence_gated,142,train,buoy,b2,False,,,prediction_jsonl,True
radar_confidence_gated,142,train,buoy,b3,False,,,prediction_jsonl,True
radar_confidence_gated,142,train,buoy,b4,False,,,prediction_jsonl,True
radar_confidence_gated,142,train,buoy,b5,False,,,prediction_jsonl,True
radar_confidence_gated,142,train,buoy,b6,False,,,prediction_jsonl,True
radar_confidence_gated,142,train,buoy,b7,False,,,prediction_jsonl,True
radar_confidence_gated,142,train,buoy,b8,False,,,prediction_jsonl,True
radar_confidence_gated,143,train,boat,boat,True,0.7054737097400727,0.6026223301887512,prediction_jsonl,True
radar_confidence_gated,143,train,buoy,b1,True,0.6111912651750695,0.18123310804367065,prediction_jsonl,True
radar_confidence_gated,143,train,buoy,b2,False,,,prediction_jsonl,True
radar_confidence_gated,143,train,buoy,b3,False,,,prediction_jsonl,True
radar_confidence_gated,143,train,buoy,b4,False,,,prediction_jsonl,True
radar_confidence_gated,143,train,buoy,b5,False,,,prediction_jsonl,True
radar_confidence_gated,143,train,buoy,b6,False,,,prediction_jsonl,True
radar_confidence_gated,143,train,buoy,b7,False,,,prediction_jsonl,True
radar_confidence_gated,143,train,buoy,b8,False,,,prediction_jsonl,True
radar_confidence_gated,144,train,boat,boat,True,0.685931508244626,0.6285107135772705,prediction_jsonl,True
radar_confidence_gated,144,train,buoy,b1,True,0.5737612851978566,0.22351211309432983,prediction_jsonl,True
radar_confidence_gated,144,train,buoy,b2,False,,,prediction_jsonl,True
radar_confidence_gated,144,train,buoy,b3,False,,,prediction_jsonl,True
radar_confidence_gated,144,train,buoy,b4,False,,,prediction_jsonl,True
radar_confidence_gated,144,train,buoy,b5,False,,,prediction_jsonl,True
radar_confidence_gated,144,train,buoy,b6,False,,,prediction_jsonl,True
radar_confidence_gated,144,train,buoy,b7,False,,,prediction_jsonl,True
radar_confidence_gated,144,train,buoy,b8,False,,,prediction_jsonl,True
radar_confidence_gated,145,train,boat,boat,True,0.6839157770702269,0.6186997890472412,prediction_jsonl,True
radar_confidence_gated,145,train,buoy,b1,True,0.6145591355786939,0.18512338399887085,prediction_jsonl,True
radar_confidence_gated,145,train,buoy,b2,False,,,prediction_jsonl,True
radar_confidence_gated,145,train,buoy,b3,False,,,prediction_jsonl,True
radar_confidence_gated,145,train,buoy,b4,False,,,prediction_jsonl,True
radar_confidence_gated,145,train,buoy,b5,False,,,prediction_jsonl,True
radar_confidence_gated,145,train,buoy,b6,False,,,prediction_jsonl,True
radar_confidence_gated,145,train,buoy,b7,False,,,prediction_jsonl,True
radar_confidence_gated,145,train,buoy,b8,False,,,prediction_jsonl,True
radar_confidence_gated,146,train,boat,boat,True,0.7143946811297361,0.6295648813247681,prediction_jsonl,True
radar_confidence_gated,146,train,buoy,b1,True,0.5878433551983643,0.18499189615249634,prediction_jsonl,True
radar_confidence_gated,146,train,buoy,b2,False,,,prediction_jsonl,True
radar_confidence_gated,146,train,buoy,b3,False,,,prediction_jsonl,True
radar_confidence_gated,146,train,buoy,b4,False,,,prediction_jsonl,True
radar_confidence_gated,146,train,buoy,b5,False,,,prediction_jsonl,True
radar_confidence_gated,146,train,buoy,b6,False,,,prediction_jsonl,True
radar_confidence_gated,146,train,buoy,b7,False,,,prediction_jsonl,True
radar_confidence_gated,146,train,buoy,b8,False,,,prediction_jsonl,True
radar_confidence_gated,147,train,boat,boat,True,0.6801109869561159,0.6461994051933289,prediction_jsonl,True
radar_confidence_gated,147,train,buoy,b1,True,0.592721727925992,0.21555869281291962,prediction_jsonl,True
radar_confidence_gated,147,train,buoy,b2,False,,,prediction_jsonl,True
radar_confidence_gated,147,train,buoy,b3,False,,,prediction_jsonl,True
radar_confidence_gated,147,train,buoy,b4,False,,,prediction_jsonl,True
radar_confidence_gated,147,train,buoy,b5,False,,,prediction_jsonl,True
radar_confidence_gated,147,train,buoy,b6,False,,,prediction_jsonl,True
radar_confidence_gated,147,train,buoy,b7,False,,,prediction_jsonl,True
radar_confidence_gated,147,train,buoy,b8,False,,,prediction_jsonl,True
radar_confidence_gated,148,train,boat,boat,True,0.6911454574424297,0.6341513395309448,prediction_jsonl,True
radar_confidence_gated,148,train,buoy,b1,True,0.5967979897387892,0.2015482634305954,prediction_jsonl,True
radar_confidence_gated,148,train,buoy,b2,False,,,prediction_jsonl,True
radar_confidence_gated,148,train,buoy,b3,False,,,prediction_jsonl,True
radar_confidence_gated,148,train,buoy,b4,False,,,prediction_jsonl,True
radar_confidence_gated,148,train,buoy,b5,False,,,prediction_jsonl,True
radar_confidence_gated,148,train,buoy,b6,False,,,prediction_jsonl,True
radar_confidence_gated,148,train,buoy,b7,False,,,prediction_jsonl,True
radar_confidence_gated,148,train,buoy,b8,False,,,prediction_jsonl,True
radar_confidence_gated,149,train,boat,boat,True,0.6653062941600991,0.6432569026947021,prediction_jsonl,True
radar_confidence_gated,149,train,buoy,b1,True,0.5840486297713385,0.21019130945205688,prediction_jsonl,True
radar_confidence_gated,149,train,buoy,b2,False,,,prediction_jsonl,True
radar_confidence_gated,149,train,buoy,b3,False,,,prediction_jsonl,True
radar_confidence_gated,149,train,buoy,b4,False,,,prediction_jsonl,True
radar_confidence_gated,149,train,buoy,b5,False,,,prediction_jsonl,True
radar_confidence_gated,149,train,buoy,b6,False,,,prediction_jsonl,True
radar_confidence_gated,149,train,buoy,b7,False,,,prediction_jsonl,True
radar_confidence_gated,149,train,buoy,b8,False,,,prediction_jsonl,True
radar_confidence_gated,150,train,boat,boat,True,0.6991517258187376,0.6470515727996826,prediction_jsonl,True
radar_confidence_gated,150,train,buoy,b1,True,0.5683594378745134,0.22384387254714966,prediction_jsonl,True
radar_confidence_gated,150,train,buoy,b2,False,,,prediction_jsonl,True
radar_confidence_gated,150,train,buoy,b3,False,,,prediction_jsonl,True
radar_confidence_gated,150,train,buoy,b4,False,,,prediction_jsonl,True
radar_confidence_gated,150,train,buoy,b5,False,,,prediction_jsonl,True
radar_confidence_gated,150,train,buoy,b6,False,,,prediction_jsonl,True
radar_confidence_gated,150,train,buoy,b7,False,,,prediction_jsonl,True
radar_confidence_gated,150,train,buoy,b8,False,,,prediction_jsonl,True
radar_confidence_gated,151,train,boat,boat,True,0.6647968239154793,0.6482003331184387,prediction_jsonl,True
radar_confidence_gated,151,train,buoy,b1,True,0.5943562349737533,0.24217049777507782,prediction_jsonl,True
radar_confidence_gated,151,train,buoy,b2,False,,,prediction_jsonl,True
radar_confidence_gated,151,train,buoy,b3,False,,,prediction_jsonl,True
radar_confidence_gated,151,train,buoy,b4,False,,,prediction_jsonl,True
radar_confidence_gated,151,train,buoy,b5,False,,,prediction_jsonl,True
radar_confidence_gated,151,train,buoy,b6,False,,,prediction_jsonl,True
radar_confidence_gated,151,train,buoy,b7,False,,,prediction_jsonl,True
radar_confidence_gated,151,train,buoy,b8,False,,,prediction_jsonl,True
radar_confidence_gated,152,train,boat,boat,True,0.6881159146800623,0.6412693858146667,prediction_jsonl,True
radar_confidence_gated,152,train,buoy,b1,True,0.604555575292083,0.21215176582336426,prediction_jsonl,True
radar_confidence_gated,152,train,buoy,b2,False,,,prediction_jsonl,True
radar_confidence_gated,152,train,buoy,b3,False,,,prediction_jsonl,True
radar_confidence_gated,152,train,buoy,b4,False,,,prediction_jsonl,True
radar_confidence_gated,152,train,buoy,b5,False,,,prediction_jsonl,True
radar_confidence_gated,152,train,buoy,b6,False,,,prediction_jsonl,True
radar_confidence_gated,152,train,buoy,b7,False,,,prediction_jsonl,True
radar_confidence_gated,152,train,buoy,b8,False,,,prediction_jsonl,True
radar_confidence_gated,153,train,boat,boat,True,0.683038268896538,0.6361167430877686,prediction_jsonl,True
radar_confidence_gated,153,train,buoy,b1,True,0.6122402740714519,0.22442135214805603,prediction_jsonl,True
radar_confidence_gated,153,train,buoy,b2,False,,,prediction_jsonl,True
radar_confidence_gated,153,train,buoy,b3,False,,,prediction_jsonl,True
radar_confidence_gated,153,train,buoy,b4,False,,,prediction_jsonl,True
radar_confidence_gated,153,train,buoy,b5,False,,,prediction_jsonl,True
radar_confidence_gated,153,train,buoy,b6,False,,,prediction_jsonl,True
radar_confidence_gated,153,train,buoy,b7,False,,,prediction_jsonl,True
radar_confidence_gated,153,train,buoy,b8,False,,,prediction_jsonl,True
radar_confidence_gated,154,train,boat,boat,True,0.6717903113468187,0.6319398283958435,prediction_jsonl,True
radar_confidence_gated,154,train,buoy,b1,True,0.6222369911619584,0.18477442860603333,prediction_jsonl,True
radar_confidence_gated,154,train,buoy,b2,False,,,prediction_jsonl,True
radar_confidence_gated,154,train,buoy,b3,False,,,prediction_jsonl,True
radar_confidence_gated,154,train,buoy,b4,False,,,prediction_jsonl,True
radar_confidence_gated,154,train,buoy,b5,False,,,prediction_jsonl,True
radar_confidence_gated,154,train,buoy,b6,False,,,prediction_jsonl,True
radar_confidence_gated,154,train,buoy,b7,False,,,prediction_jsonl,True
radar_confidence_gated,154,train,buoy,b8,False,,,prediction_jsonl,True
radar_confidence_gated,155,train,boat,boat,True,0.655592530257073,0.6527012586593628,prediction_jsonl,True
radar_confidence_gated,155,train,buoy,b1,True,0.6306132682694983,0.23722724616527557,prediction_jsonl,True
radar_confidence_gated,155,train,buoy,b2,False,,,prediction_jsonl,True
radar_confidence_gated,155,train,buoy,b3,False,,,prediction_jsonl,True
radar_confidence_gated,155,train,buoy,b4,False,,,prediction_jsonl,True
radar_confidence_gated,155,train,buoy,b5,False,,,prediction_jsonl,True
radar_confidence_gated,155,train,buoy,b6,False,,,prediction_jsonl,True
radar_confidence_gated,155,train,buoy,b7,False,,,prediction_jsonl,True
radar_confidence_gated,155,train,buoy,b8,False,,,prediction_jsonl,True
radar_confidence_gated,156,train,boat,boat,True,0.6784774168248577,0.6498709321022034,prediction_jsonl,True
radar_confidence_gated,156,train,buoy,b1,True,0.6234998146725338,0.20170022547245026,prediction_jsonl,True
radar_confidence_gated,156,train,buoy,b2,False,,,prediction_jsonl,True
radar_confidence_gated,156,train,buoy,b3,False,,,prediction_jsonl,True
radar_confidence_gated,156,train,buoy,b4,False,,,prediction_jsonl,True
radar_confidence_gated,156,train,buoy,b5,False,,,prediction_jsonl,True
radar_confidence_gated,156,train,buoy,b6,False,,,prediction_jsonl,True
radar_confidence_gated,156,train,buoy,b7,False,,,prediction_jsonl,True
radar_confidence_gated,156,train,buoy,b8,False,,,prediction_jsonl,True
radar_confidence_gated,157,train,boat,boat,True,0.6932293850727927,0.6298069357872009,prediction_jsonl,True
radar_confidence_gated,157,train,buoy,b1,True,0.6521797019877501,0.2009463757276535,prediction_jsonl,True
radar_confidence_gated,157,train,buoy,b2,False,,,prediction_jsonl,True
radar_confidence_gated,157,train,buoy,b3,False,,,prediction_jsonl,True
radar_confidence_gated,157,train,buoy,b4,False,,,prediction_jsonl,True
radar_confidence_gated,157,train,buoy,b5,False,,,prediction_jsonl,True
radar_confidence_gated,157,train,buoy,b6,False,,,prediction_jsonl,True
radar_confidence_gated,157,train,buoy,b7,False,,,prediction_jsonl,True
radar_confidence_gated,157,train,buoy,b8,False,,,prediction_jsonl,True
radar_confidence_gated,158,train,boat,boat,True,0.68519777499581,0.6263938546180725,prediction_jsonl,True
radar_confidence_gated,158,train,buoy,b1,True,0.631365199248499,0.18958665430545807,prediction_jsonl,True
radar_confidence_gated,158,train,buoy,b2,False,,,prediction_jsonl,True
radar_confidence_gated,158,train,buoy,b3,False,,,prediction_jsonl,True
radar_confidence_gated,158,train,buoy,b4,False,,,prediction_jsonl,True
radar_confidence_gated,158,train,buoy,b5,False,,,prediction_jsonl,True
radar_confidence_gated,158,train,buoy,b6,False,,,prediction_jsonl,True
radar_confidence_gated,158,train,buoy,b7,False,,,prediction_jsonl,True
radar_confidence_gated,158,train,buoy,b8,False,,,prediction_jsonl,True
radar_confidence_gated,159,train,boat,boat,True,0.6992885137959489,0.642605721950531,prediction_jsonl,True
radar_confidence_gated,159,train,buoy,b1,True,0.5982298547498389,0.2147156298160553,prediction_jsonl,True
radar_confidence_gated,159,train,buoy,b2,False,,,prediction_jsonl,True
radar_confidence_gated,159,train,buoy,b3,False,,,prediction_jsonl,True
radar_confidence_gated,159,train,buoy,b4,False,,,prediction_jsonl,True
radar_confidence_gated,159,train,buoy,b5,False,,,prediction_jsonl,True
radar_confidence_gated,159,train,buoy,b6,False,,,prediction_jsonl,True
radar_confidence_gated,159,train,buoy,b7,False,,,prediction_jsonl,True
radar_confidence_gated,159,train,buoy,b8,False,,,prediction_jsonl,True
radar_confidence_gated,160,train,boat,boat,True,0.6993934557181469,0.6316248178482056,prediction_jsonl,True
radar_confidence_gated,160,train,buoy,b1,True,0.6020581539227425,0.2293371558189392,prediction_jsonl,True
radar_confidence_gated,160,train,buoy,b2,False,,,prediction_jsonl,True
radar_confidence_gated,160,train,buoy,b3,False,,,prediction_jsonl,True
radar_confidence_gated,160,train,buoy,b4,False,,,prediction_jsonl,True
radar_confidence_gated,160,train,buoy,b5,False,,,prediction_jsonl,True
radar_confidence_gated,160,train,buoy,b6,False,,,prediction_jsonl,True
radar_confidence_gated,160,train,buoy,b7,False,,,prediction_jsonl,True
radar_confidence_gated,160,train,buoy,b8,False,,,prediction_jsonl,True
radar_confidence_gated,161,train,boat,boat,True,0.7004238644547983,0.6322957277297974,prediction_jsonl,True
radar_confidence_gated,161,train,buoy,b1,True,0.6176751347616026,0.1913163810968399,prediction_jsonl,True
radar_confidence_gated,161,train,buoy,b2,False,,,prediction_jsonl,True
radar_confidence_gated,161,train,buoy,b3,False,,,prediction_jsonl,True
radar_confidence_gated,161,train,buoy,b4,False,,,prediction_jsonl,True
radar_confidence_gated,161,train,buoy,b5,False,,,prediction_jsonl,True
radar_confidence_gated,161,train,buoy,b6,False,,,prediction_jsonl,True
radar_confidence_gated,161,train,buoy,b7,False,,,prediction_jsonl,True
radar_confidence_gated,161,train,buoy,b8,False,,,prediction_jsonl,True
radar_confidence_gated,162,train,boat,boat,True,0.7024161183816988,0.6335526704788208,prediction_jsonl,True
radar_confidence_gated,162,train,buoy,b1,True,0.6091683792663067,0.1887187957763672,prediction_jsonl,True
radar_confidence_gated,162,train,buoy,b2,False,,,prediction_jsonl,True
radar_confidence_gated,162,train,buoy,b3,False,,,prediction_jsonl,True
radar_confidence_gated,162,train,buoy,b4,False,,,prediction_jsonl,True
radar_confidence_gated,162,train,buoy,b5,False,,,prediction_jsonl,True
radar_confidence_gated,162,train,buoy,b6,False,,,prediction_jsonl,True
radar_confidence_gated,162,train,buoy,b7,False,,,prediction_jsonl,True
radar_confidence_gated,162,train,buoy,b8,False,,,prediction_jsonl,True
radar_confidence_gated,163,train,boat,boat,True,0.7032914906511136,0.6456437706947327,prediction_jsonl,True
radar_confidence_gated,163,train,buoy,b1,True,0.6240374129788334,0.22672687470912933,prediction_jsonl,True
radar_confidence_gated,163,train,buoy,b2,False,,,prediction_jsonl,True
radar_confidence_gated,163,train,buoy,b3,False,,,prediction_jsonl,True
radar_confidence_gated,163,train,buoy,b4,False,,,prediction_jsonl,True
radar_confidence_gated,163,train,buoy,b5,False,,,prediction_jsonl,True
radar_confidence_gated,163,train,buoy,b6,False,,,prediction_jsonl,True
radar_confidence_gated,163,train,buoy,b7,False,,,prediction_jsonl,True
radar_confidence_gated,163,train,buoy,b8,False,,,prediction_jsonl,True
radar_confidence_gated,164,train,boat,boat,True,0.6780286155649017,0.6382286548614502,prediction_jsonl,True
radar_confidence_gated,164,train,buoy,b1,True,0.5940604813477948,0.20793306827545166,prediction_jsonl,True
radar_confidence_gated,164,train,buoy,b2,False,,,prediction_jsonl,True
radar_confidence_gated,164,train,buoy,b3,False,,,prediction_jsonl,True
radar_confidence_gated,164,train,buoy,b4,False,,,prediction_jsonl,True
radar_confidence_gated,164,train,buoy,b5,False,,,prediction_jsonl,True
radar_confidence_gated,164,train,buoy,b6,False,,,prediction_jsonl,True
radar_confidence_gated,164,train,buoy,b7,False,,,prediction_jsonl,True
radar_confidence_gated,164,train,buoy,b8,False,,,prediction_jsonl,True
radar_confidence_gated,165,train,boat,boat,True,0.6883023209708492,0.6318438649177551,prediction_jsonl,True
radar_confidence_gated,165,train,buoy,b1,True,0.6055541553975378,0.22037658095359802,prediction_jsonl,True
radar_confidence_gated,165,train,buoy,b2,False,,,prediction_jsonl,True
radar_confidence_gated,165,train,buoy,b3,False,,,prediction_jsonl,True
radar_confidence_gated,165,train,buoy,b4,False,,,prediction_jsonl,True
radar_confidence_gated,165,train,buoy,b5,False,,,prediction_jsonl,True
radar_confidence_gated,165,train,buoy,b6,False,,,prediction_jsonl,True
radar_confidence_gated,165,train,buoy,b7,False,,,prediction_jsonl,True
radar_confidence_gated,165,train,buoy,b8,False,,,prediction_jsonl,True
radar_confidence_gated,166,train,boat,boat,True,0.6866367179092809,0.6414209008216858,prediction_jsonl,True
radar_confidence_gated,166,train,buoy,b1,True,0.5985424913806178,0.2157164067029953,prediction_jsonl,True
radar_confidence_gated,166,train,buoy,b2,False,,,prediction_jsonl,True
radar_confidence_gated,166,train,buoy,b3,False,,,prediction_jsonl,True
radar_confidence_gated,166,train,buoy,b4,False,,,prediction_jsonl,True
radar_confidence_gated,166,train,buoy,b5,False,,,prediction_jsonl,True
radar_confidence_gated,166,train,buoy,b6,False,,,prediction_jsonl,True
radar_confidence_gated,166,train,buoy,b7,False,,,prediction_jsonl,True
radar_confidence_gated,166,train,buoy,b8,False,,,prediction_jsonl,True
radar_confidence_gated,167,train,boat,boat,True,0.681920145429983,0.6422868967056274,prediction_jsonl,True
radar_confidence_gated,167,train,buoy,b1,True,0.5738683454726354,0.25502046942710876,prediction_jsonl,True
radar_confidence_gated,167,train,buoy,b2,False,,,prediction_jsonl,True
radar_confidence_gated,167,train,buoy,b3,False,,,prediction_jsonl,True
radar_confidence_gated,167,train,buoy,b4,False,,,prediction_jsonl,True
radar_confidence_gated,167,train,buoy,b5,False,,,prediction_jsonl,True
radar_confidence_gated,167,train,buoy,b6,False,,,prediction_jsonl,True
radar_confidence_gated,167,train,buoy,b7,False,,,prediction_jsonl,True
radar_confidence_gated,167,train,buoy,b8,False,,,prediction_jsonl,True
radar_confidence_gated,168,train,boat,boat,True,0.6859267929677428,0.6449650526046753,prediction_jsonl,True
radar_confidence_gated,168,train,buoy,b1,True,0.594667768714484,0.22255705296993256,prediction_jsonl,True
radar_confidence_gated,168,train,buoy,b2,False,,,prediction_jsonl,True
radar_confidence_gated,168,train,buoy,b3,False,,,prediction_jsonl,True
radar_confidence_gated,168,train,buoy,b4,False,,,prediction_jsonl,True
radar_confidence_gated,168,train,buoy,b5,False,,,prediction_jsonl,True
radar_confidence_gated,168,train,buoy,b6,False,,,prediction_jsonl,True
radar_confidence_gated,168,train,buoy,b7,False,,,prediction_jsonl,True
radar_confidence_gated,168,train,buoy,b8,False,,,prediction_jsonl,True
radar_confidence_gated,169,train,boat,boat,True,0.6920934707391473,0.6498276591300964,prediction_jsonl,True
radar_confidence_gated,169,train,buoy,b1,True,0.6247251735911826,0.22961674630641937,prediction_jsonl,True
radar_confidence_gated,169,train,buoy,b2,False,,,prediction_jsonl,True
radar_confidence_gated,169,train,buoy,b3,False,,,prediction_jsonl,True
radar_confidence_gated,169,train,buoy,b4,False,,,prediction_jsonl,True
radar_confidence_gated,169,train,buoy,b5,False,,,prediction_jsonl,True
radar_confidence_gated,169,train,buoy,b6,False,,,prediction_jsonl,True
radar_confidence_gated,169,train,buoy,b7,False,,,prediction_jsonl,True
radar_confidence_gated,169,train,buoy,b8,False,,,prediction_jsonl,True
radar_confidence_gated,170,train,boat,boat,True,0.6972812359860536,0.6368966698646545,prediction_jsonl,True
radar_confidence_gated,170,train,buoy,b1,True,0.6055216884242923,0.1982998251914978,prediction_jsonl,True
radar_confidence_gated,170,train,buoy,b2,False,,,prediction_jsonl,True
radar_confidence_gated,170,train,buoy,b3,False,,,prediction_jsonl,True
radar_confidence_gated,170,train,buoy,b4,False,,,prediction_jsonl,True
radar_confidence_gated,170,train,buoy,b5,False,,,prediction_jsonl,True
radar_confidence_gated,170,train,buoy,b6,False,,,prediction_jsonl,True
radar_confidence_gated,170,train,buoy,b7,False,,,prediction_jsonl,True
radar_confidence_gated,170,train,buoy,b8,False,,,prediction_jsonl,True
radar_confidence_gated,171,train,boat,boat,True,0.6925711321045662,0.639757513999939,prediction_jsonl,True
radar_confidence_gated,171,train,buoy,b1,True,0.5873479095813118,0.18354426324367523,prediction_jsonl,True
radar_confidence_gated,171,train,buoy,b2,False,,,prediction_jsonl,True
radar_confidence_gated,171,train,buoy,b3,False,,,prediction_jsonl,True
radar_confidence_gated,171,train,buoy,b4,False,,,prediction_jsonl,True
radar_confidence_gated,171,train,buoy,b5,False,,,prediction_jsonl,True
radar_confidence_gated,171,train,buoy,b6,False,,,prediction_jsonl,True
radar_confidence_gated,171,train,buoy,b7,False,,,prediction_jsonl,True
radar_confidence_gated,171,train,buoy,b8,False,,,prediction_jsonl,True
radar_confidence_gated,172,train,boat,boat,True,0.689568833039907,0.6160666346549988,prediction_jsonl,True
radar_confidence_gated,172,train,buoy,b1,False,,,prediction_jsonl,True
radar_confidence_gated,172,train,buoy,b2,False,,,prediction_jsonl,True
radar_confidence_gated,172,train,buoy,b3,False,,,prediction_jsonl,True
radar_confidence_gated,172,train,buoy,b4,False,,,prediction_jsonl,True
radar_confidence_gated,172,train,buoy,b5,False,,,prediction_jsonl,True
radar_confidence_gated,172,train,buoy,b6,False,,,prediction_jsonl,True
radar_confidence_gated,172,train,buoy,b7,False,,,prediction_jsonl,True
radar_confidence_gated,172,train,buoy,b8,False,,,prediction_jsonl,True
radar_confidence_gated,173,train,boat,boat,True,0.6767268370686287,0.618992805480957,prediction_jsonl,True
radar_confidence_gated,173,train,buoy,b1,True,0.6276565971819983,0.17444056272506714,prediction_jsonl,True
radar_confidence_gated,173,train,buoy,b2,False,,,prediction_jsonl,True
radar_confidence_gated,173,train,buoy,b3,False,,,prediction_jsonl,True
radar_confidence_gated,173,train,buoy,b4,False,,,prediction_jsonl,True
radar_confidence_gated,173,train,buoy,b5,False,,,prediction_jsonl,True
radar_confidence_gated,173,train,buoy,b6,False,,,prediction_jsonl,True
radar_confidence_gated,173,train,buoy,b7,False,,,prediction_jsonl,True
radar_confidence_gated,173,train,buoy,b8,False,,,prediction_jsonl,True
radar_confidence_gated,174,train,boat,boat,True,0.7013764940416015,0.6156301498413086,prediction_jsonl,True
radar_confidence_gated,174,train,buoy,b1,True,0.6189315446393331,0.17900830507278442,prediction_jsonl,True
radar_confidence_gated,174,train,buoy,b2,False,,,prediction_jsonl,True
radar_confidence_gated,174,train,buoy,b3,False,,,prediction_jsonl,True
radar_confidence_gated,174,train,buoy,b4,False,,,prediction_jsonl,True
radar_confidence_gated,174,train,buoy,b5,False,,,prediction_jsonl,True
radar_confidence_gated,174,train,buoy,b6,False,,,prediction_jsonl,True
radar_confidence_gated,174,train,buoy,b7,False,,,prediction_jsonl,True
radar_confidence_gated,174,train,buoy,b8,False,,,prediction_jsonl,True
radar_confidence_gated,175,train,boat,boat,True,0.6924350461428368,0.6324756145477295,prediction_jsonl,True
radar_confidence_gated,175,train,buoy,b1,True,0.6104631390274358,0.19819235801696777,prediction_jsonl,True
radar_confidence_gated,175,train,buoy,b2,False,,,prediction_jsonl,True
radar_confidence_gated,175,train,buoy,b3,False,,,prediction_jsonl,True
radar_confidence_gated,175,train,buoy,b4,False,,,prediction_jsonl,True
radar_confidence_gated,175,train,buoy,b5,False,,,prediction_jsonl,True
radar_confidence_gated,175,train,buoy,b6,False,,,prediction_jsonl,True
radar_confidence_gated,175,train,buoy,b7,False,,,prediction_jsonl,True
radar_confidence_gated,175,train,buoy,b8,False,,,prediction_jsonl,True
radar_confidence_gated,176,train,boat,boat,True,0.7005197123144584,0.6298790574073792,prediction_jsonl,True
radar_confidence_gated,176,train,buoy,b1,True,0.5985795925665081,0.1999541074037552,prediction_jsonl,True
radar_confidence_gated,176,train,buoy,b2,False,,,prediction_jsonl,True
radar_confidence_gated,176,train,buoy,b3,False,,,prediction_jsonl,True
radar_confidence_gated,176,train,buoy,b4,False,,,prediction_jsonl,True
radar_confidence_gated,176,train,buoy,b5,False,,,prediction_jsonl,True
radar_confidence_gated,176,train,buoy,b6,False,,,prediction_jsonl,True
radar_confidence_gated,176,train,buoy,b7,False,,,prediction_jsonl,True
radar_confidence_gated,176,train,buoy,b8,False,,,prediction_jsonl,True
radar_confidence_gated,177,train,boat,boat,True,0.6918261761194373,0.6358864903450012,prediction_jsonl,True
radar_confidence_gated,177,train,buoy,b1,True,0.6062142531286967,0.16947868466377258,prediction_jsonl,True
radar_confidence_gated,177,train,buoy,b2,False,,,prediction_jsonl,True
radar_confidence_gated,177,train,buoy,b3,False,,,prediction_jsonl,True
radar_confidence_gated,177,train,buoy,b4,False,,,prediction_jsonl,True
radar_confidence_gated,177,train,buoy,b5,False,,,prediction_jsonl,True
radar_confidence_gated,177,train,buoy,b6,False,,,prediction_jsonl,True
radar_confidence_gated,177,train,buoy,b7,False,,,prediction_jsonl,True
radar_confidence_gated,177,train,buoy,b8,False,,,prediction_jsonl,True
radar_confidence_gated,178,train,boat,boat,True,0.7120665700195237,0.6453890204429626,prediction_jsonl,True
radar_confidence_gated,178,train,buoy,b1,True,0.6170448204214605,0.18234743177890778,prediction_jsonl,True
radar_confidence_gated,178,train,buoy,b2,False,,,prediction_jsonl,True
radar_confidence_gated,178,train,buoy,b3,False,,,prediction_jsonl,True
radar_confidence_gated,178,train,buoy,b4,False,,,prediction_jsonl,True
radar_confidence_gated,178,train,buoy,b5,False,,,prediction_jsonl,True
radar_confidence_gated,178,train,buoy,b6,False,,,prediction_jsonl,True
radar_confidence_gated,178,train,buoy,b7,False,,,prediction_jsonl,True
radar_confidence_gated,178,train,buoy,b8,False,,,prediction_jsonl,True
radar_confidence_gated,179,train,boat,boat,True,0.6929312494487998,0.6388394832611084,prediction_jsonl,True
radar_confidence_gated,179,train,buoy,b1,True,0.6010743922207865,0.1731305718421936,prediction_jsonl,True
radar_confidence_gated,179,train,buoy,b2,False,,,prediction_jsonl,True
radar_confidence_gated,179,train,buoy,b3,False,,,prediction_jsonl,True
radar_confidence_gated,179,train,buoy,b4,False,,,prediction_jsonl,True
radar_confidence_gated,179,train,buoy,b5,False,,,prediction_jsonl,True
radar_confidence_gated,179,train,buoy,b6,False,,,prediction_jsonl,True
radar_confidence_gated,179,train,buoy,b7,False,,,prediction_jsonl,True
radar_confidence_gated,179,train,buoy,b8,False,,,prediction_jsonl,True
radar_confidence_gated,180,train,boat,boat,True,0.7014228441835936,0.6481789946556091,prediction_jsonl,True
radar_confidence_gated,180,train,buoy,b1,True,0.6100031863660387,0.2301144301891327,prediction_jsonl,True
radar_confidence_gated,180,train,buoy,b2,False,,,prediction_jsonl,True
radar_confidence_gated,180,train,buoy,b3,False,,,prediction_jsonl,True
radar_confidence_gated,180,train,buoy,b4,False,,,prediction_jsonl,True
radar_confidence_gated,180,train,buoy,b5,False,,,prediction_jsonl,True
radar_confidence_gated,180,train,buoy,b6,False,,,prediction_jsonl,True
radar_confidence_gated,180,train,buoy,b7,False,,,prediction_jsonl,True
radar_confidence_gated,180,train,buoy,b8,False,,,prediction_jsonl,True
radar_confidence_gated,181,train,boat,boat,True,0.6909920981750001,0.6464408040046692,prediction_jsonl,True
radar_confidence_gated,181,train,buoy,b1,True,0.6171212917696406,0.18548962473869324,prediction_jsonl,True
radar_confidence_gated,181,train,buoy,b2,False,,,prediction_jsonl,True
radar_confidence_gated,181,train,buoy,b3,False,,,prediction_jsonl,True
radar_confidence_gated,181,train,buoy,b4,False,,,prediction_jsonl,True
radar_confidence_gated,181,train,buoy,b5,False,,,prediction_jsonl,True
radar_confidence_gated,181,train,buoy,b6,False,,,prediction_jsonl,True
radar_confidence_gated,181,train,buoy,b7,False,,,prediction_jsonl,True
radar_confidence_gated,181,train,buoy,b8,False,,,prediction_jsonl,True
radar_confidence_gated,182,train,boat,boat,True,0.6980415890595008,0.6490398645401001,prediction_jsonl,True
radar_confidence_gated,182,train,buoy,b1,True,0.6300967246884912,0.18808917701244354,prediction_jsonl,True
radar_confidence_gated,182,train,buoy,b2,False,,,prediction_jsonl,True
radar_confidence_gated,182,train,buoy,b3,False,,,prediction_jsonl,True
radar_confidence_gated,182,train,buoy,b4,False,,,prediction_jsonl,True
radar_confidence_gated,182,train,buoy,b5,False,,,prediction_jsonl,True
radar_confidence_gated,182,train,buoy,b6,False,,,prediction_jsonl,True
radar_confidence_gated,182,train,buoy,b7,False,,,prediction_jsonl,True
radar_confidence_gated,182,train,buoy,b8,False,,,prediction_jsonl,True
radar_confidence_gated,183,train,boat,boat,True,0.6937655650964453,0.6207709312438965,prediction_jsonl,True
radar_confidence_gated,183,train,buoy,b1,False,,,prediction_jsonl,True
radar_confidence_gated,183,train,buoy,b2,False,,,prediction_jsonl,True
radar_confidence_gated,183,train,buoy,b3,False,,,prediction_jsonl,True
radar_confidence_gated,183,train,buoy,b4,False,,,prediction_jsonl,True
radar_confidence_gated,183,train,buoy,b5,False,,,prediction_jsonl,True
radar_confidence_gated,183,train,buoy,b6,False,,,prediction_jsonl,True
radar_confidence_gated,183,train,buoy,b7,False,,,prediction_jsonl,True
radar_confidence_gated,183,train,buoy,b8,False,,,prediction_jsonl,True
radar_confidence_gated,184,train,boat,boat,True,0.6822311716405145,0.6325066685676575,prediction_jsonl,True
radar_confidence_gated,184,train,buoy,b1,True,0.5822886494007519,0.19995950162410736,prediction_jsonl,True
radar_confidence_gated,184,train,buoy,b2,False,,,prediction_jsonl,True
radar_confidence_gated,184,train,buoy,b3,False,,,prediction_jsonl,True
radar_confidence_gated,184,train,buoy,b4,False,,,prediction_jsonl,True
radar_confidence_gated,184,train,buoy,b5,False,,,prediction_jsonl,True
radar_confidence_gated,184,train,buoy,b6,False,,,prediction_jsonl,True
radar_confidence_gated,184,train,buoy,b7,False,,,prediction_jsonl,True
radar_confidence_gated,184,train,buoy,b8,False,,,prediction_jsonl,True
radar_confidence_gated,185,train,boat,boat,True,0.6975804467217066,0.6367969512939453,prediction_jsonl,True
radar_confidence_gated,185,train,buoy,b1,True,0.608972814963513,0.207159623503685,prediction_jsonl,True
radar_confidence_gated,185,train,buoy,b2,False,,,prediction_jsonl,True
radar_confidence_gated,185,train,buoy,b3,False,,,prediction_jsonl,True
radar_confidence_gated,185,train,buoy,b4,False,,,prediction_jsonl,True
radar_confidence_gated,185,train,buoy,b5,False,,,prediction_jsonl,True
radar_confidence_gated,185,train,buoy,b6,False,,,prediction_jsonl,True
radar_confidence_gated,185,train,buoy,b7,False,,,prediction_jsonl,True
radar_confidence_gated,185,train,buoy,b8,False,,,prediction_jsonl,True
radar_confidence_gated,186,train,boat,boat,True,0.6971640676122987,0.627248227596283,prediction_jsonl,True
radar_confidence_gated,186,train,buoy,b1,True,0.5887590667848235,0.17264950275421143,prediction_jsonl,True
radar_confidence_gated,186,train,buoy,b2,False,,,prediction_jsonl,True
radar_confidence_gated,186,train,buoy,b3,False,,,prediction_jsonl,True
radar_confidence_gated,186,train,buoy,b4,False,,,prediction_jsonl,True
radar_confidence_gated,186,train,buoy,b5,False,,,prediction_jsonl,True
radar_confidence_gated,186,train,buoy,b6,False,,,prediction_jsonl,True
radar_confidence_gated,186,train,buoy,b7,False,,,prediction_jsonl,True
radar_confidence_gated,186,train,buoy,b8,False,,,prediction_jsonl,True
radar_confidence_gated,187,train,boat,boat,True,0.6748283174337845,0.6322124600410461,prediction_jsonl,True
radar_confidence_gated,187,train,buoy,b1,True,0.6165023749477805,0.1971013844013214,prediction_jsonl,True
radar_confidence_gated,187,train,buoy,b2,False,,,prediction_jsonl,True
radar_confidence_gated,187,train,buoy,b3,False,,,prediction_jsonl,True
radar_confidence_gated,187,train,buoy,b4,False,,,prediction_jsonl,True
radar_confidence_gated,187,train,buoy,b5,False,,,prediction_jsonl,True
radar_confidence_gated,187,train,buoy,b6,False,,,prediction_jsonl,True
radar_confidence_gated,187,train,buoy,b7,False,,,prediction_jsonl,True
radar_confidence_gated,187,train,buoy,b8,False,,,prediction_jsonl,True
radar_confidence_gated,188,train,boat,boat,True,0.6929557454663533,0.6265716552734375,prediction_jsonl,True
radar_confidence_gated,188,train,buoy,b1,True,0.5917179742850125,0.2449507862329483,prediction_jsonl,True
radar_confidence_gated,188,train,buoy,b2,False,,,prediction_jsonl,True
radar_confidence_gated,188,train,buoy,b3,False,,,prediction_jsonl,True
radar_confidence_gated,188,train,buoy,b4,False,,,prediction_jsonl,True
radar_confidence_gated,188,train,buoy,b5,False,,,prediction_jsonl,True
radar_confidence_gated,188,train,buoy,b6,False,,,prediction_jsonl,True
radar_confidence_gated,188,train,buoy,b7,False,,,prediction_jsonl,True
radar_confidence_gated,188,train,buoy,b8,False,,,prediction_jsonl,True
radar_confidence_gated,189,train,boat,boat,True,0.6675466956946108,0.6406146883964539,prediction_jsonl,True
radar_confidence_gated,189,train,buoy,b1,True,0.5825642106666473,0.18856753408908844,prediction_jsonl,True
radar_confidence_gated,189,train,buoy,b2,False,,,prediction_jsonl,True
radar_confidence_gated,189,train,buoy,b3,False,,,prediction_jsonl,True
radar_confidence_gated,189,train,buoy,b4,False,,,prediction_jsonl,True
radar_confidence_gated,189,train,buoy,b5,False,,,prediction_jsonl,True
radar_confidence_gated,189,train,buoy,b6,False,,,prediction_jsonl,True
radar_confidence_gated,189,train,buoy,b7,False,,,prediction_jsonl,True
radar_confidence_gated,189,train,buoy,b8,False,,,prediction_jsonl,True
radar_confidence_gated,190,train,boat,boat,True,0.650878439714501,0.6383846998214722,prediction_jsonl,True
radar_confidence_gated,190,train,buoy,b1,True,0.5739687270505189,0.1867489516735077,prediction_jsonl,True
radar_confidence_gated,190,train,buoy,b2,False,,,prediction_jsonl,True
radar_confidence_gated,190,train,buoy,b3,False,,,prediction_jsonl,True
radar_confidence_gated,190,train,buoy,b4,False,,,prediction_jsonl,True
radar_confidence_gated,190,train,buoy,b5,False,,,prediction_jsonl,True
radar_confidence_gated,190,train,buoy,b6,False,,,prediction_jsonl,True
radar_confidence_gated,190,train,buoy,b7,False,,,prediction_jsonl,True
radar_confidence_gated,190,train,buoy,b8,False,,,prediction_jsonl,True
radar_confidence_gated,191,train,boat,boat,True,0.6692024986931168,0.6322475671768188,prediction_jsonl,True
radar_confidence_gated,191,train,buoy,b1,False,,,prediction_jsonl,True
radar_confidence_gated,191,train,buoy,b2,False,,,prediction_jsonl,True
radar_confidence_gated,191,train,buoy,b3,False,,,prediction_jsonl,True
radar_confidence_gated,191,train,buoy,b4,False,,,prediction_jsonl,True
radar_confidence_gated,191,train,buoy,b5,False,,,prediction_jsonl,True
radar_confidence_gated,191,train,buoy,b6,False,,,prediction_jsonl,True
radar_confidence_gated,191,train,buoy,b7,False,,,prediction_jsonl,True
radar_confidence_gated,191,train,buoy,b8,False,,,prediction_jsonl,True
radar_confidence_gated,192,train,boat,boat,True,0.675324439667507,0.6319159865379333,prediction_jsonl,True
radar_confidence_gated,192,train,buoy,b1,True,0.6070351849370682,0.1806107610464096,prediction_jsonl,True
radar_confidence_gated,192,train,buoy,b2,False,,,prediction_jsonl,True
radar_confidence_gated,192,train,buoy,b3,False,,,prediction_jsonl,True
radar_confidence_gated,192,train,buoy,b4,False,,,prediction_jsonl,True
radar_confidence_gated,192,train,buoy,b5,False,,,prediction_jsonl,True
radar_confidence_gated,192,train,buoy,b6,False,,,prediction_jsonl,True
radar_confidence_gated,192,train,buoy,b7,False,,,prediction_jsonl,True
radar_confidence_gated,192,train,buoy,b8,False,,,prediction_jsonl,True
radar_confidence_gated,193,train,boat,boat,True,0.6636490241481809,0.6360388994216919,prediction_jsonl,True
radar_confidence_gated,193,train,buoy,b1,True,0.6460810041828318,0.1717553287744522,prediction_jsonl,True
radar_confidence_gated,193,train,buoy,b2,False,,,prediction_jsonl,True
radar_confidence_gated,193,train,buoy,b3,False,,,prediction_jsonl,True
radar_confidence_gated,193,train,buoy,b4,False,,,prediction_jsonl,True
radar_confidence_gated,193,train,buoy,b5,False,,,prediction_jsonl,True
radar_confidence_gated,193,train,buoy,b6,False,,,prediction_jsonl,True
radar_confidence_gated,193,train,buoy,b7,False,,,prediction_jsonl,True
radar_confidence_gated,193,train,buoy,b8,False,,,prediction_jsonl,True
radar_confidence_gated,194,train,boat,boat,True,0.6831570503416105,0.613706111907959,prediction_jsonl,True
radar_confidence_gated,194,train,buoy,b1,True,0.6324256270825578,0.16945479810237885,prediction_jsonl,True
radar_confidence_gated,194,train,buoy,b2,False,,,prediction_jsonl,True
radar_confidence_gated,194,train,buoy,b3,False,,,prediction_jsonl,True
radar_confidence_gated,194,train,buoy,b4,False,,,prediction_jsonl,True
radar_confidence_gated,194,train,buoy,b5,False,,,prediction_jsonl,True
radar_confidence_gated,194,train,buoy,b6,False,,,prediction_jsonl,True
radar_confidence_gated,194,train,buoy,b7,False,,,prediction_jsonl,True
radar_confidence_gated,194,train,buoy,b8,False,,,prediction_jsonl,True
radar_confidence_gated,195,train,boat,boat,True,0.6538513092157526,0.6211267113685608,prediction_jsonl,True
radar_confidence_gated,195,train,buoy,b1,False,,,prediction_jsonl,True
radar_confidence_gated,195,train,buoy,b2,False,,,prediction_jsonl,True
radar_confidence_gated,195,train,buoy,b3,False,,,prediction_jsonl,True
radar_confidence_gated,195,train,buoy,b4,False,,,prediction_jsonl,True
radar_confidence_gated,195,train,buoy,b5,False,,,prediction_jsonl,True
radar_confidence_gated,195,train,buoy,b6,False,,,prediction_jsonl,True
radar_confidence_gated,195,train,buoy,b7,False,,,prediction_jsonl,True
radar_confidence_gated,195,train,buoy,b8,False,,,prediction_jsonl,True
radar_confidence_gated,196,train,boat,boat,True,0.646783563465731,0.6467134356498718,prediction_jsonl,True
radar_confidence_gated,196,train,buoy,b1,True,0.6388915820505177,0.16551056504249573,prediction_jsonl,True
radar_confidence_gated,196,train,buoy,b2,False,,,prediction_jsonl,True
radar_confidence_gated,196,train,buoy,b3,False,,,prediction_jsonl,True
radar_confidence_gated,196,train,buoy,b4,False,,,prediction_jsonl,True
radar_confidence_gated,196,train,buoy,b5,False,,,prediction_jsonl,True
radar_confidence_gated,196,train,buoy,b6,False,,,prediction_jsonl,True
radar_confidence_gated,196,train,buoy,b7,False,,,prediction_jsonl,True
radar_confidence_gated,196,train,buoy,b8,False,,,prediction_jsonl,True
radar_confidence_gated,197,train,boat,boat,True,0.645589056688841,0.6406359076499939,prediction_jsonl,True
radar_confidence_gated,197,train,buoy,b1,True,0.6049814943201298,0.16141864657402039,prediction_jsonl,True
radar_confidence_gated,197,train,buoy,b2,False,,,prediction_jsonl,True
radar_confidence_gated,197,train,buoy,b3,False,,,prediction_jsonl,True
radar_confidence_gated,197,train,buoy,b4,False,,,prediction_jsonl,True
radar_confidence_gated,197,train,buoy,b5,False,,,prediction_jsonl,True
radar_confidence_gated,197,train,buoy,b6,False,,,prediction_jsonl,True
radar_confidence_gated,197,train,buoy,b7,False,,,prediction_jsonl,True
radar_confidence_gated,197,train,buoy,b8,False,,,prediction_jsonl,True
radar_confidence_gated,198,train,boat,boat,True,0.6474510106151128,0.6321174502372742,prediction_jsonl,True
radar_confidence_gated,198,train,buoy,b1,False,,,prediction_jsonl,True
radar_confidence_gated,198,train,buoy,b2,False,,,prediction_jsonl,True
radar_confidence_gated,198,train,buoy,b3,False,,,prediction_jsonl,True
radar_confidence_gated,198,train,buoy,b4,False,,,prediction_jsonl,True
radar_confidence_gated,198,train,buoy,b5,False,,,prediction_jsonl,True
radar_confidence_gated,198,train,buoy,b6,False,,,prediction_jsonl,True
radar_confidence_gated,198,train,buoy,b7,False,,,prediction_jsonl,True
radar_confidence_gated,198,train,buoy,b8,False,,,prediction_jsonl,True
radar_confidence_gated,199,train,boat,boat,True,0.6595773536201348,0.6450217962265015,prediction_jsonl,True
radar_confidence_gated,199,train,buoy,b1,False,,,prediction_jsonl,True
radar_confidence_gated,199,train,buoy,b2,False,,,prediction_jsonl,True
radar_confidence_gated,199,train,buoy,b3,False,,,prediction_jsonl,True
radar_confidence_gated,199,train,buoy,b4,False,,,prediction_jsonl,True
radar_confidence_gated,199,train,buoy,b5,False,,,prediction_jsonl,True
radar_confidence_gated,199,train,buoy,b6,False,,,prediction_jsonl,True
radar_confidence_gated,199,train,buoy,b7,False,,,prediction_jsonl,True
radar_confidence_gated,199,train,buoy,b8,False,,,prediction_jsonl,True
radar_confidence_gated,200,train,boat,boat,True,0.683075624042845,0.6363183856010437,prediction_jsonl,True
radar_confidence_gated,200,train,buoy,b1,True,0.5935188311562329,0.21514728665351868,prediction_jsonl,True
radar_confidence_gated,200,train,buoy,b2,False,,,prediction_jsonl,True
radar_confidence_gated,200,train,buoy,b3,False,,,prediction_jsonl,True
radar_confidence_gated,200,train,buoy,b4,False,,,prediction_jsonl,True
radar_confidence_gated,200,train,buoy,b5,False,,,prediction_jsonl,True
radar_confidence_gated,200,train,buoy,b6,False,,,prediction_jsonl,True
radar_confidence_gated,200,train,buoy,b7,False,,,prediction_jsonl,True
radar_confidence_gated,200,train,buoy,b8,False,,,prediction_jsonl,True
radar_confidence_gated,201,train,boat,boat,True,0.6843700016602483,0.6228598356246948,prediction_jsonl,True
radar_confidence_gated,201,train,buoy,b1,True,0.6223925752436714,0.19190986454486847,prediction_jsonl,True
radar_confidence_gated,201,train,buoy,b2,False,,,prediction_jsonl,True
radar_confidence_gated,201,train,buoy,b3,False,,,prediction_jsonl,True
radar_confidence_gated,201,train,buoy,b4,False,,,prediction_jsonl,True
radar_confidence_gated,201,train,buoy,b5,False,,,prediction_jsonl,True
radar_confidence_gated,201,train,buoy,b6,False,,,prediction_jsonl,True
radar_confidence_gated,201,train,buoy,b7,False,,,prediction_jsonl,True
radar_confidence_gated,201,train,buoy,b8,False,,,prediction_jsonl,True
radar_confidence_gated,202,train,boat,boat,True,0.6808318925173699,0.6218039393424988,prediction_jsonl,True
radar_confidence_gated,202,train,buoy,b1,True,0.6555021527755152,0.1757698506116867,prediction_jsonl,True
radar_confidence_gated,202,train,buoy,b2,False,,,prediction_jsonl,True
radar_confidence_gated,202,train,buoy,b3,False,,,prediction_jsonl,True
radar_confidence_gated,202,train,buoy,b4,False,,,prediction_jsonl,True
radar_confidence_gated,202,train,buoy,b5,False,,,prediction_jsonl,True
radar_confidence_gated,202,train,buoy,b6,False,,,prediction_jsonl,True
radar_confidence_gated,202,train,buoy,b7,False,,,prediction_jsonl,True
radar_confidence_gated,202,train,buoy,b8,False,,,prediction_jsonl,True
radar_confidence_gated,203,train,boat,boat,True,0.6681250727479019,0.6270266771316528,prediction_jsonl,True
radar_confidence_gated,203,train,buoy,b1,True,0.6286705035341953,0.16967864334583282,prediction_jsonl,True
radar_confidence_gated,203,train,buoy,b2,False,,,prediction_jsonl,True
radar_confidence_gated,203,train,buoy,b3,False,,,prediction_jsonl,True
radar_confidence_gated,203,train,buoy,b4,False,,,prediction_jsonl,True
radar_confidence_gated,203,train,buoy,b5,False,,,prediction_jsonl,True
radar_confidence_gated,203,train,buoy,b6,False,,,prediction_jsonl,True
radar_confidence_gated,203,train,buoy,b7,False,,,prediction_jsonl,True
radar_confidence_gated,203,train,buoy,b8,False,,,prediction_jsonl,True
radar_confidence_gated,204,train,boat,boat,True,0.6623735836174749,0.62369304895401,prediction_jsonl,True
radar_confidence_gated,204,train,buoy,b1,True,0.5998428981420978,0.19445405900478363,prediction_jsonl,True
radar_confidence_gated,204,train,buoy,b2,False,,,prediction_jsonl,True
radar_confidence_gated,204,train,buoy,b3,False,,,prediction_jsonl,True
radar_confidence_gated,204,train,buoy,b4,False,,,prediction_jsonl,True
radar_confidence_gated,204,train,buoy,b5,False,,,prediction_jsonl,True
radar_confidence_gated,204,train,buoy,b6,False,,,prediction_jsonl,True
radar_confidence_gated,204,train,buoy,b7,False,,,prediction_jsonl,True
radar_confidence_gated,204,train,buoy,b8,False,,,prediction_jsonl,True
radar_confidence_gated,205,train,boat,boat,True,0.6589150332030771,0.6367902159690857,prediction_jsonl,True
radar_confidence_gated,205,train,buoy,b1,True,0.6057172632434042,0.2005261927843094,prediction_jsonl,True
radar_confidence_gated,205,train,buoy,b2,False,,,prediction_jsonl,True
radar_confidence_gated,205,train,buoy,b3,False,,,prediction_jsonl,True
radar_confidence_gated,205,train,buoy,b4,False,,,prediction_jsonl,True
radar_confidence_gated,205,train,buoy,b5,False,,,prediction_jsonl,True
radar_confidence_gated,205,train,buoy,b6,False,,,prediction_jsonl,True
radar_confidence_gated,205,train,buoy,b7,False,,,prediction_jsonl,True
radar_confidence_gated,205,train,buoy,b8,False,,,prediction_jsonl,True
radar_confidence_gated,206,train,boat,boat,True,0.6608515280970659,0.6270920634269714,prediction_jsonl,True
radar_confidence_gated,206,train,buoy,b1,True,0.6284420504440782,0.19174665212631226,prediction_jsonl,True
radar_confidence_gated,206,train,buoy,b2,False,,,prediction_jsonl,True
radar_confidence_gated,206,train,buoy,b3,False,,,prediction_jsonl,True
radar_confidence_gated,206,train,buoy,b4,False,,,prediction_jsonl,True
radar_confidence_gated,206,train,buoy,b5,False,,,prediction_jsonl,True
radar_confidence_gated,206,train,buoy,b6,False,,,prediction_jsonl,True
radar_confidence_gated,206,train,buoy,b7,False,,,prediction_jsonl,True
radar_confidence_gated,206,train,buoy,b8,False,,,prediction_jsonl,True
radar_confidence_gated,207,train,boat,boat,True,0.6701786148856372,0.6534222960472107,prediction_jsonl,True
radar_confidence_gated,207,train,buoy,b1,True,0.5961967253027416,0.22184717655181885,prediction_jsonl,True
radar_confidence_gated,207,train,buoy,b2,False,,,prediction_jsonl,True
radar_confidence_gated,207,train,buoy,b3,False,,,prediction_jsonl,True
radar_confidence_gated,207,train,buoy,b4,False,,,prediction_jsonl,True
radar_confidence_gated,207,train,buoy,b5,False,,,prediction_jsonl,True
radar_confidence_gated,207,train,buoy,b6,False,,,prediction_jsonl,True
radar_confidence_gated,207,train,buoy,b7,False,,,prediction_jsonl,True
radar_confidence_gated,207,train,buoy,b8,False,,,prediction_jsonl,True
radar_confidence_gated,208,train,boat,boat,True,0.6532881276368716,0.6562607288360596,prediction_jsonl,True
radar_confidence_gated,208,train,buoy,b1,True,0.6234154339360762,0.18557032942771912,prediction_jsonl,True
radar_confidence_gated,208,train,buoy,b2,False,,,prediction_jsonl,True
radar_confidence_gated,208,train,buoy,b3,False,,,prediction_jsonl,True
radar_confidence_gated,208,train,buoy,b4,False,,,prediction_jsonl,True
radar_confidence_gated,208,train,buoy,b5,False,,,prediction_jsonl,True
radar_confidence_gated,208,train,buoy,b6,False,,,prediction_jsonl,True
radar_confidence_gated,208,train,buoy,b7,False,,,prediction_jsonl,True
radar_confidence_gated,208,train,buoy,b8,False,,,prediction_jsonl,True
radar_confidence_gated,209,train,boat,boat,True,0.6555677223102754,0.6307691931724548,prediction_jsonl,True
radar_confidence_gated,209,train,buoy,b1,True,0.6019372563106272,0.1622450202703476,prediction_jsonl,True
radar_confidence_gated,209,train,buoy,b2,False,,,prediction_jsonl,True
radar_confidence_gated,209,train,buoy,b3,False,,,prediction_jsonl,True
radar_confidence_gated,209,train,buoy,b4,False,,,prediction_jsonl,True
radar_confidence_gated,209,train,buoy,b5,False,,,prediction_jsonl,True
radar_confidence_gated,209,train,buoy,b6,False,,,prediction_jsonl,True
radar_confidence_gated,209,train,buoy,b7,False,,,prediction_jsonl,True
radar_confidence_gated,209,train,buoy,b8,False,,,prediction_jsonl,True
radar_confidence_gated,210,train,boat,boat,True,0.6488523132638294,0.6478707194328308,prediction_jsonl,True
radar_confidence_gated,210,train,buoy,b1,True,0.6141823082157717,0.21042677760124207,prediction_jsonl,True
radar_confidence_gated,210,train,buoy,b2,False,,,prediction_jsonl,True
radar_confidence_gated,210,train,buoy,b3,False,,,prediction_jsonl,True
radar_confidence_gated,210,train,buoy,b4,False,,,prediction_jsonl,True
radar_confidence_gated,210,train,buoy,b5,False,,,prediction_jsonl,True
radar_confidence_gated,210,train,buoy,b6,False,,,prediction_jsonl,True
radar_confidence_gated,210,train,buoy,b7,False,,,prediction_jsonl,True
radar_confidence_gated,210,train,buoy,b8,False,,,prediction_jsonl,True
radar_confidence_gated,211,train,boat,boat,True,0.6592388781154215,0.6331257820129395,prediction_jsonl,True
radar_confidence_gated,211,train,buoy,b1,True,0.6591047812806268,0.19581496715545654,prediction_jsonl,True
radar_confidence_gated,211,train,buoy,b3,False,,,prediction_jsonl,True
radar_confidence_gated,211,train,buoy,b4,False,,,prediction_jsonl,True
radar_confidence_gated,211,train,buoy,b5,False,,,prediction_jsonl,True
radar_confidence_gated,211,train,buoy,b6,False,,,prediction_jsonl,True
radar_confidence_gated,211,train,buoy,b7,False,,,prediction_jsonl,True
radar_confidence_gated,211,train,buoy,b8,False,,,prediction_jsonl,True
radar_confidence_gated,212,train,boat,boat,True,0.6658022159475842,0.6211783289909363,prediction_jsonl,True
radar_confidence_gated,212,train,buoy,b1,True,0.6172004888605478,0.18650679290294647,prediction_jsonl,True
radar_confidence_gated,212,train,buoy,b3,False,,,prediction_jsonl,True
radar_confidence_gated,212,train,buoy,b4,False,,,prediction_jsonl,True
radar_confidence_gated,212,train,buoy,b5,False,,,prediction_jsonl,True
radar_confidence_gated,212,train,buoy,b6,False,,,prediction_jsonl,True
radar_confidence_gated,212,train,buoy,b7,False,,,prediction_jsonl,True
radar_confidence_gated,212,train,buoy,b8,False,,,prediction_jsonl,True
radar_confidence_gated,213,train,boat,boat,True,0.6608292425266307,0.6330593228340149,prediction_jsonl,True
radar_confidence_gated,213,train,buoy,b1,True,0.6435170081117458,0.16266833245754242,prediction_jsonl,True
radar_confidence_gated,213,train,buoy,b3,False,,,prediction_jsonl,True
radar_confidence_gated,213,train,buoy,b4,False,,,prediction_jsonl,True
radar_confidence_gated,213,train,buoy,b5,False,,,prediction_jsonl,True
radar_confidence_gated,213,train,buoy,b6,False,,,prediction_jsonl,True
radar_confidence_gated,213,train,buoy,b7,False,,,prediction_jsonl,True
radar_confidence_gated,213,train,buoy,b8,False,,,prediction_jsonl,True
radar_confidence_gated,214,train,boat,boat,True,0.64884361494118,0.6350048184394836,prediction_jsonl,True
radar_confidence_gated,214,train,buoy,b1,True,0.6567360711673208,0.19450563192367554,prediction_jsonl,True
radar_confidence_gated,214,train,buoy,b3,False,,,prediction_jsonl,True
radar_confidence_gated,214,train,buoy,b4,False,,,prediction_jsonl,True
radar_confidence_gated,214,train,buoy,b5,False,,,prediction_jsonl,True
radar_confidence_gated,214,train,buoy,b6,False,,,prediction_jsonl,True
radar_confidence_gated,214,train,buoy,b7,False,,,prediction_jsonl,True
radar_confidence_gated,214,train,buoy,b8,False,,,prediction_jsonl,True
radar_confidence_gated,215,train,boat,boat,True,0.6577434378867695,0.6313492655754089,prediction_jsonl,True
radar_confidence_gated,215,train,buoy,b1,False,,,prediction_jsonl,True
radar_confidence_gated,215,train,buoy,b3,False,,,prediction_jsonl,True
radar_confidence_gated,215,train,buoy,b4,False,,,prediction_jsonl,True
radar_confidence_gated,215,train,buoy,b5,False,,,prediction_jsonl,True
radar_confidence_gated,215,train,buoy,b6,False,,,prediction_jsonl,True
radar_confidence_gated,215,train,buoy,b7,False,,,prediction_jsonl,True
radar_confidence_gated,215,train,buoy,b8,False,,,prediction_jsonl,True
radar_confidence_gated,216,train,boat,boat,True,0.6751921204903655,0.6318992376327515,prediction_jsonl,True
radar_confidence_gated,216,train,buoy,b1,False,,,prediction_jsonl,True
radar_confidence_gated,216,train,buoy,b3,False,,,prediction_jsonl,True
radar_confidence_gated,216,train,buoy,b4,False,,,prediction_jsonl,True
radar_confidence_gated,216,train,buoy,b5,False,,,prediction_jsonl,True
radar_confidence_gated,216,train,buoy,b6,False,,,prediction_jsonl,True
radar_confidence_gated,216,train,buoy,b7,False,,,prediction_jsonl,True
radar_confidence_gated,216,train,buoy,b8,False,,,prediction_jsonl,True
radar_confidence_gated,217,train,boat,boat,True,0.6951303869640425,0.6361960768699646,prediction_jsonl,True
radar_confidence_gated,217,train,buoy,b1,True,0.6073135606878062,0.16495069861412048,prediction_jsonl,True
radar_confidence_gated,217,train,buoy,b3,False,,,prediction_jsonl,True
radar_confidence_gated,217,train,buoy,b4,False,,,prediction_jsonl,True
radar_confidence_gated,217,train,buoy,b5,False,,,prediction_jsonl,True
radar_confidence_gated,217,train,buoy,b6,False,,,prediction_jsonl,True
radar_confidence_gated,217,train,buoy,b7,False,,,prediction_jsonl,True
radar_confidence_gated,217,train,buoy,b8,False,,,prediction_jsonl,True
radar_confidence_gated,218,train,boat,boat,True,0.7042046892470764,0.641014814376831,prediction_jsonl,True
radar_confidence_gated,218,train,buoy,b1,False,,,prediction_jsonl,True
radar_confidence_gated,218,train,buoy,b3,False,,,prediction_jsonl,True
radar_confidence_gated,218,train,buoy,b4,False,,,prediction_jsonl,True
radar_confidence_gated,218,train,buoy,b5,False,,,prediction_jsonl,True
radar_confidence_gated,218,train,buoy,b6,False,,,prediction_jsonl,True
radar_confidence_gated,218,train,buoy,b7,False,,,prediction_jsonl,True
radar_confidence_gated,218,train,buoy,b8,False,,,prediction_jsonl,True
radar_confidence_gated,219,train,boat,boat,True,0.7098764528170161,0.6662656664848328,prediction_jsonl,True
radar_confidence_gated,219,train,buoy,b1,True,0.5826981895203415,0.1849428415298462,prediction_jsonl,True
radar_confidence_gated,219,train,buoy,b3,False,,,prediction_jsonl,True
radar_confidence_gated,219,train,buoy,b4,False,,,prediction_jsonl,True
radar_confidence_gated,219,train,buoy,b5,False,,,prediction_jsonl,True
radar_confidence_gated,219,train,buoy,b6,False,,,prediction_jsonl,True
radar_confidence_gated,219,train,buoy,b7,False,,,prediction_jsonl,True
radar_confidence_gated,219,train,buoy,b8,False,,,prediction_jsonl,True
radar_confidence_gated,220,train,boat,boat,True,0.7067867701247953,0.6380869746208191,prediction_jsonl,True
radar_confidence_gated,220,train,buoy,b1,False,,,prediction_jsonl,True
radar_confidence_gated,220,train,buoy,b3,False,,,prediction_jsonl,True
radar_confidence_gated,220,train,buoy,b4,False,,,prediction_jsonl,True
radar_confidence_gated,220,train,buoy,b5,False,,,prediction_jsonl,True
radar_confidence_gated,220,train,buoy,b6,False,,,prediction_jsonl,True
radar_confidence_gated,220,train,buoy,b7,False,,,prediction_jsonl,True
radar_confidence_gated,220,train,buoy,b8,False,,,prediction_jsonl,True
radar_confidence_gated,221,train,boat,boat,True,0.6949072914423212,0.6573875546455383,prediction_jsonl,True
radar_confidence_gated,221,train,buoy,b1,True,0.6221767558464624,0.18655382096767426,prediction_jsonl,True
radar_confidence_gated,221,train,buoy,b3,False,,,prediction_jsonl,True
radar_confidence_gated,221,train,buoy,b4,False,,,prediction_jsonl,True
radar_confidence_gated,221,train,buoy,b5,False,,,prediction_jsonl,True
radar_confidence_gated,221,train,buoy,b6,False,,,prediction_jsonl,True
radar_confidence_gated,221,train,buoy,b7,False,,,prediction_jsonl,True
radar_confidence_gated,221,train,buoy,b8,False,,,prediction_jsonl,True
radar_confidence_gated,222,train,boat,boat,True,0.7156683472598441,0.6524205207824707,prediction_jsonl,True
radar_confidence_gated,222,train,buoy,b1,True,0.6400625460473279,0.18459570407867432,prediction_jsonl,True
radar_confidence_gated,222,train,buoy,b3,False,,,prediction_jsonl,True
radar_confidence_gated,222,train,buoy,b4,False,,,prediction_jsonl,True
radar_confidence_gated,222,train,buoy,b5,False,,,prediction_jsonl,True
radar_confidence_gated,222,train,buoy,b6,False,,,prediction_jsonl,True
radar_confidence_gated,222,train,buoy,b7,False,,,prediction_jsonl,True
radar_confidence_gated,222,train,buoy,b8,False,,,prediction_jsonl,True
radar_confidence_gated,223,train,boat,boat,True,0.7271033831623521,0.6479641199111938,prediction_jsonl,True
radar_confidence_gated,223,train,buoy,b1,True,0.687089895869052,0.19187897443771362,prediction_jsonl,True
radar_confidence_gated,223,train,buoy,b3,False,,,prediction_jsonl,True
radar_confidence_gated,223,train,buoy,b4,False,,,prediction_jsonl,True
radar_confidence_gated,223,train,buoy,b5,False,,,prediction_jsonl,True
radar_confidence_gated,223,train,buoy,b6,False,,,prediction_jsonl,True
radar_confidence_gated,223,train,buoy,b7,False,,,prediction_jsonl,True
radar_confidence_gated,223,train,buoy,b8,False,,,prediction_jsonl,True
radar_confidence_gated,224,train,boat,boat,True,0.7165245816899345,0.639829158782959,prediction_jsonl,True
radar_confidence_gated,224,train,buoy,b1,True,0.6576825673948801,0.1815871149301529,prediction_jsonl,True
radar_confidence_gated,224,train,buoy,b3,False,,,prediction_jsonl,True
radar_confidence_gated,224,train,buoy,b4,False,,,prediction_jsonl,True
radar_confidence_gated,224,train,buoy,b5,False,,,prediction_jsonl,True
radar_confidence_gated,224,train,buoy,b6,False,,,prediction_jsonl,True
radar_confidence_gated,224,train,buoy,b7,False,,,prediction_jsonl,True
radar_confidence_gated,224,train,buoy,b8,False,,,prediction_jsonl,True
radar_confidence_gated,225,train,boat,boat,True,0.7067833720720512,0.632107138633728,prediction_jsonl,True
radar_confidence_gated,225,train,buoy,b1,True,0.6682451537417858,0.18262100219726562,prediction_jsonl,True
radar_confidence_gated,225,train,buoy,b3,False,,,prediction_jsonl,True
radar_confidence_gated,225,train,buoy,b4,False,,,prediction_jsonl,True
radar_confidence_gated,225,train,buoy,b5,False,,,prediction_jsonl,True
radar_confidence_gated,225,train,buoy,b6,False,,,prediction_jsonl,True
radar_confidence_gated,225,train,buoy,b7,False,,,prediction_jsonl,True
radar_confidence_gated,225,train,buoy,b8,False,,,prediction_jsonl,True
radar_confidence_gated,226,train,boat,boat,True,0.6747393753679753,0.6389349699020386,prediction_jsonl,True
radar_confidence_gated,226,train,buoy,b1,True,0.6395370683346099,0.2569091022014618,prediction_jsonl,True
radar_confidence_gated,226,train,buoy,b3,False,,,prediction_jsonl,True
radar_confidence_gated,226,train,buoy,b4,False,,,prediction_jsonl,True
radar_confidence_gated,226,train,buoy,b5,False,,,prediction_jsonl,True
radar_confidence_gated,226,train,buoy,b6,False,,,prediction_jsonl,True
radar_confidence_gated,226,train,buoy,b7,False,,,prediction_jsonl,True
radar_confidence_gated,226,train,buoy,b8,False,,,prediction_jsonl,True
radar_confidence_gated,227,train,boat,boat,True,0.6749627122266612,0.6410889625549316,prediction_jsonl,True
radar_confidence_gated,227,train,buoy,b1,True,0.659180153311391,0.18481752276420593,prediction_jsonl,True
radar_confidence_gated,227,train,buoy,b3,False,,,prediction_jsonl,True
radar_confidence_gated,227,train,buoy,b4,False,,,prediction_jsonl,True
radar_confidence_gated,227,train,buoy,b5,False,,,prediction_jsonl,True
radar_confidence_gated,227,train,buoy,b6,False,,,prediction_jsonl,True
radar_confidence_gated,227,train,buoy,b7,False,,,prediction_jsonl,True
radar_confidence_gated,227,train,buoy,b8,False,,,prediction_jsonl,True
radar_confidence_gated,228,train,boat,boat,True,0.6722610661478522,0.6467885971069336,prediction_jsonl,True
radar_confidence_gated,228,train,buoy,b1,True,0.6206345242206064,0.19081896543502808,prediction_jsonl,True
radar_confidence_gated,228,train,buoy,b3,False,,,prediction_jsonl,True
radar_confidence_gated,228,train,buoy,b4,False,,,prediction_jsonl,True
radar_confidence_gated,228,train,buoy,b5,False,,,prediction_jsonl,True
radar_confidence_gated,228,train,buoy,b6,False,,,prediction_jsonl,True
radar_confidence_gated,228,train,buoy,b7,False,,,prediction_jsonl,True
radar_confidence_gated,228,train,buoy,b8,False,,,prediction_jsonl,True
radar_confidence_gated,229,train,boat,boat,True,0.6758169099464358,0.6355711221694946,prediction_jsonl,True
radar_confidence_gated,229,train,buoy,b1,True,0.6000325730950856,0.17706511914730072,prediction_jsonl,True
radar_confidence_gated,229,train,buoy,b3,False,,,prediction_jsonl,True
radar_confidence_gated,229,train,buoy,b4,False,,,prediction_jsonl,True
radar_confidence_gated,229,train,buoy,b5,False,,,prediction_jsonl,True
radar_confidence_gated,229,train,buoy,b6,False,,,prediction_jsonl,True
radar_confidence_gated,229,train,buoy,b7,False,,,prediction_jsonl,True
radar_confidence_gated,229,train,buoy,b8,False,,,prediction_jsonl,True
radar_confidence_gated,230,train,boat,boat,True,0.6917766834466871,0.6381354928016663,prediction_jsonl,True
radar_confidence_gated,230,train,buoy,b1,True,0.6294998966989368,0.18854013085365295,prediction_jsonl,True
radar_confidence_gated,230,train,buoy,b3,False,,,prediction_jsonl,True
radar_confidence_gated,230,train,buoy,b4,False,,,prediction_jsonl,True
radar_confidence_gated,230,train,buoy,b5,False,,,prediction_jsonl,True
radar_confidence_gated,230,train,buoy,b6,False,,,prediction_jsonl,True
radar_confidence_gated,230,train,buoy,b7,False,,,prediction_jsonl,True
radar_confidence_gated,230,train,buoy,b8,False,,,prediction_jsonl,True
radar_confidence_gated,231,train,boat,boat,True,0.6812262029578139,0.6443309783935547,prediction_jsonl,True
radar_confidence_gated,231,train,buoy,b1,True,0.6297340771428096,0.1892985999584198,prediction_jsonl,True
radar_confidence_gated,231,train,buoy,b3,False,,,prediction_jsonl,True
radar_confidence_gated,231,train,buoy,b4,False,,,prediction_jsonl,True
radar_confidence_gated,231,train,buoy,b5,False,,,prediction_jsonl,True
radar_confidence_gated,231,train,buoy,b6,False,,,prediction_jsonl,True
radar_confidence_gated,231,train,buoy,b7,False,,,prediction_jsonl,True
radar_confidence_gated,231,train,buoy,b8,False,,,prediction_jsonl,True
radar_confidence_gated,232,train,boat,boat,True,0.690930269399048,0.6593641042709351,prediction_jsonl,True
radar_confidence_gated,232,train,buoy,b1,True,0.6720419472960173,0.19215451180934906,prediction_jsonl,True
radar_confidence_gated,232,train,buoy,b3,False,,,prediction_jsonl,True
radar_confidence_gated,232,train,buoy,b4,False,,,prediction_jsonl,True
radar_confidence_gated,232,train,buoy,b5,False,,,prediction_jsonl,True
radar_confidence_gated,232,train,buoy,b6,False,,,prediction_jsonl,True
radar_confidence_gated,232,train,buoy,b7,False,,,prediction_jsonl,True
radar_confidence_gated,232,train,buoy,b8,False,,,prediction_jsonl,True
radar_confidence_gated,233,train,boat,boat,True,0.6702784694091022,0.6644378900527954,prediction_jsonl,True
radar_confidence_gated,233,train,buoy,b1,True,0.6569815613398846,0.17216834425926208,prediction_jsonl,True
radar_confidence_gated,233,train,buoy,b3,False,,,prediction_jsonl,True
radar_confidence_gated,233,train,buoy,b4,False,,,prediction_jsonl,True
radar_confidence_gated,233,train,buoy,b5,False,,,prediction_jsonl,True
radar_confidence_gated,233,train,buoy,b6,False,,,prediction_jsonl,True
radar_confidence_gated,233,train,buoy,b7,False,,,prediction_jsonl,True
radar_confidence_gated,233,train,buoy,b8,False,,,prediction_jsonl,True
radar_confidence_gated,234,train,boat,boat,True,0.6582357888854712,0.6645836234092712,prediction_jsonl,True
radar_confidence_gated,234,train,buoy,b1,False,,,prediction_jsonl,True
radar_confidence_gated,234,train,buoy,b3,False,,,prediction_jsonl,True
radar_confidence_gated,234,train,buoy,b4,False,,,prediction_jsonl,True
radar_confidence_gated,234,train,buoy,b5,False,,,prediction_jsonl,True
radar_confidence_gated,234,train,buoy,b6,False,,,prediction_jsonl,True
radar_confidence_gated,234,train,buoy,b7,False,,,prediction_jsonl,True
radar_confidence_gated,234,train,buoy,b8,False,,,prediction_jsonl,True
radar_confidence_gated,235,train,boat,boat,True,0.7008665195572625,0.6505745649337769,prediction_jsonl,True
radar_confidence_gated,235,train,buoy,b1,True,0.6254928499648128,0.16865958273410797,prediction_jsonl,True
radar_confidence_gated,235,train,buoy,b3,False,,,prediction_jsonl,True
radar_confidence_gated,235,train,buoy,b4,False,,,prediction_jsonl,True
radar_confidence_gated,235,train,buoy,b5,False,,,prediction_jsonl,True
radar_confidence_gated,235,train,buoy,b6,False,,,prediction_jsonl,True
radar_confidence_gated,235,train,buoy,b7,False,,,prediction_jsonl,True
radar_confidence_gated,235,train,buoy,b8,False,,,prediction_jsonl,True
radar_confidence_gated,236,train,boat,boat,True,0.6958148521333333,0.6478264927864075,prediction_jsonl,True
radar_confidence_gated,236,train,buoy,b1,True,0.6087115471995044,0.16391535103321075,prediction_jsonl,True
radar_confidence_gated,236,train,buoy,b3,False,,,prediction_jsonl,True
radar_confidence_gated,236,train,buoy,b4,False,,,prediction_jsonl,True
radar_confidence_gated,236,train,buoy,b5,False,,,prediction_jsonl,True
radar_confidence_gated,236,train,buoy,b6,False,,,prediction_jsonl,True
radar_confidence_gated,236,train,buoy,b7,False,,,prediction_jsonl,True
radar_confidence_gated,236,train,buoy,b8,False,,,prediction_jsonl,True
radar_confidence_gated,237,train,boat,boat,True,0.6779306547507278,0.665226399898529,prediction_jsonl,True
radar_confidence_gated,237,train,buoy,b1,False,,,prediction_jsonl,True
radar_confidence_gated,237,train,buoy,b3,False,,,prediction_jsonl,True
radar_confidence_gated,237,train,buoy,b4,False,,,prediction_jsonl,True
radar_confidence_gated,237,train,buoy,b5,False,,,prediction_jsonl,True
radar_confidence_gated,237,train,buoy,b6,False,,,prediction_jsonl,True
radar_confidence_gated,237,train,buoy,b7,False,,,prediction_jsonl,True
radar_confidence_gated,237,train,buoy,b8,False,,,prediction_jsonl,True
radar_confidence_gated,238,train,boat,boat,True,0.6829022029487269,0.6665727496147156,prediction_jsonl,True
radar_confidence_gated,238,train,buoy,b1,True,0.6612138461996839,0.17305178940296173,prediction_jsonl,True
radar_confidence_gated,238,train,buoy,b3,False,,,prediction_jsonl,True
radar_confidence_gated,238,train,buoy,b4,False,,,prediction_jsonl,True
radar_confidence_gated,238,train,buoy,b5,False,,,prediction_jsonl,True
radar_confidence_gated,238,train,buoy,b6,False,,,prediction_jsonl,True
radar_confidence_gated,238,train,buoy,b7,False,,,prediction_jsonl,True
radar_confidence_gated,238,train,buoy,b8,False,,,prediction_jsonl,True
radar_confidence_gated,239,train,boat,boat,True,0.6814237984845822,0.6404761672019958,prediction_jsonl,True
radar_confidence_gated,239,train,buoy,b1,False,,,prediction_jsonl,True
radar_confidence_gated,239,train,buoy,b3,False,,,prediction_jsonl,True
radar_confidence_gated,239,train,buoy,b4,False,,,prediction_jsonl,True
radar_confidence_gated,239,train,buoy,b5,False,,,prediction_jsonl,True
radar_confidence_gated,239,train,buoy,b6,False,,,prediction_jsonl,True
radar_confidence_gated,239,train,buoy,b7,False,,,prediction_jsonl,True
radar_confidence_gated,239,train,buoy,b8,False,,,prediction_jsonl,True
radar_confidence_gated,240,train,boat,boat,True,0.6747758427095562,0.6467589139938354,prediction_jsonl,True
radar_confidence_gated,240,train,buoy,b1,True,0.6358487962251539,0.18023493885993958,prediction_jsonl,True
radar_confidence_gated,240,train,buoy,b3,False,,,prediction_jsonl,True
radar_confidence_gated,240,train,buoy,b4,False,,,prediction_jsonl,True
radar_confidence_gated,240,train,buoy,b5,False,,,prediction_jsonl,True
radar_confidence_gated,240,train,buoy,b6,False,,,prediction_jsonl,True
radar_confidence_gated,240,train,buoy,b7,False,,,prediction_jsonl,True
radar_confidence_gated,240,train,buoy,b8,False,,,prediction_jsonl,True
radar_confidence_gated,241,train,boat,boat,True,0.6865558336001599,0.645240306854248,prediction_jsonl,True
radar_confidence_gated,241,train,buoy,b1,True,0.6179527851483896,0.20450426638126373,prediction_jsonl,True
radar_confidence_gated,241,train,buoy,b3,False,,,prediction_jsonl,True
radar_confidence_gated,241,train,buoy,b4,False,,,prediction_jsonl,True
radar_confidence_gated,241,train,buoy,b5,False,,,prediction_jsonl,True
radar_confidence_gated,241,train,buoy,b6,False,,,prediction_jsonl,True
radar_confidence_gated,241,train,buoy,b7,False,,,prediction_jsonl,True
radar_confidence_gated,241,train,buoy,b8,False,,,prediction_jsonl,True
radar_confidence_gated,242,train,boat,boat,True,0.6784146372756661,0.645543098449707,prediction_jsonl,True
radar_confidence_gated,242,train,buoy,b1,True,0.6111514735335744,0.19515033066272736,prediction_jsonl,True
radar_confidence_gated,242,train,buoy,b3,False,,,prediction_jsonl,True
radar_confidence_gated,242,train,buoy,b4,False,,,prediction_jsonl,True
radar_confidence_gated,242,train,buoy,b5,False,,,prediction_jsonl,True
radar_confidence_gated,242,train,buoy,b6,False,,,prediction_jsonl,True
radar_confidence_gated,242,train,buoy,b7,False,,,prediction_jsonl,True
radar_confidence_gated,242,train,buoy,b8,False,,,prediction_jsonl,True
radar_confidence_gated,243,train,boat,boat,True,0.6947109875719851,0.6494410634040833,prediction_jsonl,True
radar_confidence_gated,243,train,buoy,b1,True,0.6340090536299173,0.1805109828710556,prediction_jsonl,True
radar_confidence_gated,243,train,buoy,b3,False,,,prediction_jsonl,True
radar_confidence_gated,243,train,buoy,b4,False,,,prediction_jsonl,True
radar_confidence_gated,243,train,buoy,b5,False,,,prediction_jsonl,True
radar_confidence_gated,243,train,buoy,b6,False,,,prediction_jsonl,True
radar_confidence_gated,243,train,buoy,b7,False,,,prediction_jsonl,True
radar_confidence_gated,243,train,buoy,b8,False,,,prediction_jsonl,True
radar_confidence_gated,244,train,boat,boat,True,0.6976066646230393,0.64220130443573,prediction_jsonl,True
radar_confidence_gated,244,train,buoy,b1,True,0.6466402606299723,0.18236041069030762,prediction_jsonl,True
radar_confidence_gated,244,train,buoy,b3,False,,,prediction_jsonl,True
radar_confidence_gated,244,train,buoy,b4,False,,,prediction_jsonl,True
radar_confidence_gated,244,train,buoy,b5,False,,,prediction_jsonl,True
radar_confidence_gated,244,train,buoy,b6,False,,,prediction_jsonl,True
radar_confidence_gated,244,train,buoy,b7,False,,,prediction_jsonl,True
radar_confidence_gated,244,train,buoy,b8,False,,,prediction_jsonl,True
radar_confidence_gated,245,train,boat,boat,True,0.7017582358008679,0.642688512802124,prediction_jsonl,True
radar_confidence_gated,245,train,buoy,b1,True,0.6350040631685582,0.20122480392456055,prediction_jsonl,True
radar_confidence_gated,245,train,buoy,b3,False,,,prediction_jsonl,True
radar_confidence_gated,245,train,buoy,b4,False,,,prediction_jsonl,True
radar_confidence_gated,245,train,buoy,b5,False,,,prediction_jsonl,True
radar_confidence_gated,245,train,buoy,b6,False,,,prediction_jsonl,True
radar_confidence_gated,245,train,buoy,b7,False,,,prediction_jsonl,True
radar_confidence_gated,245,train,buoy,b8,False,,,prediction_jsonl,True
radar_confidence_gated,246,train,boat,boat,True,0.7085979994070423,0.6451094746589661,prediction_jsonl,True
radar_confidence_gated,246,train,buoy,b1,True,0.6286761470143412,0.1938147246837616,prediction_jsonl,True
radar_confidence_gated,246,train,buoy,b3,False,,,prediction_jsonl,True
radar_confidence_gated,246,train,buoy,b4,False,,,prediction_jsonl,True
radar_confidence_gated,246,train,buoy,b5,False,,,prediction_jsonl,True
radar_confidence_gated,246,train,buoy,b6,False,,,prediction_jsonl,True
radar_confidence_gated,246,train,buoy,b7,False,,,prediction_jsonl,True
radar_confidence_gated,246,train,buoy,b8,False,,,prediction_jsonl,True
radar_confidence_gated,247,train,boat,boat,True,0.6980088398424086,0.6532315611839294,prediction_jsonl,True
radar_confidence_gated,247,train,buoy,b1,True,0.6320654961144184,0.20173276960849762,prediction_jsonl,True
radar_confidence_gated,247,train,buoy,b3,False,,,prediction_jsonl,True
radar_confidence_gated,247,train,buoy,b4,False,,,prediction_jsonl,True
radar_confidence_gated,247,train,buoy,b5,False,,,prediction_jsonl,True
radar_confidence_gated,247,train,buoy,b6,False,,,prediction_jsonl,True
radar_confidence_gated,247,train,buoy,b7,False,,,prediction_jsonl,True
radar_confidence_gated,247,train,buoy,b8,False,,,prediction_jsonl,True
radar_confidence_gated,248,train,boat,boat,True,0.6904562903520274,0.6498556137084961,prediction_jsonl,True
radar_confidence_gated,248,train,buoy,b1,True,0.6381865966747026,0.22157227993011475,prediction_jsonl,True
radar_confidence_gated,248,train,buoy,b3,False,,,prediction_jsonl,True
radar_confidence_gated,248,train,buoy,b4,False,,,prediction_jsonl,True
radar_confidence_gated,248,train,buoy,b5,False,,,prediction_jsonl,True
radar_confidence_gated,248,train,buoy,b6,False,,,prediction_jsonl,True
radar_confidence_gated,248,train,buoy,b7,False,,,prediction_jsonl,True
radar_confidence_gated,248,train,buoy,b8,False,,,prediction_jsonl,True
radar_confidence_gated,249,train,boat,boat,True,0.6998286746651211,0.6299687623977661,prediction_jsonl,True
radar_confidence_gated,249,train,buoy,b1,True,0.6177054740037159,0.18260686099529266,prediction_jsonl,True
radar_confidence_gated,249,train,buoy,b3,False,,,prediction_jsonl,True
radar_confidence_gated,249,train,buoy,b4,False,,,prediction_jsonl,True
radar_confidence_gated,249,train,buoy,b5,False,,,prediction_jsonl,True
radar_confidence_gated,249,train,buoy,b6,False,,,prediction_jsonl,True
radar_confidence_gated,249,train,buoy,b7,False,,,prediction_jsonl,True
radar_confidence_gated,249,train,buoy,b8,False,,,prediction_jsonl,True
radar_confidence_gated,250,train,boat,boat,True,0.6934229771479664,0.6297556161880493,prediction_jsonl,True
radar_confidence_gated,250,train,buoy,b1,True,0.6386799062293382,0.1985553354024887,prediction_jsonl,True
radar_confidence_gated,250,train,buoy,b3,False,,,prediction_jsonl,True
radar_confidence_gated,250,train,buoy,b4,False,,,prediction_jsonl,True
radar_confidence_gated,250,train,buoy,b5,False,,,prediction_jsonl,True
radar_confidence_gated,250,train,buoy,b6,False,,,prediction_jsonl,True
radar_confidence_gated,250,train,buoy,b7,False,,,prediction_jsonl,True
radar_confidence_gated,250,train,buoy,b8,False,,,prediction_jsonl,True
radar_confidence_gated,251,train,boat,boat,True,0.6949061928013363,0.6296814680099487,prediction_jsonl,True
radar_confidence_gated,251,train,buoy,b1,True,0.649935918746464,0.195634663105011,prediction_jsonl,True
radar_confidence_gated,251,train,buoy,b3,False,,,prediction_jsonl,True
radar_confidence_gated,251,train,buoy,b4,False,,,prediction_jsonl,True
radar_confidence_gated,251,train,buoy,b5,False,,,prediction_jsonl,True
radar_confidence_gated,251,train,buoy,b6,False,,,prediction_jsonl,True
radar_confidence_gated,251,train,buoy,b7,False,,,prediction_jsonl,True
radar_confidence_gated,251,train,buoy,b8,False,,,prediction_jsonl,True
radar_confidence_gated,252,train,boat,boat,True,0.6845981685968946,0.6428946852684021,prediction_jsonl,True
radar_confidence_gated,252,train,buoy,b1,True,0.6363210121815241,0.18247194588184357,prediction_jsonl,True
radar_confidence_gated,252,train,buoy,b3,False,,,prediction_jsonl,True
radar_confidence_gated,252,train,buoy,b4,False,,,prediction_jsonl,True
radar_confidence_gated,252,train,buoy,b5,False,,,prediction_jsonl,True
radar_confidence_gated,252,train,buoy,b6,False,,,prediction_jsonl,True
radar_confidence_gated,252,train,buoy,b7,False,,,prediction_jsonl,True
radar_confidence_gated,252,train,buoy,b8,False,,,prediction_jsonl,True
radar_confidence_gated,253,train,boat,boat,True,0.6672361822049051,0.6515691876411438,prediction_jsonl,True
radar_confidence_gated,253,train,buoy,b1,True,0.6059174599325022,0.18898490071296692,prediction_jsonl,True
radar_confidence_gated,253,train,buoy,b3,False,,,prediction_jsonl,True
radar_confidence_gated,253,train,buoy,b4,False,,,prediction_jsonl,True
radar_confidence_gated,253,train,buoy,b5,False,,,prediction_jsonl,True
radar_confidence_gated,253,train,buoy,b6,False,,,prediction_jsonl,True
radar_confidence_gated,253,train,buoy,b7,False,,,prediction_jsonl,True
radar_confidence_gated,253,train,buoy,b8,False,,,prediction_jsonl,True
radar_confidence_gated,254,train,boat,boat,True,0.6834790786819728,0.646914005279541,prediction_jsonl,True
radar_confidence_gated,254,train,buoy,b1,True,0.6560104699673565,0.18713216483592987,prediction_jsonl,True
radar_confidence_gated,254,train,buoy,b3,False,,,prediction_jsonl,True
radar_confidence_gated,254,train,buoy,b4,False,,,prediction_jsonl,True
radar_confidence_gated,254,train,buoy,b5,False,,,prediction_jsonl,True
radar_confidence_gated,254,train,buoy,b6,False,,,prediction_jsonl,True
radar_confidence_gated,254,train,buoy,b7,False,,,prediction_jsonl,True
radar_confidence_gated,254,train,buoy,b8,False,,,prediction_jsonl,True
radar_confidence_gated,255,train,boat,boat,True,0.706112707147392,0.6360965371131897,prediction_jsonl,True
radar_confidence_gated,255,train,buoy,b1,True,0.6743576302884647,0.19130170345306396,prediction_jsonl,True
radar_confidence_gated,255,train,buoy,b3,False,,,prediction_jsonl,True
radar_confidence_gated,255,train,buoy,b4,False,,,prediction_jsonl,True
radar_confidence_gated,255,train,buoy,b5,False,,,prediction_jsonl,True
radar_confidence_gated,255,train,buoy,b6,False,,,prediction_jsonl,True
radar_confidence_gated,255,train,buoy,b7,False,,,prediction_jsonl,True
radar_confidence_gated,255,train,buoy,b8,False,,,prediction_jsonl,True
radar_confidence_gated,256,train,boat,boat,True,0.6976362463107186,0.6561868190765381,prediction_jsonl,True
radar_confidence_gated,256,train,buoy,b1,True,0.6560339607695156,0.18105287849903107,prediction_jsonl,True
radar_confidence_gated,256,train,buoy,b3,False,,,prediction_jsonl,True
radar_confidence_gated,256,train,buoy,b4,False,,,prediction_jsonl,True
radar_confidence_gated,256,train,buoy,b5,False,,,prediction_jsonl,True
radar_confidence_gated,256,train,buoy,b6,False,,,prediction_jsonl,True
radar_confidence_gated,256,train,buoy,b7,False,,,prediction_jsonl,True
radar_confidence_gated,256,train,buoy,b8,False,,,prediction_jsonl,True
radar_confidence_gated,257,train,boat,boat,True,0.699437188913969,0.6457296013832092,prediction_jsonl,True
radar_confidence_gated,257,train,buoy,b1,True,0.6350920703521841,0.19905410706996918,prediction_jsonl,True
radar_confidence_gated,257,train,buoy,b3,False,,,prediction_jsonl,True
radar_confidence_gated,257,train,buoy,b4,False,,,prediction_jsonl,True
radar_confidence_gated,257,train,buoy,b5,False,,,prediction_jsonl,True
radar_confidence_gated,257,train,buoy,b6,False,,,prediction_jsonl,True
radar_confidence_gated,257,train,buoy,b7,False,,,prediction_jsonl,True
radar_confidence_gated,257,train,buoy,b8,False,,,prediction_jsonl,True
radar_confidence_gated,258,train,boat,boat,True,0.6957712278658073,0.6338492631912231,prediction_jsonl,True
radar_confidence_gated,258,train,buoy,b1,True,0.629868348695924,0.19543476402759552,prediction_jsonl,True
radar_confidence_gated,258,train,buoy,b3,False,,,prediction_jsonl,True
radar_confidence_gated,258,train,buoy,b4,False,,,prediction_jsonl,True
radar_confidence_gated,258,train,buoy,b5,False,,,prediction_jsonl,True
radar_confidence_gated,258,train,buoy,b6,False,,,prediction_jsonl,True
radar_confidence_gated,258,train,buoy,b7,False,,,prediction_jsonl,True
radar_confidence_gated,258,train,buoy,b8,False,,,prediction_jsonl,True
radar_confidence_gated,259,train,boat,boat,True,0.6913723430916829,0.6518465280532837,prediction_jsonl,True
radar_confidence_gated,259,train,buoy,b1,True,0.6494252016639582,0.22961023449897766,prediction_jsonl,True
radar_confidence_gated,259,train,buoy,b3,False,,,prediction_jsonl,True
radar_confidence_gated,259,train,buoy,b4,False,,,prediction_jsonl,True
radar_confidence_gated,259,train,buoy,b5,False,,,prediction_jsonl,True
radar_confidence_gated,259,train,buoy,b6,False,,,prediction_jsonl,True
radar_confidence_gated,259,train,buoy,b7,False,,,prediction_jsonl,True
radar_confidence_gated,259,train,buoy,b8,False,,,prediction_jsonl,True
radar_confidence_gated,260,train,boat,boat,True,0.6978996378960717,0.6579629778862,prediction_jsonl,True
radar_confidence_gated,260,train,buoy,b1,True,0.6417218214627818,0.20957955718040466,prediction_jsonl,True
radar_confidence_gated,260,train,buoy,b3,False,,,prediction_jsonl,True
radar_confidence_gated,260,train,buoy,b4,False,,,prediction_jsonl,True
radar_confidence_gated,260,train,buoy,b5,False,,,prediction_jsonl,True
radar_confidence_gated,260,train,buoy,b6,False,,,prediction_jsonl,True
radar_confidence_gated,260,train,buoy,b7,False,,,prediction_jsonl,True
radar_confidence_gated,260,train,buoy,b8,False,,,prediction_jsonl,True
radar_confidence_gated,261,train,boat,boat,True,0.6588363211435583,0.6449894309043884,prediction_jsonl,True
radar_confidence_gated,261,train,buoy,b1,True,0.5804376217887778,0.21080535650253296,prediction_jsonl,True
radar_confidence_gated,261,train,buoy,b3,False,,,prediction_jsonl,True
radar_confidence_gated,261,train,buoy,b4,False,,,prediction_jsonl,True
radar_confidence_gated,261,train,buoy,b5,False,,,prediction_jsonl,True
radar_confidence_gated,261,train,buoy,b6,False,,,prediction_jsonl,True
radar_confidence_gated,261,train,buoy,b7,False,,,prediction_jsonl,True
radar_confidence_gated,261,train,buoy,b8,False,,,prediction_jsonl,True
radar_confidence_gated,262,train,boat,boat,True,0.6831385929508776,0.6391928195953369,prediction_jsonl,True
radar_confidence_gated,262,train,buoy,b1,True,0.6166674204623407,0.18892315030097961,prediction_jsonl,True
radar_confidence_gated,262,train,buoy,b3,False,,,prediction_jsonl,True
radar_confidence_gated,262,train,buoy,b4,False,,,prediction_jsonl,True
radar_confidence_gated,262,train,buoy,b5,False,,,prediction_jsonl,True
radar_confidence_gated,262,train,buoy,b6,False,,,prediction_jsonl,True
radar_confidence_gated,262,train,buoy,b7,False,,,prediction_jsonl,True
radar_confidence_gated,262,train,buoy,b8,False,,,prediction_jsonl,True
radar_confidence_gated,263,train,boat,boat,True,0.6853177277805628,0.6507090330123901,prediction_jsonl,True
radar_confidence_gated,263,train,buoy,b1,True,0.6345168179663031,0.20840181410312653,prediction_jsonl,True
radar_confidence_gated,263,train,buoy,b3,False,,,prediction_jsonl,True
radar_confidence_gated,263,train,buoy,b4,False,,,prediction_jsonl,True
radar_confidence_gated,263,train,buoy,b5,False,,,prediction_jsonl,True
radar_confidence_gated,263,train,buoy,b6,False,,,prediction_jsonl,True
radar_confidence_gated,263,train,buoy,b7,False,,,prediction_jsonl,True
radar_confidence_gated,263,train,buoy,b8,False,,,prediction_jsonl,True
radar_confidence_gated,264,train,boat,boat,True,0.6902372473597314,0.6638590693473816,prediction_jsonl,True
radar_confidence_gated,264,train,buoy,b1,True,0.6270886239717063,0.22672393918037415,prediction_jsonl,True
radar_confidence_gated,264,train,buoy,b3,False,,,prediction_jsonl,True
radar_confidence_gated,264,train,buoy,b4,False,,,prediction_jsonl,True
radar_confidence_gated,264,train,buoy,b5,False,,,prediction_jsonl,True
radar_confidence_gated,264,train,buoy,b6,False,,,prediction_jsonl,True
radar_confidence_gated,264,train,buoy,b7,False,,,prediction_jsonl,True
radar_confidence_gated,264,train,buoy,b8,False,,,prediction_jsonl,True
radar_confidence_gated,265,train,boat,boat,True,0.7126756386706048,0.6594076156616211,prediction_jsonl,True
radar_confidence_gated,265,train,buoy,b1,True,0.6110183011468595,0.21299567818641663,prediction_jsonl,True
radar_confidence_gated,265,train,buoy,b3,False,,,prediction_jsonl,True
radar_confidence_gated,265,train,buoy,b4,False,,,prediction_jsonl,True
radar_confidence_gated,265,train,buoy,b5,False,,,prediction_jsonl,True
radar_confidence_gated,265,train,buoy,b6,False,,,prediction_jsonl,True
radar_confidence_gated,265,train,buoy,b7,False,,,prediction_jsonl,True
radar_confidence_gated,265,train,buoy,b8,False,,,prediction_jsonl,True
radar_confidence_gated,266,train,boat,boat,True,0.7197717838608356,0.6603055000305176,prediction_jsonl,True
radar_confidence_gated,266,train,buoy,b1,True,0.6125912632572165,0.19038227200508118,prediction_jsonl,True
radar_confidence_gated,266,train,buoy,b3,False,,,prediction_jsonl,True
radar_confidence_gated,266,train,buoy,b4,False,,,prediction_jsonl,True
radar_confidence_gated,266,train,buoy,b5,False,,,prediction_jsonl,True
radar_confidence_gated,266,train,buoy,b6,False,,,prediction_jsonl,True
radar_confidence_gated,266,train,buoy,b7,False,,,prediction_jsonl,True
radar_confidence_gated,266,train,buoy,b8,False,,,prediction_jsonl,True
radar_confidence_gated,267,train,boat,boat,True,0.7222422639066463,0.65097576379776,prediction_jsonl,True
radar_confidence_gated,267,train,buoy,b1,True,0.6243563598264307,0.17963692545890808,prediction_jsonl,True
radar_confidence_gated,267,train,buoy,b3,False,,,prediction_jsonl,True
radar_confidence_gated,267,train,buoy,b4,False,,,prediction_jsonl,True
radar_confidence_gated,267,train,buoy,b5,False,,,prediction_jsonl,True
radar_confidence_gated,267,train,buoy,b6,False,,,prediction_jsonl,True
radar_confidence_gated,267,train,buoy,b7,False,,,prediction_jsonl,True
radar_confidence_gated,267,train,buoy,b8,False,,,prediction_jsonl,True
radar_confidence_gated,268,train,boat,boat,True,0.702565372240645,0.6601384878158569,prediction_jsonl,True
radar_confidence_gated,268,train,buoy,b1,True,0.5977660689359603,0.2222239375114441,prediction_jsonl,True
radar_confidence_gated,268,train,buoy,b3,False,,,prediction_jsonl,True
radar_confidence_gated,268,train,buoy,b4,False,,,prediction_jsonl,True
radar_confidence_gated,268,train,buoy,b5,False,,,prediction_jsonl,True
radar_confidence_gated,268,train,buoy,b6,False,,,prediction_jsonl,True
radar_confidence_gated,268,train,buoy,b7,False,,,prediction_jsonl,True
radar_confidence_gated,268,train,buoy,b8,False,,,prediction_jsonl,True
radar_confidence_gated,269,train,boat,boat,True,0.6805957722536286,0.6511326432228088,prediction_jsonl,True
radar_confidence_gated,269,train,buoy,b1,False,,,prediction_jsonl,True
radar_confidence_gated,269,train,buoy,b3,False,,,prediction_jsonl,True
radar_confidence_gated,269,train,buoy,b4,False,,,prediction_jsonl,True
radar_confidence_gated,269,train,buoy,b5,False,,,prediction_jsonl,True
radar_confidence_gated,269,train,buoy,b6,False,,,prediction_jsonl,True
radar_confidence_gated,269,train,buoy,b7,False,,,prediction_jsonl,True
radar_confidence_gated,269,train,buoy,b8,False,,,prediction_jsonl,True
radar_confidence_gated,270,train,boat,boat,True,0.6660460104459095,0.6537080407142639,prediction_jsonl,True
radar_confidence_gated,270,train,buoy,b1,True,0.6057638439056052,0.19580864906311035,prediction_jsonl,True
radar_confidence_gated,270,train,buoy,b3,False,,,prediction_jsonl,True
radar_confidence_gated,270,train,buoy,b4,False,,,prediction_jsonl,True
radar_confidence_gated,270,train,buoy,b5,False,,,prediction_jsonl,True
radar_confidence_gated,270,train,buoy,b6,False,,,prediction_jsonl,True
radar_confidence_gated,270,train,buoy,b7,False,,,prediction_jsonl,True
radar_confidence_gated,270,train,buoy,b8,False,,,prediction_jsonl,True
radar_confidence_gated,271,train,boat,boat,True,0.6823502778161444,0.6607342958450317,prediction_jsonl,True
radar_confidence_gated,271,train,buoy,b1,True,0.6207725433635979,0.2314184010028839,prediction_jsonl,True
radar_confidence_gated,271,train,buoy,b3,False,,,prediction_jsonl,True
radar_confidence_gated,271,train,buoy,b4,False,,,prediction_jsonl,True
radar_confidence_gated,271,train,buoy,b5,False,,,prediction_jsonl,True
radar_confidence_gated,271,train,buoy,b6,False,,,prediction_jsonl,True
radar_confidence_gated,271,train,buoy,b7,False,,,prediction_jsonl,True
radar_confidence_gated,271,train,buoy,b8,False,,,prediction_jsonl,True
radar_confidence_gated,272,train,boat,boat,True,0.6793325741556033,0.6510207056999207,prediction_jsonl,True
radar_confidence_gated,272,train,buoy,b1,True,0.6271111235919117,0.19244703650474548,prediction_jsonl,True
radar_confidence_gated,272,train,buoy,b3,False,,,prediction_jsonl,True
radar_confidence_gated,272,train,buoy,b4,False,,,prediction_jsonl,True
radar_confidence_gated,272,train,buoy,b5,False,,,prediction_jsonl,True
radar_confidence_gated,272,train,buoy,b6,False,,,prediction_jsonl,True
radar_confidence_gated,272,train,buoy,b7,False,,,prediction_jsonl,True
radar_confidence_gated,272,train,buoy,b8,False,,,prediction_jsonl,True
radar_confidence_gated,273,train,boat,boat,True,0.6918612390078402,0.651292622089386,prediction_jsonl,True
radar_confidence_gated,273,train,buoy,b1,True,0.6303071393215438,0.18843534588813782,prediction_jsonl,True
radar_confidence_gated,273,train,buoy,b3,False,,,prediction_jsonl,True
radar_confidence_gated,273,train,buoy,b4,False,,,prediction_jsonl,True
radar_confidence_gated,273,train,buoy,b5,False,,,prediction_jsonl,True
radar_confidence_gated,273,train,buoy,b6,False,,,prediction_jsonl,True
radar_confidence_gated,273,train,buoy,b7,False,,,prediction_jsonl,True
radar_confidence_gated,273,train,buoy,b8,False,,,prediction_jsonl,True
radar_confidence_gated,274,train,boat,boat,True,0.7025114111644563,0.6506136059761047,prediction_jsonl,True
radar_confidence_gated,274,train,buoy,b1,True,0.6275759375441387,0.1781252920627594,prediction_jsonl,True
radar_confidence_gated,274,train,buoy,b3,False,,,prediction_jsonl,True
radar_confidence_gated,274,train,buoy,b4,False,,,prediction_jsonl,True
radar_confidence_gated,274,train,buoy,b5,False,,,prediction_jsonl,True
radar_confidence_gated,274,train,buoy,b6,False,,,prediction_jsonl,True
radar_confidence_gated,274,train,buoy,b7,False,,,prediction_jsonl,True
radar_confidence_gated,274,train,buoy,b8,False,,,prediction_jsonl,True
radar_confidence_gated,275,train,boat,boat,True,0.6617035080843812,0.6550595164299011,prediction_jsonl,True
radar_confidence_gated,275,train,buoy,b1,True,0.6613865226167298,0.21657226979732513,prediction_jsonl,True
radar_confidence_gated,275,train,buoy,b3,False,,,prediction_jsonl,True
radar_confidence_gated,275,train,buoy,b4,False,,,prediction_jsonl,True
radar_confidence_gated,275,train,buoy,b5,False,,,prediction_jsonl,True
radar_confidence_gated,275,train,buoy,b6,False,,,prediction_jsonl,True
radar_confidence_gated,275,train,buoy,b7,False,,,prediction_jsonl,True
radar_confidence_gated,275,train,buoy,b8,False,,,prediction_jsonl,True
radar_confidence_gated,276,train,boat,boat,True,0.6769955209924948,0.653781533241272,prediction_jsonl,True
radar_confidence_gated,276,train,buoy,b1,True,0.6835380940068342,0.22499436140060425,prediction_jsonl,True
radar_confidence_gated,276,train,buoy,b3,False,,,prediction_jsonl,True
radar_confidence_gated,276,train,buoy,b4,False,,,prediction_jsonl,True
radar_confidence_gated,276,train,buoy,b5,False,,,prediction_jsonl,True
radar_confidence_gated,276,train,buoy,b6,False,,,prediction_jsonl,True
radar_confidence_gated,276,train,buoy,b7,False,,,prediction_jsonl,True
radar_confidence_gated,276,train,buoy,b8,False,,,prediction_jsonl,True
radar_confidence_gated,277,train,boat,boat,True,0.67178489786787,0.6609758734703064,prediction_jsonl,True
radar_confidence_gated,277,train,buoy,b1,True,0.671365075793797,0.20955713093280792,prediction_jsonl,True
radar_confidence_gated,277,train,buoy,b3,False,,,prediction_jsonl,True
radar_confidence_gated,277,train,buoy,b4,False,,,prediction_jsonl,True
radar_confidence_gated,277,train,buoy,b5,False,,,prediction_jsonl,True
radar_confidence_gated,277,train,buoy,b6,False,,,prediction_jsonl,True
radar_confidence_gated,277,train,buoy,b7,False,,,prediction_jsonl,True
radar_confidence_gated,277,train,buoy,b8,False,,,prediction_jsonl,True
radar_confidence_gated,278,train,boat,boat,True,0.6914931232905906,0.6323003768920898,prediction_jsonl,True
radar_confidence_gated,278,train,buoy,b1,True,0.6295580978580777,0.21074290573596954,prediction_jsonl,True
radar_confidence_gated,278,train,buoy,b3,False,,,prediction_jsonl,True
radar_confidence_gated,278,train,buoy,b4,False,,,prediction_jsonl,True
radar_confidence_gated,278,train,buoy,b5,False,,,prediction_jsonl,True
radar_confidence_gated,278,train,buoy,b6,False,,,prediction_jsonl,True
radar_confidence_gated,278,train,buoy,b7,False,,,prediction_jsonl,True
radar_confidence_gated,278,train,buoy,b8,False,,,prediction_jsonl,True
radar_confidence_gated,279,train,boat,boat,True,0.7128672459648122,0.6376510262489319,prediction_jsonl,True
radar_confidence_gated,279,train,buoy,b1,True,0.6401965587241322,0.21457603573799133,prediction_jsonl,True
radar_confidence_gated,279,train,buoy,b3,False,,,prediction_jsonl,True
radar_confidence_gated,279,train,buoy,b4,False,,,prediction_jsonl,True
radar_confidence_gated,279,train,buoy,b5,False,,,prediction_jsonl,True
radar_confidence_gated,279,train,buoy,b6,False,,,prediction_jsonl,True
radar_confidence_gated,279,train,buoy,b7,False,,,prediction_jsonl,True
radar_confidence_gated,279,train,buoy,b8,False,,,prediction_jsonl,True
radar_confidence_gated,280,train,boat,boat,True,0.7193050490178182,0.6451545357704163,prediction_jsonl,True
radar_confidence_gated,280,train,buoy,b1,True,0.6415098794657295,0.2181202620267868,prediction_jsonl,True
radar_confidence_gated,280,train,buoy,b3,False,,,prediction_jsonl,True
radar_confidence_gated,280,train,buoy,b4,False,,,prediction_jsonl,True
radar_confidence_gated,280,train,buoy,b5,False,,,prediction_jsonl,True
radar_confidence_gated,280,train,buoy,b6,False,,,prediction_jsonl,True
radar_confidence_gated,280,train,buoy,b7,False,,,prediction_jsonl,True
radar_confidence_gated,280,train,buoy,b8,False,,,prediction_jsonl,True
radar_confidence_gated,281,train,boat,boat,True,0.7088737936553019,0.6529096364974976,prediction_jsonl,True
radar_confidence_gated,281,train,buoy,b1,True,0.6013992574752045,0.22980891168117523,prediction_jsonl,True
radar_confidence_gated,281,train,buoy,b3,False,,,prediction_jsonl,True
radar_confidence_gated,281,train,buoy,b4,False,,,prediction_jsonl,True
radar_confidence_gated,281,train,buoy,b5,False,,,prediction_jsonl,True
radar_confidence_gated,281,train,buoy,b6,False,,,prediction_jsonl,True
radar_confidence_gated,281,train,buoy,b7,False,,,prediction_jsonl,True
radar_confidence_gated,281,train,buoy,b8,False,,,prediction_jsonl,True
radar_confidence_gated,282,train,boat,boat,True,0.6944963405668814,0.6409177184104919,prediction_jsonl,True
radar_confidence_gated,282,train,buoy,b1,True,0.6199908488168161,0.22119084000587463,prediction_jsonl,True
radar_confidence_gated,282,train,buoy,b3,False,,,prediction_jsonl,True
radar_confidence_gated,282,train,buoy,b4,False,,,prediction_jsonl,True
radar_confidence_gated,282,train,buoy,b5,False,,,prediction_jsonl,True
radar_confidence_gated,282,train,buoy,b6,False,,,prediction_jsonl,True
radar_confidence_gated,282,train,buoy,b7,False,,,prediction_jsonl,True
radar_confidence_gated,282,train,buoy,b8,False,,,prediction_jsonl,True
radar_confidence_gated,283,train,boat,boat,True,0.7196202564182399,0.6407590508460999,prediction_jsonl,True
radar_confidence_gated,283,train,buoy,b1,True,0.6185426342997077,0.22468088567256927,prediction_jsonl,True
radar_confidence_gated,283,train,buoy,b3,False,,,prediction_jsonl,True
radar_confidence_gated,283,train,buoy,b4,False,,,prediction_jsonl,True
radar_confidence_gated,283,train,buoy,b5,False,,,prediction_jsonl,True
radar_confidence_gated,283,train,buoy,b6,False,,,prediction_jsonl,True
radar_confidence_gated,283,train,buoy,b7,False,,,prediction_jsonl,True
radar_confidence_gated,283,train,buoy,b8,False,,,prediction_jsonl,True
radar_confidence_gated,284,train,boat,boat,True,0.7030600086383878,0.654283344745636,prediction_jsonl,True
radar_confidence_gated,284,train,buoy,b1,True,0.6392937100129146,0.23510171473026276,prediction_jsonl,True
radar_confidence_gated,284,train,buoy,b3,False,,,prediction_jsonl,True
radar_confidence_gated,284,train,buoy,b4,False,,,prediction_jsonl,True
radar_confidence_gated,284,train,buoy,b5,False,,,prediction_jsonl,True
radar_confidence_gated,284,train,buoy,b6,False,,,prediction_jsonl,True
radar_confidence_gated,284,train,buoy,b7,False,,,prediction_jsonl,True
radar_confidence_gated,284,train,buoy,b8,False,,,prediction_jsonl,True
radar_confidence_gated,285,train,boat,boat,True,0.6841276278009876,0.6428923606872559,prediction_jsonl,True
radar_confidence_gated,285,train,buoy,b1,True,0.6432305063167983,0.238608255982399,prediction_jsonl,True
radar_confidence_gated,285,train,buoy,b3,False,,,prediction_jsonl,True
radar_confidence_gated,285,train,buoy,b4,False,,,prediction_jsonl,True
radar_confidence_gated,285,train,buoy,b5,False,,,prediction_jsonl,True
radar_confidence_gated,285,train,buoy,b6,False,,,prediction_jsonl,True
radar_confidence_gated,285,train,buoy,b7,False,,,prediction_jsonl,True
radar_confidence_gated,285,train,buoy,b8,False,,,prediction_jsonl,True
radar_confidence_gated,286,train,boat,boat,True,0.6690488442354546,0.6429428458213806,prediction_jsonl,True
radar_confidence_gated,286,train,buoy,b1,True,0.6395309803975948,0.2332947999238968,prediction_jsonl,True
radar_confidence_gated,286,train,buoy,b3,False,,,prediction_jsonl,True
radar_confidence_gated,286,train,buoy,b4,False,,,prediction_jsonl,True
radar_confidence_gated,286,train,buoy,b5,False,,,prediction_jsonl,True
radar_confidence_gated,286,train,buoy,b6,False,,,prediction_jsonl,True
radar_confidence_gated,286,train,buoy,b7,False,,,prediction_jsonl,True
radar_confidence_gated,286,train,buoy,b8,False,,,prediction_jsonl,True
radar_confidence_gated,287,train,boat,boat,True,0.681913653600951,0.6627178192138672,prediction_jsonl,True
radar_confidence_gated,287,train,buoy,b1,True,0.6343944676443065,0.2508224546909332,prediction_jsonl,True
radar_confidence_gated,287,train,buoy,b3,False,,,prediction_jsonl,True
radar_confidence_gated,287,train,buoy,b4,False,,,prediction_jsonl,True
radar_confidence_gated,287,train,buoy,b5,False,,,prediction_jsonl,True
radar_confidence_gated,287,train,buoy,b6,False,,,prediction_jsonl,True
radar_confidence_gated,287,train,buoy,b7,False,,,prediction_jsonl,True
radar_confidence_gated,287,train,buoy,b8,False,,,prediction_jsonl,True
radar_confidence_gated,288,train,boat,boat,True,0.6811617320298519,0.6458981037139893,prediction_jsonl,True
radar_confidence_gated,288,train,buoy,b1,True,0.6391592457224278,0.23002104461193085,prediction_jsonl,True
radar_confidence_gated,288,train,buoy,b3,False,,,prediction_jsonl,True
radar_confidence_gated,288,train,buoy,b4,False,,,prediction_jsonl,True
radar_confidence_gated,288,train,buoy,b5,False,,,prediction_jsonl,True
radar_confidence_gated,288,train,buoy,b6,False,,,prediction_jsonl,True
radar_confidence_gated,288,train,buoy,b7,False,,,prediction_jsonl,True
radar_confidence_gated,288,train,buoy,b8,False,,,prediction_jsonl,True
radar_confidence_gated,289,train,boat,boat,True,0.6715465162757344,0.6665074229240417,prediction_jsonl,True
radar_confidence_gated,289,train,buoy,b1,True,0.6204564244355855,0.24702240526676178,prediction_jsonl,True
radar_confidence_gated,289,train,buoy,b3,False,,,prediction_jsonl,True
radar_confidence_gated,289,train,buoy,b4,False,,,prediction_jsonl,True
radar_confidence_gated,289,train,buoy,b5,False,,,prediction_jsonl,True
radar_confidence_gated,289,train,buoy,b6,False,,,prediction_jsonl,True
radar_confidence_gated,289,train,buoy,b7,False,,,prediction_jsonl,True
radar_confidence_gated,289,train,buoy,b8,False,,,prediction_jsonl,True
radar_confidence_gated,290,train,boat,boat,True,0.6983576802001237,0.6367884278297424,prediction_jsonl,True
radar_confidence_gated,290,train,buoy,b1,True,0.6492725923155825,0.20727978646755219,prediction_jsonl,True
radar_confidence_gated,290,train,buoy,b3,False,,,prediction_jsonl,True
radar_confidence_gated,290,train,buoy,b4,False,,,prediction_jsonl,True
radar_confidence_gated,290,train,buoy,b5,False,,,prediction_jsonl,True
radar_confidence_gated,290,train,buoy,b6,False,,,prediction_jsonl,True
radar_confidence_gated,290,train,buoy,b7,False,,,prediction_jsonl,True
radar_confidence_gated,290,train,buoy,b8,False,,,prediction_jsonl,True
radar_confidence_gated,291,train,boat,boat,True,0.6913350122575088,0.6525434851646423,prediction_jsonl,True
radar_confidence_gated,291,train,buoy,b1,True,0.6533675198733926,0.18793384730815887,prediction_jsonl,True
radar_confidence_gated,291,train,buoy,b3,False,,,prediction_jsonl,True
radar_confidence_gated,291,train,buoy,b4,False,,,prediction_jsonl,True
radar_confidence_gated,291,train,buoy,b5,False,,,prediction_jsonl,True
radar_confidence_gated,291,train,buoy,b6,False,,,prediction_jsonl,True
radar_confidence_gated,291,train,buoy,b7,False,,,prediction_jsonl,True
radar_confidence_gated,291,train,buoy,b8,False,,,prediction_jsonl,True
radar_confidence_gated,292,train,boat,boat,True,0.6848677770286451,0.6592328548431396,prediction_jsonl,True
radar_confidence_gated,292,train,buoy,b1,True,0.6599396181293765,0.20594654977321625,prediction_jsonl,True
radar_confidence_gated,292,train,buoy,b3,False,,,prediction_jsonl,True
radar_confidence_gated,292,train,buoy,b4,False,,,prediction_jsonl,True
radar_confidence_gated,292,train,buoy,b5,False,,,prediction_jsonl,True
radar_confidence_gated,292,train,buoy,b6,False,,,prediction_jsonl,True
radar_confidence_gated,292,train,buoy,b7,False,,,prediction_jsonl,True
radar_confidence_gated,292,train,buoy,b8,False,,,prediction_jsonl,True
radar_confidence_gated,293,train,boat,boat,True,0.7129068634666929,0.6452857255935669,prediction_jsonl,True
radar_confidence_gated,293,train,buoy,b1,True,0.6098181288288844,0.20222622156143188,prediction_jsonl,True
radar_confidence_gated,293,train,buoy,b3,False,,,prediction_jsonl,True
radar_confidence_gated,293,train,buoy,b4,False,,,prediction_jsonl,True
radar_confidence_gated,293,train,buoy,b5,False,,,prediction_jsonl,True
radar_confidence_gated,293,train,buoy,b6,False,,,prediction_jsonl,True
radar_confidence_gated,293,train,buoy,b7,False,,,prediction_jsonl,True
radar_confidence_gated,293,train,buoy,b8,False,,,prediction_jsonl,True
radar_confidence_gated,294,train,boat,boat,True,0.7057541842849777,0.6521766781806946,prediction_jsonl,True
radar_confidence_gated,294,train,buoy,b1,True,0.6600846003717873,0.20080766081809998,prediction_jsonl,True
radar_confidence_gated,294,train,buoy,b3,False,,,prediction_jsonl,True
radar_confidence_gated,294,train,buoy,b4,False,,,prediction_jsonl,True
radar_confidence_gated,294,train,buoy,b5,False,,,prediction_jsonl,True
radar_confidence_gated,294,train,buoy,b6,False,,,prediction_jsonl,True
radar_confidence_gated,294,train,buoy,b7,False,,,prediction_jsonl,True
radar_confidence_gated,294,train,buoy,b8,False,,,prediction_jsonl,True
radar_confidence_gated,295,train,boat,boat,True,0.7124765969855898,0.6404772400856018,prediction_jsonl,True
radar_confidence_gated,295,train,buoy,b1,True,0.651932525324617,0.19778475165367126,prediction_jsonl,True
radar_confidence_gated,295,train,buoy,b3,False,,,prediction_jsonl,True
radar_confidence_gated,295,train,buoy,b4,False,,,prediction_jsonl,True
radar_confidence_gated,295,train,buoy,b5,False,,,prediction_jsonl,True
radar_confidence_gated,295,train,buoy,b6,False,,,prediction_jsonl,True
radar_confidence_gated,295,train,buoy,b7,False,,,prediction_jsonl,True
radar_confidence_gated,295,train,buoy,b8,False,,,prediction_jsonl,True
radar_confidence_gated,296,train,boat,boat,True,0.7207304899994018,0.6436423659324646,prediction_jsonl,True
radar_confidence_gated,296,train,buoy,b1,True,0.6547591170927363,0.20035627484321594,prediction_jsonl,True
radar_confidence_gated,296,train,buoy,b3,False,,,prediction_jsonl,True
radar_confidence_gated,296,train,buoy,b4,False,,,prediction_jsonl,True
radar_confidence_gated,296,train,buoy,b5,False,,,prediction_jsonl,True
radar_confidence_gated,296,train,buoy,b6,False,,,prediction_jsonl,True
radar_confidence_gated,296,train,buoy,b7,False,,,prediction_jsonl,True
radar_confidence_gated,296,train,buoy,b8,False,,,prediction_jsonl,True
radar_confidence_gated,297,train,boat,boat,True,0.6916678374150811,0.6492447257041931,prediction_jsonl,True
radar_confidence_gated,297,train,buoy,b1,True,0.6887500575899266,0.20511363446712494,prediction_jsonl,True
radar_confidence_gated,297,train,buoy,b3,False,,,prediction_jsonl,True
radar_confidence_gated,297,train,buoy,b4,False,,,prediction_jsonl,True
radar_confidence_gated,297,train,buoy,b5,False,,,prediction_jsonl,True
radar_confidence_gated,297,train,buoy,b6,False,,,prediction_jsonl,True
radar_confidence_gated,297,train,buoy,b7,False,,,prediction_jsonl,True
radar_confidence_gated,297,train,buoy,b8,False,,,prediction_jsonl,True
radar_confidence_gated,298,train,boat,boat,True,0.6681957766205082,0.6345143914222717,prediction_jsonl,True
radar_confidence_gated,298,train,buoy,b1,True,0.6728900688617122,0.18315474689006805,prediction_jsonl,True
radar_confidence_gated,298,train,buoy,b3,False,,,prediction_jsonl,True
radar_confidence_gated,298,train,buoy,b4,False,,,prediction_jsonl,True
radar_confidence_gated,298,train,buoy,b5,False,,,prediction_jsonl,True
radar_confidence_gated,298,train,buoy,b6,False,,,prediction_jsonl,True
radar_confidence_gated,298,train,buoy,b7,False,,,prediction_jsonl,True
radar_confidence_gated,298,train,buoy,b8,False,,,prediction_jsonl,True
radar_confidence_gated,299,train,boat,boat,True,0.6917288033427488,0.6443741321563721,prediction_jsonl,True
radar_confidence_gated,299,train,buoy,b1,True,0.6567030403844006,0.1863926649093628,prediction_jsonl,True
radar_confidence_gated,299,train,buoy,b3,False,,,prediction_jsonl,True
radar_confidence_gated,299,train,buoy,b4,False,,,prediction_jsonl,True
radar_confidence_gated,299,train,buoy,b5,False,,,prediction_jsonl,True
radar_confidence_gated,299,train,buoy,b6,False,,,prediction_jsonl,True
radar_confidence_gated,299,train,buoy,b7,False,,,prediction_jsonl,True
radar_confidence_gated,299,train,buoy,b8,False,,,prediction_jsonl,True
radar_confidence_gated,300,train,boat,boat,True,0.707458050602048,0.6407307386398315,prediction_jsonl,True
radar_confidence_gated,300,train,buoy,b1,True,0.6344072057098756,0.22611792385578156,prediction_jsonl,True
radar_confidence_gated,300,train,buoy,b3,False,,,prediction_jsonl,True
radar_confidence_gated,300,train,buoy,b4,False,,,prediction_jsonl,True
radar_confidence_gated,300,train,buoy,b5,False,,,prediction_jsonl,True
radar_confidence_gated,300,train,buoy,b6,False,,,prediction_jsonl,True
radar_confidence_gated,300,train,buoy,b7,False,,,prediction_jsonl,True
radar_confidence_gated,300,train,buoy,b8,False,,,prediction_jsonl,True
radar_confidence_gated,301,train,boat,boat,True,0.7145636625507839,0.6463165879249573,prediction_jsonl,True
radar_confidence_gated,301,train,buoy,b1,True,0.6344506368580677,0.21464402973651886,prediction_jsonl,True
radar_confidence_gated,301,train,buoy,b3,False,,,prediction_jsonl,True
radar_confidence_gated,301,train,buoy,b4,False,,,prediction_jsonl,True
radar_confidence_gated,301,train,buoy,b5,False,,,prediction_jsonl,True
radar_confidence_gated,301,train,buoy,b6,False,,,prediction_jsonl,True
radar_confidence_gated,301,train,buoy,b7,False,,,prediction_jsonl,True
radar_confidence_gated,301,train,buoy,b8,False,,,prediction_jsonl,True
radar_confidence_gated,302,train,boat,boat,True,0.6885148274193647,0.6394267678260803,prediction_jsonl,True
radar_confidence_gated,302,train,buoy,b1,True,0.6328638005150643,0.2138833999633789,prediction_jsonl,True
radar_confidence_gated,302,train,buoy,b3,False,,,prediction_jsonl,True
radar_confidence_gated,302,train,buoy,b4,False,,,prediction_jsonl,True
radar_confidence_gated,302,train,buoy,b5,False,,,prediction_jsonl,True
radar_confidence_gated,302,train,buoy,b6,False,,,prediction_jsonl,True
radar_confidence_gated,302,train,buoy,b7,False,,,prediction_jsonl,True
radar_confidence_gated,302,train,buoy,b8,False,,,prediction_jsonl,True
radar_confidence_gated,303,train,boat,boat,True,0.6804543582321468,0.6411426663398743,prediction_jsonl,True
radar_confidence_gated,303,train,buoy,b1,True,0.635514249406235,0.2515900433063507,prediction_jsonl,True
radar_confidence_gated,303,train,buoy,b3,False,,,prediction_jsonl,True
radar_confidence_gated,303,train,buoy,b4,False,,,prediction_jsonl,True
radar_confidence_gated,303,train,buoy,b5,False,,,prediction_jsonl,True
radar_confidence_gated,303,train,buoy,b6,False,,,prediction_jsonl,True
radar_confidence_gated,303,train,buoy,b7,False,,,prediction_jsonl,True
radar_confidence_gated,303,train,buoy,b8,False,,,prediction_jsonl,True
radar_confidence_gated,304,train,boat,boat,True,0.6744223971821487,0.6304826140403748,prediction_jsonl,True
radar_confidence_gated,304,train,buoy,b1,True,0.6071796307121902,0.2227320373058319,prediction_jsonl,True
radar_confidence_gated,304,train,buoy,b3,False,,,prediction_jsonl,True
radar_confidence_gated,304,train,buoy,b4,False,,,prediction_jsonl,True
radar_confidence_gated,304,train,buoy,b5,False,,,prediction_jsonl,True
radar_confidence_gated,304,train,buoy,b6,False,,,prediction_jsonl,True
radar_confidence_gated,304,train,buoy,b7,False,,,prediction_jsonl,True
radar_confidence_gated,304,train,buoy,b8,False,,,prediction_jsonl,True
radar_confidence_gated,305,train,boat,boat,True,0.7043496400171311,0.6423788070678711,prediction_jsonl,True
radar_confidence_gated,305,train,buoy,b1,True,0.641738979548102,0.24081866443157196,prediction_jsonl,True
radar_confidence_gated,305,train,buoy,b3,False,,,prediction_jsonl,True
radar_confidence_gated,305,train,buoy,b4,False,,,prediction_jsonl,True
radar_confidence_gated,305,train,buoy,b5,False,,,prediction_jsonl,True
radar_confidence_gated,305,train,buoy,b6,False,,,prediction_jsonl,True
radar_confidence_gated,305,train,buoy,b7,False,,,prediction_jsonl,True
radar_confidence_gated,305,train,buoy,b8,False,,,prediction_jsonl,True
radar_confidence_gated,306,train,boat,boat,True,0.7171833825286793,0.6412985324859619,prediction_jsonl,True
radar_confidence_gated,306,train,buoy,b1,True,0.6311274991918221,0.21389645338058472,prediction_jsonl,True
radar_confidence_gated,306,train,buoy,b3,False,,,prediction_jsonl,True
radar_confidence_gated,306,train,buoy,b4,False,,,prediction_jsonl,True
radar_confidence_gated,306,train,buoy,b5,False,,,prediction_jsonl,True
radar_confidence_gated,306,train,buoy,b6,False,,,prediction_jsonl,True
radar_confidence_gated,306,train,buoy,b7,False,,,prediction_jsonl,True
radar_confidence_gated,306,train,buoy,b8,False,,,prediction_jsonl,True
radar_confidence_gated,307,train,boat,boat,True,0.7270806797621622,0.6412632465362549,prediction_jsonl,True
radar_confidence_gated,307,train,buoy,b1,True,0.6173116232113699,0.19048823416233063,prediction_jsonl,True
radar_confidence_gated,307,train,buoy,b3,False,,,prediction_jsonl,True
radar_confidence_gated,307,train,buoy,b4,False,,,prediction_jsonl,True
radar_confidence_gated,307,train,buoy,b5,False,,,prediction_jsonl,True
radar_confidence_gated,307,train,buoy,b6,False,,,prediction_jsonl,True
radar_confidence_gated,307,train,buoy,b7,False,,,prediction_jsonl,True
radar_confidence_gated,307,train,buoy,b8,False,,,prediction_jsonl,True
radar_confidence_gated,308,train,boat,boat,True,0.7292501057539005,0.6470840573310852,prediction_jsonl,True
radar_confidence_gated,308,train,buoy,b1,True,0.6242860506258062,0.2196117341518402,prediction_jsonl,True
radar_confidence_gated,308,train,buoy,b3,False,,,prediction_jsonl,True
radar_confidence_gated,308,train,buoy,b4,False,,,prediction_jsonl,True
radar_confidence_gated,308,train,buoy,b5,False,,,prediction_jsonl,True
radar_confidence_gated,308,train,buoy,b6,False,,,prediction_jsonl,True
radar_confidence_gated,308,train,buoy,b7,False,,,prediction_jsonl,True
radar_confidence_gated,308,train,buoy,b8,False,,,prediction_jsonl,True
radar_confidence_gated,309,train,boat,boat,True,0.7060571275824815,0.650671124458313,prediction_jsonl,True
radar_confidence_gated,309,train,buoy,b1,True,0.6321153371610663,0.20785564184188843,prediction_jsonl,True
radar_confidence_gated,309,train,buoy,b3,False,,,prediction_jsonl,True
radar_confidence_gated,309,train,buoy,b4,False,,,prediction_jsonl,True
radar_confidence_gated,309,train,buoy,b5,False,,,prediction_jsonl,True
radar_confidence_gated,309,train,buoy,b6,False,,,prediction_jsonl,True
radar_confidence_gated,309,train,buoy,b7,False,,,prediction_jsonl,True
radar_confidence_gated,309,train,buoy,b8,False,,,prediction_jsonl,True
radar_confidence_gated,310,train,boat,boat,True,0.7089119297100457,0.6397615075111389,prediction_jsonl,True
radar_confidence_gated,310,train,buoy,b1,True,0.6457118988180782,0.20684975385665894,prediction_jsonl,True
radar_confidence_gated,310,train,buoy,b3,False,,,prediction_jsonl,True
radar_confidence_gated,310,train,buoy,b4,False,,,prediction_jsonl,True
radar_confidence_gated,310,train,buoy,b5,False,,,prediction_jsonl,True
radar_confidence_gated,310,train,buoy,b6,False,,,prediction_jsonl,True
radar_confidence_gated,310,train,buoy,b7,False,,,prediction_jsonl,True
radar_confidence_gated,310,train,buoy,b8,False,,,prediction_jsonl,True
radar_confidence_gated,311,train,boat,boat,True,0.6813016568974162,0.6414651870727539,prediction_jsonl,True
radar_confidence_gated,311,train,buoy,b1,True,0.6237674950988122,0.22039347887039185,prediction_jsonl,True
radar_confidence_gated,311,train,buoy,b3,False,,,prediction_jsonl,True
radar_confidence_gated,311,train,buoy,b4,False,,,prediction_jsonl,True
radar_confidence_gated,311,train,buoy,b5,False,,,prediction_jsonl,True
radar_confidence_gated,311,train,buoy,b6,False,,,prediction_jsonl,True
radar_confidence_gated,311,train,buoy,b7,False,,,prediction_jsonl,True
radar_confidence_gated,311,train,buoy,b8,False,,,prediction_jsonl,True
radar_confidence_gated,312,train,boat,boat,True,0.6770371252730786,0.6369946599006653,prediction_jsonl,True
radar_confidence_gated,312,train,buoy,b1,True,0.6316606982838661,0.18968909978866577,prediction_jsonl,True
radar_confidence_gated,312,train,buoy,b3,False,,,prediction_jsonl,True
radar_confidence_gated,312,train,buoy,b4,False,,,prediction_jsonl,True
radar_confidence_gated,312,train,buoy,b5,False,,,prediction_jsonl,True
radar_confidence_gated,312,train,buoy,b6,False,,,prediction_jsonl,True
radar_confidence_gated,312,train,buoy,b7,False,,,prediction_jsonl,True
radar_confidence_gated,312,train,buoy,b8,False,,,prediction_jsonl,True
radar_confidence_gated,313,train,boat,boat,True,0.6781040486080834,0.6456933617591858,prediction_jsonl,True
radar_confidence_gated,313,train,buoy,b1,True,0.6459627765146945,0.20068201422691345,prediction_jsonl,True
radar_confidence_gated,313,train,buoy,b3,False,,,prediction_jsonl,True
radar_confidence_gated,313,train,buoy,b4,False,,,prediction_jsonl,True
radar_confidence_gated,313,train,buoy,b5,False,,,prediction_jsonl,True
radar_confidence_gated,313,train,buoy,b6,False,,,prediction_jsonl,True
radar_confidence_gated,313,train,buoy,b7,False,,,prediction_jsonl,True
radar_confidence_gated,313,train,buoy,b8,False,,,prediction_jsonl,True
radar_confidence_gated,314,train,boat,boat,True,0.6727271578009437,0.6515493392944336,prediction_jsonl,True
radar_confidence_gated,314,train,buoy,b1,True,0.6645948431554272,0.1937415450811386,prediction_jsonl,True
radar_confidence_gated,314,train,buoy,b3,False,,,prediction_jsonl,True
radar_confidence_gated,314,train,buoy,b4,False,,,prediction_jsonl,True
radar_confidence_gated,314,train,buoy,b5,False,,,prediction_jsonl,True
radar_confidence_gated,314,train,buoy,b6,False,,,prediction_jsonl,True
radar_confidence_gated,314,train,buoy,b7,False,,,prediction_jsonl,True
radar_confidence_gated,314,train,buoy,b8,False,,,prediction_jsonl,True
radar_confidence_gated,315,train,boat,boat,True,0.6836539386499434,0.647890567779541,prediction_jsonl,True
radar_confidence_gated,315,train,buoy,b1,True,0.6416521789059982,0.18246617913246155,prediction_jsonl,True
radar_confidence_gated,315,train,buoy,b3,False,,,prediction_jsonl,True
radar_confidence_gated,315,train,buoy,b4,False,,,prediction_jsonl,True
radar_confidence_gated,315,train,buoy,b5,False,,,prediction_jsonl,True
radar_confidence_gated,315,train,buoy,b6,False,,,prediction_jsonl,True
radar_confidence_gated,315,train,buoy,b7,False,,,prediction_jsonl,True
radar_confidence_gated,315,train,buoy,b8,False,,,prediction_jsonl,True
radar_confidence_gated,316,train,boat,boat,True,0.6940342996131089,0.6319733262062073,prediction_jsonl,True
radar_confidence_gated,316,train,buoy,b1,True,0.6664084987291038,0.16097374260425568,prediction_jsonl,True
radar_confidence_gated,316,train,buoy,b3,False,,,prediction_jsonl,True
radar_confidence_gated,316,train,buoy,b4,False,,,prediction_jsonl,True
radar_confidence_gated,316,train,buoy,b5,False,,,prediction_jsonl,True
radar_confidence_gated,316,train,buoy,b6,False,,,prediction_jsonl,True
radar_confidence_gated,316,train,buoy,b7,False,,,prediction_jsonl,True
radar_confidence_gated,316,train,buoy,b8,False,,,prediction_jsonl,True
radar_confidence_gated,317,train,boat,boat,True,0.6998226697026196,0.6464815735816956,prediction_jsonl,True
radar_confidence_gated,317,train,buoy,b1,True,0.6359533061672814,0.1813061535358429,prediction_jsonl,True
radar_confidence_gated,317,train,buoy,b3,False,,,prediction_jsonl,True
radar_confidence_gated,317,train,buoy,b4,False,,,prediction_jsonl,True
radar_confidence_gated,317,train,buoy,b5,False,,,prediction_jsonl,True
radar_confidence_gated,317,train,buoy,b6,False,,,prediction_jsonl,True
radar_confidence_gated,317,train,buoy,b7,False,,,prediction_jsonl,True
radar_confidence_gated,317,train,buoy,b8,False,,,prediction_jsonl,True
radar_confidence_gated,318,train,boat,boat,True,0.6954494527460107,0.6548672318458557,prediction_jsonl,True
radar_confidence_gated,318,train,buoy,b1,True,0.6390142163245822,0.19241668283939362,prediction_jsonl,True
radar_confidence_gated,318,train,buoy,b3,False,,,prediction_jsonl,True
radar_confidence_gated,318,train,buoy,b4,False,,,prediction_jsonl,True
radar_confidence_gated,318,train,buoy,b5,False,,,prediction_jsonl,True
radar_confidence_gated,318,train,buoy,b6,False,,,prediction_jsonl,True
radar_confidence_gated,318,train,buoy,b7,False,,,prediction_jsonl,True
radar_confidence_gated,318,train,buoy,b8,False,,,prediction_jsonl,True
radar_confidence_gated,319,train,boat,boat,True,0.708290849905166,0.6478193402290344,prediction_jsonl,True
radar_confidence_gated,319,train,buoy,b1,False,,,prediction_jsonl,True
radar_confidence_gated,319,train,buoy,b3,False,,,prediction_jsonl,True
radar_confidence_gated,319,train,buoy,b4,False,,,prediction_jsonl,True
radar_confidence_gated,319,train,buoy,b5,False,,,prediction_jsonl,True
radar_confidence_gated,319,train,buoy,b6,False,,,prediction_jsonl,True
radar_confidence_gated,319,train,buoy,b7,False,,,prediction_jsonl,True
radar_confidence_gated,319,train,buoy,b8,False,,,prediction_jsonl,True
radar_confidence_gated,320,train,boat,boat,True,0.6879838452442404,0.6602475643157959,prediction_jsonl,True
radar_confidence_gated,320,train,buoy,b1,True,0.6682992968197656,0.19468781352043152,prediction_jsonl,True
radar_confidence_gated,320,train,buoy,b3,False,,,prediction_jsonl,True
radar_confidence_gated,320,train,buoy,b4,False,,,prediction_jsonl,True
radar_confidence_gated,320,train,buoy,b5,False,,,prediction_jsonl,True
radar_confidence_gated,320,train,buoy,b6,False,,,prediction_jsonl,True
radar_confidence_gated,320,train,buoy,b7,False,,,prediction_jsonl,True
radar_confidence_gated,320,train,buoy,b8,False,,,prediction_jsonl,True
radar_confidence_gated,321,train,boat,boat,True,0.6938953965351506,0.6671173572540283,prediction_jsonl,True
radar_confidence_gated,321,train,buoy,b1,False,,,prediction_jsonl,True
radar_confidence_gated,321,train,buoy,b3,False,,,prediction_jsonl,True
radar_confidence_gated,321,train,buoy,b4,False,,,prediction_jsonl,True
radar_confidence_gated,321,train,buoy,b5,False,,,prediction_jsonl,True
radar_confidence_gated,321,train,buoy,b6,False,,,prediction_jsonl,True
radar_confidence_gated,321,train,buoy,b7,False,,,prediction_jsonl,True
radar_confidence_gated,321,train,buoy,b8,False,,,prediction_jsonl,True
radar_confidence_gated,322,train,boat,boat,True,0.7122680797996107,0.6600401997566223,prediction_jsonl,True
radar_confidence_gated,322,train,buoy,b1,True,0.6328187071225662,0.18633374571800232,prediction_jsonl,True
radar_confidence_gated,322,train,buoy,b3,False,,,prediction_jsonl,True
radar_confidence_gated,322,train,buoy,b4,False,,,prediction_jsonl,True
radar_confidence_gated,322,train,buoy,b5,False,,,prediction_jsonl,True
radar_confidence_gated,322,train,buoy,b6,False,,,prediction_jsonl,True
radar_confidence_gated,322,train,buoy,b7,False,,,prediction_jsonl,True
radar_confidence_gated,322,train,buoy,b8,False,,,prediction_jsonl,True
radar_confidence_gated,323,train,boat,boat,True,0.7071494855540135,0.6544786095619202,prediction_jsonl,True
radar_confidence_gated,323,train,buoy,b1,True,0.6561009524475421,0.18326044082641602,prediction_jsonl,True
radar_confidence_gated,323,train,buoy,b3,False,,,prediction_jsonl,True
radar_confidence_gated,323,train,buoy,b4,False,,,prediction_jsonl,True
radar_confidence_gated,323,train,buoy,b5,False,,,prediction_jsonl,True
radar_confidence_gated,323,train,buoy,b6,False,,,prediction_jsonl,True
radar_confidence_gated,323,train,buoy,b7,False,,,prediction_jsonl,True
radar_confidence_gated,323,train,buoy,b8,False,,,prediction_jsonl,True
radar_confidence_gated,324,train,boat,boat,True,0.7078421768320278,0.6538428664207458,prediction_jsonl,True
radar_confidence_gated,324,train,buoy,b1,True,0.6384187565128955,0.18978601694107056,prediction_jsonl,True
radar_confidence_gated,324,train,buoy,b3,False,,,prediction_jsonl,True
radar_confidence_gated,324,train,buoy,b4,False,,,prediction_jsonl,True
radar_confidence_gated,324,train,buoy,b5,False,,,prediction_jsonl,True
radar_confidence_gated,324,train,buoy,b6,False,,,prediction_jsonl,True
radar_confidence_gated,324,train,buoy,b7,False,,,prediction_jsonl,True
radar_confidence_gated,324,train,buoy,b8,False,,,prediction_jsonl,True
radar_confidence_gated,325,train,boat,boat,True,0.7080224164268264,0.6462859511375427,prediction_jsonl,True
radar_confidence_gated,325,train,buoy,b1,True,0.6440442414411439,0.19286072254180908,prediction_jsonl,True
radar_confidence_gated,325,train,buoy,b3,False,,,prediction_jsonl,True
radar_confidence_gated,325,train,buoy,b4,False,,,prediction_jsonl,True
radar_confidence_gated,325,train,buoy,b5,False,,,prediction_jsonl,True
radar_confidence_gated,325,train,buoy,b6,False,,,prediction_jsonl,True
radar_confidence_gated,325,train,buoy,b7,False,,,prediction_jsonl,True
radar_confidence_gated,325,train,buoy,b8,False,,,prediction_jsonl,True
radar_confidence_gated,326,train,boat,boat,True,0.7153843919727932,0.6405927538871765,prediction_jsonl,True
radar_confidence_gated,326,train,buoy,b1,True,0.6374331379428901,0.20453259348869324,prediction_jsonl,True
radar_confidence_gated,326,train,buoy,b3,False,,,prediction_jsonl,True
radar_confidence_gated,326,train,buoy,b4,False,,,prediction_jsonl,True
radar_confidence_gated,326,train,buoy,b5,False,,,prediction_jsonl,True
radar_confidence_gated,326,train,buoy,b6,False,,,prediction_jsonl,True
radar_confidence_gated,326,train,buoy,b7,False,,,prediction_jsonl,True
radar_confidence_gated,326,train,buoy,b8,False,,,prediction_jsonl,True
radar_confidence_gated,327,train,boat,boat,True,0.7187301631959347,0.6272469162940979,prediction_jsonl,True
radar_confidence_gated,327,train,buoy,b1,True,0.6182202778739083,0.16860778629779816,prediction_jsonl,True
radar_confidence_gated,327,train,buoy,b3,False,,,prediction_jsonl,True
radar_confidence_gated,327,train,buoy,b4,False,,,prediction_jsonl,True
radar_confidence_gated,327,train,buoy,b5,False,,,prediction_jsonl,True
radar_confidence_gated,327,train,buoy,b6,False,,,prediction_jsonl,True
radar_confidence_gated,327,train,buoy,b7,False,,,prediction_jsonl,True
radar_confidence_gated,327,train,buoy,b8,False,,,prediction_jsonl,True
radar_confidence_gated,328,train,boat,boat,True,0.6818309131808554,0.6401315927505493,prediction_jsonl,True
radar_confidence_gated,328,train,buoy,b1,True,0.6211577449108248,0.21075807511806488,prediction_jsonl,True
radar_confidence_gated,328,train,buoy,b3,False,,,prediction_jsonl,True
radar_confidence_gated,328,train,buoy,b4,False,,,prediction_jsonl,True
radar_confidence_gated,328,train,buoy,b5,False,,,prediction_jsonl,True
radar_confidence_gated,328,train,buoy,b6,False,,,prediction_jsonl,True
radar_confidence_gated,328,train,buoy,b7,False,,,prediction_jsonl,True
radar_confidence_gated,328,train,buoy,b8,False,,,prediction_jsonl,True
radar_confidence_gated,329,val,boat,boat,True,0.6917771160816164,0.6433009505271912,prediction_jsonl,True
radar_confidence_gated,329,val,buoy,b1,True,0.6160424949221899,0.20490781962871552,prediction_jsonl,True
radar_confidence_gated,329,val,buoy,b3,False,,,prediction_jsonl,True
radar_confidence_gated,329,val,buoy,b4,False,,,prediction_jsonl,True
radar_confidence_gated,329,val,buoy,b5,False,,,prediction_jsonl,True
radar_confidence_gated,329,val,buoy,b6,False,,,prediction_jsonl,True
radar_confidence_gated,329,val,buoy,b7,False,,,prediction_jsonl,True
radar_confidence_gated,329,val,buoy,b8,False,,,prediction_jsonl,True
radar_confidence_gated,330,val,boat,boat,True,0.6811535925648616,0.6316720247268677,prediction_jsonl,True
radar_confidence_gated,330,val,buoy,b1,True,0.6308699364270096,0.20075048506259918,prediction_jsonl,True
radar_confidence_gated,330,val,buoy,b3,False,,,prediction_jsonl,True
radar_confidence_gated,330,val,buoy,b4,False,,,prediction_jsonl,True
radar_confidence_gated,330,val,buoy,b5,False,,,prediction_jsonl,True
radar_confidence_gated,330,val,buoy,b6,False,,,prediction_jsonl,True
radar_confidence_gated,330,val,buoy,b7,False,,,prediction_jsonl,True
radar_confidence_gated,330,val,buoy,b8,False,,,prediction_jsonl,True
radar_confidence_gated,331,val,boat,boat,True,0.6694259309950064,0.6380431056022644,prediction_jsonl,True
radar_confidence_gated,331,val,buoy,b1,True,0.6581671021786759,0.19519078731536865,prediction_jsonl,True
radar_confidence_gated,331,val,buoy,b3,False,,,prediction_jsonl,True
radar_confidence_gated,331,val,buoy,b4,False,,,prediction_jsonl,True
radar_confidence_gated,331,val,buoy,b5,False,,,prediction_jsonl,True
radar_confidence_gated,331,val,buoy,b6,False,,,prediction_jsonl,True
radar_confidence_gated,331,val,buoy,b7,False,,,prediction_jsonl,True
radar_confidence_gated,331,val,buoy,b8,False,,,prediction_jsonl,True
radar_confidence_gated,332,val,boat,boat,True,0.6684465635501322,0.6350733041763306,prediction_jsonl,True
radar_confidence_gated,332,val,buoy,b1,True,0.6736689577708563,0.1611500382423401,prediction_jsonl,True
radar_confidence_gated,332,val,buoy,b3,False,,,prediction_jsonl,True
radar_confidence_gated,332,val,buoy,b4,False,,,prediction_jsonl,True
radar_confidence_gated,332,val,buoy,b5,False,,,prediction_jsonl,True
radar_confidence_gated,332,val,buoy,b6,False,,,prediction_jsonl,True
radar_confidence_gated,332,val,buoy,b7,False,,,prediction_jsonl,True
radar_confidence_gated,332,val,buoy,b8,False,,,prediction_jsonl,True
radar_confidence_gated,333,val,boat,boat,True,0.6870155911385122,0.6462421417236328,prediction_jsonl,True
radar_confidence_gated,333,val,buoy,b1,True,0.6207162557792457,0.20258426666259766,prediction_jsonl,True
radar_confidence_gated,333,val,buoy,b3,False,,,prediction_jsonl,True
radar_confidence_gated,333,val,buoy,b4,False,,,prediction_jsonl,True
radar_confidence_gated,333,val,buoy,b5,False,,,prediction_jsonl,True
radar_confidence_gated,333,val,buoy,b6,False,,,prediction_jsonl,True
radar_confidence_gated,333,val,buoy,b7,False,,,prediction_jsonl,True
radar_confidence_gated,333,val,buoy,b8,False,,,prediction_jsonl,True
radar_confidence_gated,334,val,boat,boat,True,0.7025487944112521,0.643887460231781,prediction_jsonl,True
radar_confidence_gated,334,val,buoy,b1,True,0.6462589859806792,0.18064333498477936,prediction_jsonl,True
radar_confidence_gated,334,val,buoy,b3,False,,,prediction_jsonl,True
radar_confidence_gated,334,val,buoy,b4,False,,,prediction_jsonl,True
radar_confidence_gated,334,val,buoy,b5,False,,,prediction_jsonl,True
radar_confidence_gated,334,val,buoy,b6,False,,,prediction_jsonl,True
radar_confidence_gated,334,val,buoy,b7,False,,,prediction_jsonl,True
radar_confidence_gated,334,val,buoy,b8,False,,,prediction_jsonl,True
radar_confidence_gated,335,val,boat,boat,True,0.6613509954542699,0.627227783203125,prediction_jsonl,True
radar_confidence_gated,335,val,buoy,b1,True,0.6383557257326806,0.1953740119934082,prediction_jsonl,True
radar_confidence_gated,335,val,buoy,b3,False,,,prediction_jsonl,True
radar_confidence_gated,335,val,buoy,b4,False,,,prediction_jsonl,True
radar_confidence_gated,335,val,buoy,b5,False,,,prediction_jsonl,True
radar_confidence_gated,335,val,buoy,b6,False,,,prediction_jsonl,True
radar_confidence_gated,335,val,buoy,b7,False,,,prediction_jsonl,True
radar_confidence_gated,335,val,buoy,b8,False,,,prediction_jsonl,True
radar_confidence_gated,336,val,boat,boat,True,0.6944347861863317,0.6225216388702393,prediction_jsonl,True
radar_confidence_gated,336,val,buoy,b1,True,0.6627473060964639,0.18716764450073242,prediction_jsonl,True
radar_confidence_gated,336,val,buoy,b3,False,,,prediction_jsonl,True
radar_confidence_gated,336,val,buoy,b4,False,,,prediction_jsonl,True
radar_confidence_gated,336,val,buoy,b5,False,,,prediction_jsonl,True
radar_confidence_gated,336,val,buoy,b6,False,,,prediction_jsonl,True
radar_confidence_gated,336,val,buoy,b7,False,,,prediction_jsonl,True
radar_confidence_gated,336,val,buoy,b8,False,,,prediction_jsonl,True
radar_confidence_gated,337,val,boat,boat,True,0.6944364640428283,0.640434741973877,prediction_jsonl,True
radar_confidence_gated,337,val,buoy,b1,True,0.6453953458258447,0.1763966679573059,prediction_jsonl,True
radar_confidence_gated,337,val,buoy,b3,False,,,prediction_jsonl,True
radar_confidence_gated,337,val,buoy,b4,False,,,prediction_jsonl,True
radar_confidence_gated,337,val,buoy,b5,False,,,prediction_jsonl,True
radar_confidence_gated,337,val,buoy,b6,False,,,prediction_jsonl,True
radar_confidence_gated,337,val,buoy,b7,False,,,prediction_jsonl,True
radar_confidence_gated,337,val,buoy,b8,False,,,prediction_jsonl,True
radar_confidence_gated,338,val,boat,boat,True,0.718365060333094,0.6269800662994385,prediction_jsonl,True
radar_confidence_gated,338,val,buoy,b1,True,0.6284982244033277,0.18091441690921783,prediction_jsonl,True
radar_confidence_gated,338,val,buoy,b3,False,,,prediction_jsonl,True
radar_confidence_gated,338,val,buoy,b4,False,,,prediction_jsonl,True
radar_confidence_gated,338,val,buoy,b5,False,,,prediction_jsonl,True
radar_confidence_gated,338,val,buoy,b6,False,,,prediction_jsonl,True
radar_confidence_gated,338,val,buoy,b7,False,,,prediction_jsonl,True
radar_confidence_gated,338,val,buoy,b8,False,,,prediction_jsonl,True
radar_confidence_gated,339,val,boat,boat,True,0.7009429244045976,0.6309612989425659,prediction_jsonl,True
radar_confidence_gated,339,val,buoy,b1,True,0.6469920485816939,0.18598531186580658,prediction_jsonl,True
radar_confidence_gated,339,val,buoy,b3,False,,,prediction_jsonl,True
radar_confidence_gated,339,val,buoy,b4,False,,,prediction_jsonl,True
radar_confidence_gated,339,val,buoy,b5,False,,,prediction_jsonl,True
radar_confidence_gated,339,val,buoy,b6,False,,,prediction_jsonl,True
radar_confidence_gated,339,val,buoy,b7,False,,,prediction_jsonl,True
radar_confidence_gated,339,val,buoy,b8,False,,,prediction_jsonl,True
radar_confidence_gated,340,val,boat,boat,True,0.7006786273810797,0.6486246585845947,prediction_jsonl,True
radar_confidence_gated,340,val,buoy,b1,True,0.6283211351083403,0.21640118956565857,prediction_jsonl,True
radar_confidence_gated,340,val,buoy,b3,False,,,prediction_jsonl,True
radar_confidence_gated,340,val,buoy,b4,False,,,prediction_jsonl,True
radar_confidence_gated,340,val,buoy,b5,False,,,prediction_jsonl,True
radar_confidence_gated,340,val,buoy,b6,False,,,prediction_jsonl,True
radar_confidence_gated,340,val,buoy,b7,False,,,prediction_jsonl,True
radar_confidence_gated,340,val,buoy,b8,False,,,prediction_jsonl,True
radar_confidence_gated,341,val,boat,boat,True,0.7111583481510403,0.6409432291984558,prediction_jsonl,True
radar_confidence_gated,341,val,buoy,b1,True,0.6398923160194337,0.19135817885398865,prediction_jsonl,True
radar_confidence_gated,341,val,buoy,b3,False,,,prediction_jsonl,True
radar_confidence_gated,341,val,buoy,b4,False,,,prediction_jsonl,True
radar_confidence_gated,341,val,buoy,b5,False,,,prediction_jsonl,True
radar_confidence_gated,341,val,buoy,b6,False,,,prediction_jsonl,True
radar_confidence_gated,341,val,buoy,b7,False,,,prediction_jsonl,True
radar_confidence_gated,341,val,buoy,b8,False,,,prediction_jsonl,True
radar_confidence_gated,342,val,boat,boat,True,0.6992670383610465,0.6474609971046448,prediction_jsonl,True
radar_confidence_gated,342,val,buoy,b1,True,0.6256071763704746,0.1989295780658722,prediction_jsonl,True
radar_confidence_gated,342,val,buoy,b3,False,,,prediction_jsonl,True
radar_confidence_gated,342,val,buoy,b4,False,,,prediction_jsonl,True
radar_confidence_gated,342,val,buoy,b5,False,,,prediction_jsonl,True
radar_confidence_gated,342,val,buoy,b6,False,,,prediction_jsonl,True
radar_confidence_gated,342,val,buoy,b7,False,,,prediction_jsonl,True
radar_confidence_gated,342,val,buoy,b8,False,,,prediction_jsonl,True
radar_confidence_gated,343,val,boat,boat,True,0.6908168351634841,0.6443118453025818,prediction_jsonl,True
radar_confidence_gated,343,val,buoy,b1,True,0.654575151746581,0.19306479394435883,prediction_jsonl,True
radar_confidence_gated,343,val,buoy,b3,False,,,prediction_jsonl,True
radar_confidence_gated,343,val,buoy,b4,False,,,prediction_jsonl,True
radar_confidence_gated,343,val,buoy,b5,False,,,prediction_jsonl,True
radar_confidence_gated,343,val,buoy,b6,False,,,prediction_jsonl,True
radar_confidence_gated,343,val,buoy,b7,False,,,prediction_jsonl,True
radar_confidence_gated,343,val,buoy,b8,False,,,prediction_jsonl,True
radar_confidence_gated,344,val,boat,boat,True,0.7029016948021936,0.6518509984016418,prediction_jsonl,True
radar_confidence_gated,344,val,buoy,b1,True,0.6540679841186612,0.21523703634738922,prediction_jsonl,True
radar_confidence_gated,344,val,buoy,b3,False,,,prediction_jsonl,True
radar_confidence_gated,344,val,buoy,b4,False,,,prediction_jsonl,True
radar_confidence_gated,344,val,buoy,b5,False,,,prediction_jsonl,True
radar_confidence_gated,344,val,buoy,b6,False,,,prediction_jsonl,True
radar_confidence_gated,344,val,buoy,b7,False,,,prediction_jsonl,True
radar_confidence_gated,344,val,buoy,b8,False,,,prediction_jsonl,True
radar_confidence_gated,345,val,boat,boat,True,0.7058475982568448,0.6500596404075623,prediction_jsonl,True
radar_confidence_gated,345,val,buoy,b1,True,0.6352863170404447,0.2224176675081253,prediction_jsonl,True
radar_confidence_gated,345,val,buoy,b3,False,,,prediction_jsonl,True
radar_confidence_gated,345,val,buoy,b4,False,,,prediction_jsonl,True
radar_confidence_gated,345,val,buoy,b5,False,,,prediction_jsonl,True
radar_confidence_gated,345,val,buoy,b6,False,,,prediction_jsonl,True
radar_confidence_gated,345,val,buoy,b7,False,,,prediction_jsonl,True
radar_confidence_gated,345,val,buoy,b8,False,,,prediction_jsonl,True
radar_confidence_gated,346,val,boat,boat,True,0.7106205461339294,0.6373231410980225,prediction_jsonl,True
radar_confidence_gated,346,val,buoy,b1,True,0.6658869635926579,0.19121095538139343,prediction_jsonl,True
radar_confidence_gated,346,val,buoy,b3,False,,,prediction_jsonl,True
radar_confidence_gated,346,val,buoy,b4,False,,,prediction_jsonl,True
radar_confidence_gated,346,val,buoy,b5,False,,,prediction_jsonl,True
radar_confidence_gated,346,val,buoy,b6,False,,,prediction_jsonl,True
radar_confidence_gated,346,val,buoy,b7,False,,,prediction_jsonl,True
radar_confidence_gated,346,val,buoy,b8,False,,,prediction_jsonl,True
radar_confidence_gated,347,val,boat,boat,True,0.6981134192638987,0.6381314992904663,prediction_jsonl,True
radar_confidence_gated,347,val,buoy,b1,True,0.6411251775972274,0.19575537741184235,prediction_jsonl,True
radar_confidence_gated,347,val,buoy,b3,False,,,prediction_jsonl,True
radar_confidence_gated,347,val,buoy,b4,False,,,prediction_jsonl,True
radar_confidence_gated,347,val,buoy,b5,False,,,prediction_jsonl,True
radar_confidence_gated,347,val,buoy,b6,False,,,prediction_jsonl,True
radar_confidence_gated,347,val,buoy,b7,False,,,prediction_jsonl,True
radar_confidence_gated,347,val,buoy,b8,False,,,prediction_jsonl,True
radar_confidence_gated,348,val,boat,boat,True,0.70449838125886,0.6528914570808411,prediction_jsonl,True
radar_confidence_gated,348,val,buoy,b1,True,0.6480587204508178,0.1981278359889984,prediction_jsonl,True
radar_confidence_gated,348,val,buoy,b3,False,,,prediction_jsonl,True
radar_confidence_gated,348,val,buoy,b4,False,,,prediction_jsonl,True
radar_confidence_gated,348,val,buoy,b5,False,,,prediction_jsonl,True
radar_confidence_gated,348,val,buoy,b6,False,,,prediction_jsonl,True
radar_confidence_gated,348,val,buoy,b7,False,,,prediction_jsonl,True
radar_confidence_gated,348,val,buoy,b8,False,,,prediction_jsonl,True
radar_confidence_gated,349,val,boat,boat,True,0.7195915050340737,0.6471701860427856,prediction_jsonl,True
radar_confidence_gated,349,val,buoy,b1,True,0.6160644819732013,0.2442779392004013,prediction_jsonl,True
radar_confidence_gated,349,val,buoy,b3,False,,,prediction_jsonl,True
radar_confidence_gated,349,val,buoy,b4,False,,,prediction_jsonl,True
radar_confidence_gated,349,val,buoy,b5,False,,,prediction_jsonl,True
radar_confidence_gated,349,val,buoy,b6,False,,,prediction_jsonl,True
radar_confidence_gated,349,val,buoy,b7,False,,,prediction_jsonl,True
radar_confidence_gated,349,val,buoy,b8,False,,,prediction_jsonl,True
radar_confidence_gated,350,val,boat,boat,True,0.7138215180478658,0.6510363221168518,prediction_jsonl,True
radar_confidence_gated,350,val,buoy,b1,True,0.630405164135663,0.21186915040016174,prediction_jsonl,True
radar_confidence_gated,350,val,buoy,b3,False,,,prediction_jsonl,True
radar_confidence_gated,350,val,buoy,b4,False,,,prediction_jsonl,True
radar_confidence_gated,350,val,buoy,b5,False,,,prediction_jsonl,True
radar_confidence_gated,350,val,buoy,b6,False,,,prediction_jsonl,True
radar_confidence_gated,350,val,buoy,b7,False,,,prediction_jsonl,True
radar_confidence_gated,350,val,buoy,b8,False,,,prediction_jsonl,True
radar_confidence_gated,351,val,boat,boat,True,0.7270703105003049,0.6292098164558411,prediction_jsonl,True
radar_confidence_gated,351,val,buoy,b1,True,0.6414138441078044,0.20359204709529877,prediction_jsonl,True
radar_confidence_gated,351,val,buoy,b3,False,,,prediction_jsonl,True
radar_confidence_gated,351,val,buoy,b4,False,,,prediction_jsonl,True
radar_confidence_gated,351,val,buoy,b5,False,,,prediction_jsonl,True
radar_confidence_gated,351,val,buoy,b6,False,,,prediction_jsonl,True
radar_confidence_gated,351,val,buoy,b7,False,,,prediction_jsonl,True
radar_confidence_gated,351,val,buoy,b8,False,,,prediction_jsonl,True
radar_confidence_gated,352,val,boat,boat,True,0.6916926177709438,0.6458708643913269,prediction_jsonl,True
radar_confidence_gated,352,val,buoy,b1,True,0.6510844197083742,0.20620889961719513,prediction_jsonl,True
radar_confidence_gated,352,val,buoy,b3,False,,,prediction_jsonl,True
radar_confidence_gated,352,val,buoy,b4,False,,,prediction_jsonl,True
radar_confidence_gated,352,val,buoy,b5,False,,,prediction_jsonl,True
radar_confidence_gated,352,val,buoy,b6,False,,,prediction_jsonl,True
radar_confidence_gated,352,val,buoy,b7,False,,,prediction_jsonl,True
radar_confidence_gated,352,val,buoy,b8,False,,,prediction_jsonl,True
radar_confidence_gated,353,val,boat,boat,True,0.6793800976034534,0.6440627574920654,prediction_jsonl,True
radar_confidence_gated,353,val,buoy,b1,True,0.6499392071338997,0.1788160502910614,prediction_jsonl,True
radar_confidence_gated,353,val,buoy,b3,False,,,prediction_jsonl,True
radar_confidence_gated,353,val,buoy,b4,False,,,prediction_jsonl,True
radar_confidence_gated,353,val,buoy,b5,False,,,prediction_jsonl,True
radar_confidence_gated,353,val,buoy,b6,False,,,prediction_jsonl,True
radar_confidence_gated,353,val,buoy,b7,False,,,prediction_jsonl,True
radar_confidence_gated,353,val,buoy,b8,False,,,prediction_jsonl,True
radar_confidence_gated,354,val,boat,boat,True,0.6935955560547271,0.6491811275482178,prediction_jsonl,True
radar_confidence_gated,354,val,buoy,b1,True,0.6696773046159865,0.19813258945941925,prediction_jsonl,True
radar_confidence_gated,354,val,buoy,b3,False,,,prediction_jsonl,True
radar_confidence_gated,354,val,buoy,b4,False,,,prediction_jsonl,True
radar_confidence_gated,354,val,buoy,b5,False,,,prediction_jsonl,True
radar_confidence_gated,354,val,buoy,b6,False,,,prediction_jsonl,True
radar_confidence_gated,354,val,buoy,b7,False,,,prediction_jsonl,True
radar_confidence_gated,354,val,buoy,b8,False,,,prediction_jsonl,True
radar_confidence_gated,355,val,boat,boat,True,0.700842009087831,0.6449766159057617,prediction_jsonl,True
radar_confidence_gated,355,val,buoy,b1,True,0.6579003153550989,0.20783154666423798,prediction_jsonl,True
radar_confidence_gated,355,val,buoy,b3,False,,,prediction_jsonl,True
radar_confidence_gated,355,val,buoy,b4,False,,,prediction_jsonl,True
radar_confidence_gated,355,val,buoy,b5,False,,,prediction_jsonl,True
radar_confidence_gated,355,val,buoy,b6,False,,,prediction_jsonl,True
radar_confidence_gated,355,val,buoy,b7,False,,,prediction_jsonl,True
radar_confidence_gated,355,val,buoy,b8,False,,,prediction_jsonl,True
radar_confidence_gated,356,val,boat,boat,True,0.6900683193868199,0.6459634900093079,prediction_jsonl,True
radar_confidence_gated,356,val,buoy,b1,True,0.6388664672630068,0.21180368959903717,prediction_jsonl,True
radar_confidence_gated,356,val,buoy,b3,False,,,prediction_jsonl,True
radar_confidence_gated,356,val,buoy,b4,False,,,prediction_jsonl,True
radar_confidence_gated,356,val,buoy,b5,False,,,prediction_jsonl,True
radar_confidence_gated,356,val,buoy,b6,False,,,prediction_jsonl,True
radar_confidence_gated,356,val,buoy,b7,False,,,prediction_jsonl,True
radar_confidence_gated,356,val,buoy,b8,False,,,prediction_jsonl,True
radar_confidence_gated,357,val,boat,boat,True,0.703183670493195,0.6430243849754333,prediction_jsonl,True
radar_confidence_gated,357,val,buoy,b1,True,0.6372160269994149,0.19661876559257507,prediction_jsonl,True
radar_confidence_gated,357,val,buoy,b3,False,,,prediction_jsonl,True
radar_confidence_gated,357,val,buoy,b4,False,,,prediction_jsonl,True
radar_confidence_gated,357,val,buoy,b5,False,,,prediction_jsonl,True
radar_confidence_gated,357,val,buoy,b6,False,,,prediction_jsonl,True
radar_confidence_gated,357,val,buoy,b7,False,,,prediction_jsonl,True
radar_confidence_gated,357,val,buoy,b8,False,,,prediction_jsonl,True
radar_confidence_gated,358,val,boat,boat,True,0.7035657909095264,0.6487926244735718,prediction_jsonl,True
radar_confidence_gated,358,val,buoy,b1,True,0.6438181089104147,0.21424196660518646,prediction_jsonl,True
radar_confidence_gated,358,val,buoy,b3,False,,,prediction_jsonl,True
radar_confidence_gated,358,val,buoy,b4,False,,,prediction_jsonl,True
radar_confidence_gated,358,val,buoy,b5,False,,,prediction_jsonl,True
radar_confidence_gated,358,val,buoy,b6,False,,,prediction_jsonl,True
radar_confidence_gated,358,val,buoy,b7,False,,,prediction_jsonl,True
radar_confidence_gated,358,val,buoy,b8,False,,,prediction_jsonl,True
radar_confidence_gated,359,val,boat,boat,True,0.7111548817170341,0.6485230326652527,prediction_jsonl,True
radar_confidence_gated,359,val,buoy,b1,True,0.6333082434823484,0.18900392949581146,prediction_jsonl,True
radar_confidence_gated,359,val,buoy,b3,False,,,prediction_jsonl,True
radar_confidence_gated,359,val,buoy,b4,False,,,prediction_jsonl,True
radar_confidence_gated,359,val,buoy,b5,False,,,prediction_jsonl,True
radar_confidence_gated,359,val,buoy,b6,False,,,prediction_jsonl,True
radar_confidence_gated,359,val,buoy,b7,False,,,prediction_jsonl,True
radar_confidence_gated,359,val,buoy,b8,False,,,prediction_jsonl,True
radar_confidence_gated,360,val,boat,boat,True,0.7000439961769864,0.6428923010826111,prediction_jsonl,True
radar_confidence_gated,360,val,buoy,b1,True,0.6323746152671189,0.17235659062862396,prediction_jsonl,True
radar_confidence_gated,360,val,buoy,b3,False,,,prediction_jsonl,True
radar_confidence_gated,360,val,buoy,b4,False,,,prediction_jsonl,True
radar_confidence_gated,360,val,buoy,b5,False,,,prediction_jsonl,True
radar_confidence_gated,360,val,buoy,b6,False,,,prediction_jsonl,True
radar_confidence_gated,360,val,buoy,b7,False,,,prediction_jsonl,True
radar_confidence_gated,360,val,buoy,b8,False,,,prediction_jsonl,True
radar_confidence_gated,361,val,boat,boat,True,0.6911023312980017,0.6436465382575989,prediction_jsonl,True
radar_confidence_gated,361,val,buoy,b1,True,0.6141246408309619,0.18924932181835175,prediction_jsonl,True
radar_confidence_gated,361,val,buoy,b3,False,,,prediction_jsonl,True
radar_confidence_gated,361,val,buoy,b4,False,,,prediction_jsonl,True
radar_confidence_gated,361,val,buoy,b5,False,,,prediction_jsonl,True
radar_confidence_gated,361,val,buoy,b6,False,,,prediction_jsonl,True
radar_confidence_gated,361,val,buoy,b7,False,,,prediction_jsonl,True
radar_confidence_gated,361,val,buoy,b8,False,,,prediction_jsonl,True
radar_confidence_gated,362,val,boat,boat,True,0.7069014608950424,0.6408708095550537,prediction_jsonl,True
radar_confidence_gated,362,val,buoy,b1,True,0.648279544882129,0.17339682579040527,prediction_jsonl,True
radar_confidence_gated,362,val,buoy,b3,False,,,prediction_jsonl,True
radar_confidence_gated,362,val,buoy,b4,False,,,prediction_jsonl,True
radar_confidence_gated,362,val,buoy,b5,False,,,prediction_jsonl,True
radar_confidence_gated,362,val,buoy,b6,False,,,prediction_jsonl,True
radar_confidence_gated,362,val,buoy,b7,False,,,prediction_jsonl,True
radar_confidence_gated,362,val,buoy,b8,False,,,prediction_jsonl,True
radar_confidence_gated,363,val,boat,boat,True,0.705778157842612,0.6517851948738098,prediction_jsonl,True
radar_confidence_gated,363,val,buoy,b1,True,0.6071405401062552,0.17925728857517242,prediction_jsonl,True
radar_confidence_gated,363,val,buoy,b3,False,,,prediction_jsonl,True
radar_confidence_gated,363,val,buoy,b4,False,,,prediction_jsonl,True
radar_confidence_gated,363,val,buoy,b5,False,,,prediction_jsonl,True
radar_confidence_gated,363,val,buoy,b6,False,,,prediction_jsonl,True
radar_confidence_gated,363,val,buoy,b7,False,,,prediction_jsonl,True
radar_confidence_gated,363,val,buoy,b8,False,,,prediction_jsonl,True
radar_confidence_gated,364,val,boat,boat,True,0.7166551992573983,0.6454851627349854,prediction_jsonl,True
radar_confidence_gated,364,val,buoy,b1,True,0.6053096773386275,0.22800448536872864,prediction_jsonl,True
radar_confidence_gated,364,val,buoy,b3,False,,,prediction_jsonl,True
radar_confidence_gated,364,val,buoy,b4,False,,,prediction_jsonl,True
radar_confidence_gated,364,val,buoy,b5,False,,,prediction_jsonl,True
radar_confidence_gated,364,val,buoy,b6,False,,,prediction_jsonl,True
radar_confidence_gated,364,val,buoy,b7,False,,,prediction_jsonl,True
radar_confidence_gated,364,val,buoy,b8,False,,,prediction_jsonl,True
radar_confidence_gated,365,val,boat,boat,True,0.7117686483119862,0.6488139033317566,prediction_jsonl,True
radar_confidence_gated,365,val,buoy,b1,True,0.617424015571693,0.20138901472091675,prediction_jsonl,True
radar_confidence_gated,365,val,buoy,b3,False,,,prediction_jsonl,True
radar_confidence_gated,365,val,buoy,b4,False,,,prediction_jsonl,True
radar_confidence_gated,365,val,buoy,b5,False,,,prediction_jsonl,True
radar_confidence_gated,365,val,buoy,b6,False,,,prediction_jsonl,True
radar_confidence_gated,365,val,buoy,b7,False,,,prediction_jsonl,True
radar_confidence_gated,365,val,buoy,b8,False,,,prediction_jsonl,True
radar_confidence_gated,366,val,boat,boat,True,0.7143917758910839,0.6439396142959595,prediction_jsonl,True
radar_confidence_gated,366,val,buoy,b1,True,0.6125357503123764,0.24031703174114227,prediction_jsonl,True
radar_confidence_gated,366,val,buoy,b3,False,,,prediction_jsonl,True
radar_confidence_gated,366,val,buoy,b4,False,,,prediction_jsonl,True
radar_confidence_gated,366,val,buoy,b5,False,,,prediction_jsonl,True
radar_confidence_gated,366,val,buoy,b6,False,,,prediction_jsonl,True
radar_confidence_gated,366,val,buoy,b7,False,,,prediction_jsonl,True
radar_confidence_gated,366,val,buoy,b8,False,,,prediction_jsonl,True
radar_confidence_gated,367,val,boat,boat,True,0.7073935642059884,0.6537355780601501,prediction_jsonl,True
radar_confidence_gated,367,val,buoy,b1,True,0.6049565905256774,0.23376749455928802,prediction_jsonl,True
radar_confidence_gated,367,val,buoy,b3,False,,,prediction_jsonl,True
radar_confidence_gated,367,val,buoy,b4,False,,,prediction_jsonl,True
radar_confidence_gated,367,val,buoy,b5,False,,,prediction_jsonl,True
radar_confidence_gated,367,val,buoy,b6,False,,,prediction_jsonl,True
radar_confidence_gated,367,val,buoy,b7,False,,,prediction_jsonl,True
radar_confidence_gated,367,val,buoy,b8,False,,,prediction_jsonl,True
radar_confidence_gated,368,val,boat,boat,True,0.7048575914267052,0.6381571292877197,prediction_jsonl,True
radar_confidence_gated,368,val,buoy,b1,True,0.6370626823399101,0.1970904916524887,prediction_jsonl,True
radar_confidence_gated,368,val,buoy,b3,False,,,prediction_jsonl,True
radar_confidence_gated,368,val,buoy,b4,False,,,prediction_jsonl,True
radar_confidence_gated,368,val,buoy,b5,False,,,prediction_jsonl,True
radar_confidence_gated,368,val,buoy,b6,False,,,prediction_jsonl,True
radar_confidence_gated,368,val,buoy,b7,False,,,prediction_jsonl,True
radar_confidence_gated,368,val,buoy,b8,False,,,prediction_jsonl,True
radar_confidence_gated,369,val,boat,boat,True,0.7103072799606016,0.6385795474052429,prediction_jsonl,True
radar_confidence_gated,369,val,buoy,b1,True,0.6555670687266194,0.20294559001922607,prediction_jsonl,True
radar_confidence_gated,369,val,buoy,b3,False,,,prediction_jsonl,True
radar_confidence_gated,369,val,buoy,b4,False,,,prediction_jsonl,True
radar_confidence_gated,369,val,buoy,b5,False,,,prediction_jsonl,True
radar_confidence_gated,369,val,buoy,b6,False,,,prediction_jsonl,True
radar_confidence_gated,369,val,buoy,b7,False,,,prediction_jsonl,True
radar_confidence_gated,369,val,buoy,b8,False,,,prediction_jsonl,True
radar_confidence_gated,370,val,boat,boat,True,0.6921499031210278,0.6358623504638672,prediction_jsonl,True
radar_confidence_gated,370,val,buoy,b1,True,0.6395207569229819,0.1759672909975052,prediction_jsonl,True
radar_confidence_gated,370,val,buoy,b3,False,,,prediction_jsonl,True
radar_confidence_gated,370,val,buoy,b4,False,,,prediction_jsonl,True
radar_confidence_gated,370,val,buoy,b5,False,,,prediction_jsonl,True
radar_confidence_gated,370,val,buoy,b6,False,,,prediction_jsonl,True
radar_confidence_gated,370,val,buoy,b7,False,,,prediction_jsonl,True
radar_confidence_gated,370,val,buoy,b8,False,,,prediction_jsonl,True
radar_confidence_gated,371,val,boat,boat,True,0.6984236428888347,0.6495673656463623,prediction_jsonl,True
radar_confidence_gated,371,val,buoy,b1,True,0.6460492207631362,0.2069932222366333,prediction_jsonl,True
radar_confidence_gated,371,val,buoy,b3,False,,,prediction_jsonl,True
radar_confidence_gated,371,val,buoy,b4,False,,,prediction_jsonl,True
radar_confidence_gated,371,val,buoy,b5,False,,,prediction_jsonl,True
radar_confidence_gated,371,val,buoy,b6,False,,,prediction_jsonl,True
radar_confidence_gated,371,val,buoy,b7,False,,,prediction_jsonl,True
radar_confidence_gated,371,val,buoy,b8,False,,,prediction_jsonl,True
radar_confidence_gated,372,val,boat,boat,True,0.6945985905092843,0.6336777210235596,prediction_jsonl,True
radar_confidence_gated,372,val,buoy,b1,True,0.6376314802922443,0.17325931787490845,prediction_jsonl,True
radar_confidence_gated,372,val,buoy,b3,False,,,prediction_jsonl,True
radar_confidence_gated,372,val,buoy,b4,False,,,prediction_jsonl,True
radar_confidence_gated,372,val,buoy,b5,False,,,prediction_jsonl,True
radar_confidence_gated,372,val,buoy,b6,False,,,prediction_jsonl,True
radar_confidence_gated,372,val,buoy,b7,False,,,prediction_jsonl,True
radar_confidence_gated,372,val,buoy,b8,False,,,prediction_jsonl,True
radar_confidence_gated,373,val,boat,boat,True,0.652780193846558,0.6518702507019043,prediction_jsonl,True
radar_confidence_gated,373,val,buoy,b1,True,0.6276619563696477,0.21522782742977142,prediction_jsonl,True
radar_confidence_gated,373,val,buoy,b3,False,,,prediction_jsonl,True
radar_confidence_gated,373,val,buoy,b4,False,,,prediction_jsonl,True
radar_confidence_gated,373,val,buoy,b5,False,,,prediction_jsonl,True
radar_confidence_gated,373,val,buoy,b6,False,,,prediction_jsonl,True
radar_confidence_gated,373,val,buoy,b7,False,,,prediction_jsonl,True
radar_confidence_gated,373,val,buoy,b8,False,,,prediction_jsonl,True
radar_confidence_gated,374,test,boat,boat,True,0.6800458931201779,0.6414347290992737,prediction_jsonl,True
radar_confidence_gated,374,test,buoy,b1,True,0.6346199753486714,0.22131292521953583,prediction_jsonl,True
radar_confidence_gated,374,test,buoy,b3,False,,,prediction_jsonl,True
radar_confidence_gated,374,test,buoy,b4,False,,,prediction_jsonl,True
radar_confidence_gated,374,test,buoy,b5,False,,,prediction_jsonl,True
radar_confidence_gated,374,test,buoy,b6,False,,,prediction_jsonl,True
radar_confidence_gated,374,test,buoy,b7,False,,,prediction_jsonl,True
radar_confidence_gated,374,test,buoy,b8,False,,,prediction_jsonl,True
radar_confidence_gated,375,test,boat,boat,True,0.6597447476350894,0.6477433443069458,prediction_jsonl,True
radar_confidence_gated,375,test,buoy,b1,True,0.6120906922453601,0.16486753523349762,prediction_jsonl,True
radar_confidence_gated,375,test,buoy,b3,False,,,prediction_jsonl,True
radar_confidence_gated,375,test,buoy,b4,False,,,prediction_jsonl,True
radar_confidence_gated,375,test,buoy,b5,False,,,prediction_jsonl,True
radar_confidence_gated,375,test,buoy,b6,False,,,prediction_jsonl,True
radar_confidence_gated,375,test,buoy,b7,False,,,prediction_jsonl,True
radar_confidence_gated,375,test,buoy,b8,False,,,prediction_jsonl,True
radar_confidence_gated,376,test,boat,boat,True,0.6765872884190285,0.6504882574081421,prediction_jsonl,True
radar_confidence_gated,376,test,buoy,b1,True,0.6563952471765152,0.19279047846794128,prediction_jsonl,True
radar_confidence_gated,376,test,buoy,b3,False,,,prediction_jsonl,True
radar_confidence_gated,376,test,buoy,b4,False,,,prediction_jsonl,True
radar_confidence_gated,376,test,buoy,b5,False,,,prediction_jsonl,True
radar_confidence_gated,376,test,buoy,b6,False,,,prediction_jsonl,True
radar_confidence_gated,376,test,buoy,b7,False,,,prediction_jsonl,True
radar_confidence_gated,376,test,buoy,b8,False,,,prediction_jsonl,True
radar_confidence_gated,377,test,boat,boat,True,0.6635509974835839,0.6542519927024841,prediction_jsonl,True
radar_confidence_gated,377,test,buoy,b1,True,0.6454415206292814,0.18646585941314697,prediction_jsonl,True
radar_confidence_gated,377,test,buoy,b3,False,,,prediction_jsonl,True
radar_confidence_gated,377,test,buoy,b4,False,,,prediction_jsonl,True
radar_confidence_gated,377,test,buoy,b5,False,,,prediction_jsonl,True
radar_confidence_gated,377,test,buoy,b6,False,,,prediction_jsonl,True
radar_confidence_gated,377,test,buoy,b7,False,,,prediction_jsonl,True
radar_confidence_gated,377,test,buoy,b8,False,,,prediction_jsonl,True
radar_confidence_gated,378,test,boat,boat,True,0.673261383569381,0.6435835361480713,prediction_jsonl,True
radar_confidence_gated,378,test,buoy,b1,True,0.6414229980379502,0.21069777011871338,prediction_jsonl,True
radar_confidence_gated,378,test,buoy,b3,False,,,prediction_jsonl,True
radar_confidence_gated,378,test,buoy,b4,False,,,prediction_jsonl,True
radar_confidence_gated,378,test,buoy,b5,False,,,prediction_jsonl,True
radar_confidence_gated,378,test,buoy,b6,False,,,prediction_jsonl,True
radar_confidence_gated,378,test,buoy,b7,False,,,prediction_jsonl,True
radar_confidence_gated,378,test,buoy,b8,False,,,prediction_jsonl,True
radar_confidence_gated,379,test,boat,boat,True,0.7056849521777031,0.6402427554130554,prediction_jsonl,True
radar_confidence_gated,379,test,buoy,b1,True,0.6227182261011935,0.21533143520355225,prediction_jsonl,True
radar_confidence_gated,379,test,buoy,b3,False,,,prediction_jsonl,True
radar_confidence_gated,379,test,buoy,b4,False,,,prediction_jsonl,True
radar_confidence_gated,379,test,buoy,b5,False,,,prediction_jsonl,True
radar_confidence_gated,379,test,buoy,b6,False,,,prediction_jsonl,True
radar_confidence_gated,379,test,buoy,b7,False,,,prediction_jsonl,True
radar_confidence_gated,379,test,buoy,b8,False,,,prediction_jsonl,True
radar_confidence_gated,380,test,boat,boat,True,0.7272175382849284,0.643280029296875,prediction_jsonl,True
radar_confidence_gated,380,test,buoy,b1,True,0.6487147936730343,0.21218344569206238,prediction_jsonl,True
radar_confidence_gated,380,test,buoy,b3,False,,,prediction_jsonl,True
radar_confidence_gated,380,test,buoy,b4,False,,,prediction_jsonl,True
radar_confidence_gated,380,test,buoy,b5,False,,,prediction_jsonl,True
radar_confidence_gated,380,test,buoy,b6,False,,,prediction_jsonl,True
radar_confidence_gated,380,test,buoy,b7,False,,,prediction_jsonl,True
radar_confidence_gated,380,test,buoy,b8,False,,,prediction_jsonl,True
radar_confidence_gated,381,test,boat,boat,True,0.7077291372721127,0.6489275097846985,prediction_jsonl,True
radar_confidence_gated,381,test,buoy,b1,True,0.6427331541308239,0.19911272823810577,prediction_jsonl,True
radar_confidence_gated,381,test,buoy,b3,False,,,prediction_jsonl,True
radar_confidence_gated,381,test,buoy,b4,False,,,prediction_jsonl,True
radar_confidence_gated,381,test,buoy,b5,False,,,prediction_jsonl,True
radar_confidence_gated,381,test,buoy,b6,False,,,prediction_jsonl,True
radar_confidence_gated,381,test,buoy,b7,False,,,prediction_jsonl,True
radar_confidence_gated,381,test,buoy,b8,False,,,prediction_jsonl,True
radar_confidence_gated,382,test,boat,boat,True,0.7398457507979755,0.6418501734733582,prediction_jsonl,True
radar_confidence_gated,382,test,buoy,b1,True,0.6465663873731267,0.19970761239528656,prediction_jsonl,True
radar_confidence_gated,382,test,buoy,b3,False,,,prediction_jsonl,True
radar_confidence_gated,382,test,buoy,b4,False,,,prediction_jsonl,True
radar_confidence_gated,382,test,buoy,b5,False,,,prediction_jsonl,True
radar_confidence_gated,382,test,buoy,b6,False,,,prediction_jsonl,True
radar_confidence_gated,382,test,buoy,b7,False,,,prediction_jsonl,True
radar_confidence_gated,382,test,buoy,b8,False,,,prediction_jsonl,True
radar_confidence_gated,383,test,boat,boat,True,0.7452429605893277,0.6537104249000549,prediction_jsonl,True
radar_confidence_gated,383,test,buoy,b1,True,0.6324931401263276,0.21491776406764984,prediction_jsonl,True
radar_confidence_gated,383,test,buoy,b3,False,,,prediction_jsonl,True
radar_confidence_gated,383,test,buoy,b4,False,,,prediction_jsonl,True
radar_confidence_gated,383,test,buoy,b5,False,,,prediction_jsonl,True
radar_confidence_gated,383,test,buoy,b6,False,,,prediction_jsonl,True
radar_confidence_gated,383,test,buoy,b7,False,,,prediction_jsonl,True
radar_confidence_gated,383,test,buoy,b8,False,,,prediction_jsonl,True
radar_confidence_gated,384,test,boat,boat,True,0.6736704894670114,0.647309422492981,prediction_jsonl,True
radar_confidence_gated,384,test,buoy,b1,True,0.6079896705977533,0.23398767411708832,prediction_jsonl,True
radar_confidence_gated,384,test,buoy,b3,False,,,prediction_jsonl,True
radar_confidence_gated,384,test,buoy,b4,False,,,prediction_jsonl,True
radar_confidence_gated,384,test,buoy,b5,False,,,prediction_jsonl,True
radar_confidence_gated,384,test,buoy,b6,False,,,prediction_jsonl,True
radar_confidence_gated,384,test,buoy,b7,False,,,prediction_jsonl,True
radar_confidence_gated,384,test,buoy,b8,False,,,prediction_jsonl,True
radar_confidence_gated,385,test,boat,boat,True,0.7321678768704443,0.6538821458816528,prediction_jsonl,True
radar_confidence_gated,385,test,buoy,b1,True,0.6311235904461029,0.21367521584033966,prediction_jsonl,True
radar_confidence_gated,385,test,buoy,b3,False,,,prediction_jsonl,True
radar_confidence_gated,385,test,buoy,b4,False,,,prediction_jsonl,True
radar_confidence_gated,385,test,buoy,b5,False,,,prediction_jsonl,True
radar_confidence_gated,385,test,buoy,b6,False,,,prediction_jsonl,True
radar_confidence_gated,385,test,buoy,b7,False,,,prediction_jsonl,True
radar_confidence_gated,385,test,buoy,b8,False,,,prediction_jsonl,True
radar_confidence_gated,386,test,boat,boat,True,0.7070826584818334,0.6324928402900696,prediction_jsonl,True
radar_confidence_gated,386,test,buoy,b1,True,0.6229993834241452,0.195667564868927,prediction_jsonl,True
radar_confidence_gated,386,test,buoy,b3,False,,,prediction_jsonl,True
radar_confidence_gated,386,test,buoy,b4,False,,,prediction_jsonl,True
radar_confidence_gated,386,test,buoy,b5,False,,,prediction_jsonl,True
radar_confidence_gated,386,test,buoy,b6,False,,,prediction_jsonl,True
radar_confidence_gated,386,test,buoy,b7,False,,,prediction_jsonl,True
radar_confidence_gated,386,test,buoy,b8,False,,,prediction_jsonl,True
radar_confidence_gated,387,test,boat,boat,True,0.7054460035520734,0.6480927467346191,prediction_jsonl,True
radar_confidence_gated,387,test,buoy,b1,True,0.626229379494031,0.17353343963623047,prediction_jsonl,True
radar_confidence_gated,387,test,buoy,b3,False,,,prediction_jsonl,True
radar_confidence_gated,387,test,buoy,b4,False,,,prediction_jsonl,True
radar_confidence_gated,387,test,buoy,b5,False,,,prediction_jsonl,True
radar_confidence_gated,387,test,buoy,b6,False,,,prediction_jsonl,True
radar_confidence_gated,387,test,buoy,b7,False,,,prediction_jsonl,True
radar_confidence_gated,387,test,buoy,b8,False,,,prediction_jsonl,True
radar_confidence_gated,388,test,boat,boat,True,0.7227018654916695,0.6486079096794128,prediction_jsonl,True
radar_confidence_gated,388,test,buoy,b1,True,0.6478390514214573,0.16789905726909637,prediction_jsonl,True
radar_confidence_gated,388,test,buoy,b3,False,,,prediction_jsonl,True
radar_confidence_gated,388,test,buoy,b4,False,,,prediction_jsonl,True
radar_confidence_gated,388,test,buoy,b5,False,,,prediction_jsonl,True
radar_confidence_gated,388,test,buoy,b6,False,,,prediction_jsonl,True
radar_confidence_gated,388,test,buoy,b7,False,,,prediction_jsonl,True
radar_confidence_gated,388,test,buoy,b8,False,,,prediction_jsonl,True
radar_confidence_gated,389,test,boat,boat,True,0.7170072549657883,0.6441960334777832,prediction_jsonl,True
radar_confidence_gated,389,test,buoy,b1,True,0.658868404512942,0.18961091339588165,prediction_jsonl,True
radar_confidence_gated,389,test,buoy,b3,False,,,prediction_jsonl,True
radar_confidence_gated,389,test,buoy,b4,False,,,prediction_jsonl,True
radar_confidence_gated,389,test,buoy,b5,False,,,prediction_jsonl,True
radar_confidence_gated,389,test,buoy,b6,False,,,prediction_jsonl,True
radar_confidence_gated,389,test,buoy,b7,False,,,prediction_jsonl,True
radar_confidence_gated,389,test,buoy,b8,False,,,prediction_jsonl,True
radar_confidence_gated,390,test,boat,boat,True,0.7090637691924264,0.628601610660553,prediction_jsonl,True
radar_confidence_gated,390,test,buoy,b1,False,,,prediction_jsonl,True
radar_confidence_gated,390,test,buoy,b3,False,,,prediction_jsonl,True
radar_confidence_gated,390,test,buoy,b4,False,,,prediction_jsonl,True
radar_confidence_gated,390,test,buoy,b5,False,,,prediction_jsonl,True
radar_confidence_gated,390,test,buoy,b6,False,,,prediction_jsonl,True
radar_confidence_gated,390,test,buoy,b7,False,,,prediction_jsonl,True
radar_confidence_gated,390,test,buoy,b8,False,,,prediction_jsonl,True
radar_confidence_gated,391,test,boat,boat,True,0.7126123860798886,0.635947585105896,prediction_jsonl,True
radar_confidence_gated,391,test,buoy,b1,False,,,prediction_jsonl,True
radar_confidence_gated,391,test,buoy,b3,False,,,prediction_jsonl,True
radar_confidence_gated,391,test,buoy,b4,False,,,prediction_jsonl,True
radar_confidence_gated,391,test,buoy,b5,False,,,prediction_jsonl,True
radar_confidence_gated,391,test,buoy,b6,False,,,prediction_jsonl,True
radar_confidence_gated,391,test,buoy,b7,False,,,prediction_jsonl,True
radar_confidence_gated,391,test,buoy,b8,False,,,prediction_jsonl,True
radar_confidence_gated,392,test,boat,boat,True,0.7129343181441244,0.6334537267684937,prediction_jsonl,True
radar_confidence_gated,392,test,buoy,b1,False,,,prediction_jsonl,True
radar_confidence_gated,392,test,buoy,b3,False,,,prediction_jsonl,True
radar_confidence_gated,392,test,buoy,b4,False,,,prediction_jsonl,True
radar_confidence_gated,392,test,buoy,b5,False,,,prediction_jsonl,True
radar_confidence_gated,392,test,buoy,b6,False,,,prediction_jsonl,True
radar_confidence_gated,392,test,buoy,b7,False,,,prediction_jsonl,True
radar_confidence_gated,392,test,buoy,b8,False,,,prediction_jsonl,True
radar_confidence_gated,393,test,boat,boat,True,0.7179038911321525,0.6382648944854736,prediction_jsonl,True
radar_confidence_gated,393,test,buoy,b1,True,0.6599584386684187,0.18211068212985992,prediction_jsonl,True
radar_confidence_gated,393,test,buoy,b3,False,,,prediction_jsonl,True
radar_confidence_gated,393,test,buoy,b4,False,,,prediction_jsonl,True
radar_confidence_gated,393,test,buoy,b5,False,,,prediction_jsonl,True
radar_confidence_gated,393,test,buoy,b6,False,,,prediction_jsonl,True
radar_confidence_gated,393,test,buoy,b7,False,,,prediction_jsonl,True
radar_confidence_gated,393,test,buoy,b8,False,,,prediction_jsonl,True
radar_confidence_gated,394,test,boat,boat,True,0.7165259635427409,0.6405982971191406,prediction_jsonl,True
radar_confidence_gated,394,test,buoy,b1,True,0.6815515618617316,0.20025375485420227,prediction_jsonl,True
radar_confidence_gated,394,test,buoy,b3,False,,,prediction_jsonl,True
radar_confidence_gated,394,test,buoy,b4,False,,,prediction_jsonl,True
radar_confidence_gated,394,test,buoy,b5,False,,,prediction_jsonl,True
radar_confidence_gated,394,test,buoy,b6,False,,,prediction_jsonl,True
radar_confidence_gated,394,test,buoy,b7,False,,,prediction_jsonl,True
radar_confidence_gated,394,test,buoy,b8,False,,,prediction_jsonl,True
radar_confidence_gated,395,test,boat,boat,True,0.7161581106782724,0.6417251825332642,prediction_jsonl,True
radar_confidence_gated,395,test,buoy,b1,True,0.6403176491978457,0.17326520383358002,prediction_jsonl,True
radar_confidence_gated,395,test,buoy,b3,False,,,prediction_jsonl,True
radar_confidence_gated,395,test,buoy,b4,False,,,prediction_jsonl,True
radar_confidence_gated,395,test,buoy,b5,False,,,prediction_jsonl,True
radar_confidence_gated,395,test,buoy,b6,False,,,prediction_jsonl,True
radar_confidence_gated,395,test,buoy,b7,False,,,prediction_jsonl,True
radar_confidence_gated,395,test,buoy,b8,False,,,prediction_jsonl,True
radar_confidence_gated,396,test,boat,boat,True,0.7183502998257097,0.637768566608429,prediction_jsonl,True
radar_confidence_gated,396,test,buoy,b1,True,0.6780043259292015,0.18359465897083282,prediction_jsonl,True
radar_confidence_gated,396,test,buoy,b3,False,,,prediction_jsonl,True
radar_confidence_gated,396,test,buoy,b4,False,,,prediction_jsonl,True
radar_confidence_gated,396,test,buoy,b5,False,,,prediction_jsonl,True
radar_confidence_gated,396,test,buoy,b6,False,,,prediction_jsonl,True
radar_confidence_gated,396,test,buoy,b7,False,,,prediction_jsonl,True
radar_confidence_gated,396,test,buoy,b8,False,,,prediction_jsonl,True
radar_confidence_gated,397,test,boat,boat,True,0.7101171983318271,0.6374543905258179,prediction_jsonl,True
radar_confidence_gated,397,test,buoy,b1,False,,,prediction_jsonl,True
radar_confidence_gated,397,test,buoy,b3,False,,,prediction_jsonl,True
radar_confidence_gated,397,test,buoy,b4,False,,,prediction_jsonl,True
radar_confidence_gated,397,test,buoy,b5,False,,,prediction_jsonl,True
radar_confidence_gated,397,test,buoy,b6,False,,,prediction_jsonl,True
radar_confidence_gated,397,test,buoy,b7,False,,,prediction_jsonl,True
radar_confidence_gated,397,test,buoy,b8,False,,,prediction_jsonl,True
radar_confidence_gated,398,test,boat,boat,True,0.6981041968873491,0.6443518400192261,prediction_jsonl,True
radar_confidence_gated,398,test,buoy,b1,False,,,prediction_jsonl,True
radar_confidence_gated,398,test,buoy,b3,False,,,prediction_jsonl,True
radar_confidence_gated,398,test,buoy,b4,False,,,prediction_jsonl,True
radar_confidence_gated,398,test,buoy,b5,False,,,prediction_jsonl,True
radar_confidence_gated,398,test,buoy,b6,False,,,prediction_jsonl,True
radar_confidence_gated,398,test,buoy,b7,False,,,prediction_jsonl,True
radar_confidence_gated,398,test,buoy,b8,False,,,prediction_jsonl,True
radar_confidence_gated,399,test,boat,boat,True,0.6817469293282546,0.6466122269630432,prediction_jsonl,True
radar_confidence_gated,399,test,buoy,b1,True,0.6327640151816523,0.16251206398010254,prediction_jsonl,True
radar_confidence_gated,399,test,buoy,b3,False,,,prediction_jsonl,True
radar_confidence_gated,399,test,buoy,b4,False,,,prediction_jsonl,True
radar_confidence_gated,399,test,buoy,b5,False,,,prediction_jsonl,True
radar_confidence_gated,399,test,buoy,b6,False,,,prediction_jsonl,True
radar_confidence_gated,399,test,buoy,b7,False,,,prediction_jsonl,True
radar_confidence_gated,399,test,buoy,b8,False,,,prediction_jsonl,True
radar_confidence_gated,400,test,boat,boat,True,0.7066331615752981,0.6428921222686768,prediction_jsonl,True
radar_confidence_gated,400,test,buoy,b1,False,,,prediction_jsonl,True
radar_confidence_gated,400,test,buoy,b3,False,,,prediction_jsonl,True
radar_confidence_gated,400,test,buoy,b4,False,,,prediction_jsonl,True
radar_confidence_gated,400,test,buoy,b5,False,,,prediction_jsonl,True
radar_confidence_gated,400,test,buoy,b6,False,,,prediction_jsonl,True
radar_confidence_gated,400,test,buoy,b7,False,,,prediction_jsonl,True
radar_confidence_gated,400,test,buoy,b8,False,,,prediction_jsonl,True
radar_confidence_gated,401,test,boat,boat,True,0.6993309366068656,0.6487320065498352,prediction_jsonl,True
radar_confidence_gated,401,test,buoy,b1,True,0.6180449170297257,0.18787796795368195,prediction_jsonl,True
radar_confidence_gated,401,test,buoy,b3,False,,,prediction_jsonl,True
radar_confidence_gated,401,test,buoy,b4,False,,,prediction_jsonl,True
radar_confidence_gated,401,test,buoy,b5,False,,,prediction_jsonl,True
radar_confidence_gated,401,test,buoy,b6,False,,,prediction_jsonl,True
radar_confidence_gated,401,test,buoy,b7,False,,,prediction_jsonl,True
radar_confidence_gated,401,test,buoy,b8,False,,,prediction_jsonl,True
radar_confidence_gated,402,test,boat,boat,True,0.6920739162342489,0.6528430581092834,prediction_jsonl,True
radar_confidence_gated,402,test,buoy,b1,True,0.62491935782083,0.1856989860534668,prediction_jsonl,True
radar_confidence_gated,402,test,buoy,b3,False,,,prediction_jsonl,True
radar_confidence_gated,402,test,buoy,b4,False,,,prediction_jsonl,True
radar_confidence_gated,402,test,buoy,b5,False,,,prediction_jsonl,True
radar_confidence_gated,402,test,buoy,b6,False,,,prediction_jsonl,True
radar_confidence_gated,402,test,buoy,b7,False,,,prediction_jsonl,True
radar_confidence_gated,402,test,buoy,b8,False,,,prediction_jsonl,True
radar_confidence_gated,403,test,boat,boat,True,0.7145976938663067,0.6400536894798279,prediction_jsonl,True
radar_confidence_gated,403,test,buoy,b1,True,0.6348846627870753,0.16812558472156525,prediction_jsonl,True
radar_confidence_gated,403,test,buoy,b3,False,,,prediction_jsonl,True
radar_confidence_gated,403,test,buoy,b4,False,,,prediction_jsonl,True
radar_confidence_gated,403,test,buoy,b5,False,,,prediction_jsonl,True
radar_confidence_gated,403,test,buoy,b6,False,,,prediction_jsonl,True
radar_confidence_gated,403,test,buoy,b7,False,,,prediction_jsonl,True
radar_confidence_gated,403,test,buoy,b8,False,,,prediction_jsonl,True
radar_confidence_gated,404,test,boat,boat,True,0.7039929362872075,0.6392407417297363,prediction_jsonl,True
radar_confidence_gated,404,test,buoy,b1,True,0.6315310655015226,0.164055734872818,prediction_jsonl,True
radar_confidence_gated,404,test,buoy,b3,False,,,prediction_jsonl,True
radar_confidence_gated,404,test,buoy,b4,False,,,prediction_jsonl,True
radar_confidence_gated,404,test,buoy,b5,False,,,prediction_jsonl,True
radar_confidence_gated,404,test,buoy,b6,False,,,prediction_jsonl,True
radar_confidence_gated,404,test,buoy,b7,False,,,prediction_jsonl,True
radar_confidence_gated,404,test,buoy,b8,False,,,prediction_jsonl,True
radar_confidence_gated,405,test,boat,boat,True,0.7163244308400368,0.6321523189544678,prediction_jsonl,True
radar_confidence_gated,405,test,buoy,b1,True,0.6477171780405334,0.1613602191209793,prediction_jsonl,True
radar_confidence_gated,405,test,buoy,b3,False,,,prediction_jsonl,True
radar_confidence_gated,405,test,buoy,b4,False,,,prediction_jsonl,True
radar_confidence_gated,405,test,buoy,b5,False,,,prediction_jsonl,True
radar_confidence_gated,405,test,buoy,b6,False,,,prediction_jsonl,True
radar_confidence_gated,405,test,buoy,b7,False,,,prediction_jsonl,True
radar_confidence_gated,405,test,buoy,b8,False,,,prediction_jsonl,True
radar_confidence_gated,406,test,boat,boat,True,0.7114354665512979,0.6391363143920898,prediction_jsonl,True
radar_confidence_gated,406,test,buoy,b1,True,0.6704072094363493,0.16971082985401154,prediction_jsonl,True
radar_confidence_gated,406,test,buoy,b3,False,,,prediction_jsonl,True
radar_confidence_gated,406,test,buoy,b4,False,,,prediction_jsonl,True
radar_confidence_gated,406,test,buoy,b5,False,,,prediction_jsonl,True
radar_confidence_gated,406,test,buoy,b6,False,,,prediction_jsonl,True
radar_confidence_gated,406,test,buoy,b7,False,,,prediction_jsonl,True
radar_confidence_gated,406,test,buoy,b8,False,,,prediction_jsonl,True
radar_confidence_gated,407,test,boat,boat,True,0.7255123393751226,0.6523748636245728,prediction_jsonl,True
radar_confidence_gated,407,test,buoy,b1,True,0.6429213967715026,0.2263273000717163,prediction_jsonl,True
radar_confidence_gated,407,test,buoy,b3,False,,,prediction_jsonl,True
radar_confidence_gated,407,test,buoy,b4,False,,,prediction_jsonl,True
radar_confidence_gated,407,test,buoy,b5,False,,,prediction_jsonl,True
radar_confidence_gated,407,test,buoy,b6,False,,,prediction_jsonl,True
radar_confidence_gated,407,test,buoy,b7,False,,,prediction_jsonl,True
radar_confidence_gated,407,test,buoy,b8,False,,,prediction_jsonl,True
radar_confidence_gated,408,test,boat,boat,True,0.737652511411998,0.6386333703994751,prediction_jsonl,True
radar_confidence_gated,408,test,buoy,b1,True,0.644094947532682,0.21223078668117523,prediction_jsonl,True
radar_confidence_gated,408,test,buoy,b3,False,,,prediction_jsonl,True
radar_confidence_gated,408,test,buoy,b4,False,,,prediction_jsonl,True
radar_confidence_gated,408,test,buoy,b5,False,,,prediction_jsonl,True
radar_confidence_gated,408,test,buoy,b6,False,,,prediction_jsonl,True
radar_confidence_gated,408,test,buoy,b7,False,,,prediction_jsonl,True
radar_confidence_gated,408,test,buoy,b8,False,,,prediction_jsonl,True
radar_confidence_gated,409,test,boat,boat,True,0.7010464476922199,0.6527619957923889,prediction_jsonl,True
radar_confidence_gated,409,test,buoy,b1,True,0.6208514991809763,0.22558914124965668,prediction_jsonl,True
radar_confidence_gated,409,test,buoy,b3,False,,,prediction_jsonl,True
radar_confidence_gated,409,test,buoy,b4,False,,,prediction_jsonl,True
radar_confidence_gated,409,test,buoy,b5,False,,,prediction_jsonl,True
radar_confidence_gated,409,test,buoy,b6,False,,,prediction_jsonl,True
radar_confidence_gated,409,test,buoy,b7,False,,,prediction_jsonl,True
radar_confidence_gated,409,test,buoy,b8,False,,,prediction_jsonl,True
radar_confidence_gated,410,test,boat,boat,True,0.6857679106508571,0.6606642603874207,prediction_jsonl,True
radar_confidence_gated,410,test,buoy,b1,True,0.6435673183941111,0.24651484191417694,prediction_jsonl,True
radar_confidence_gated,410,test,buoy,b3,False,,,prediction_jsonl,True
radar_confidence_gated,410,test,buoy,b4,False,,,prediction_jsonl,True
radar_confidence_gated,410,test,buoy,b5,False,,,prediction_jsonl,True
radar_confidence_gated,410,test,buoy,b6,False,,,prediction_jsonl,True
radar_confidence_gated,410,test,buoy,b7,False,,,prediction_jsonl,True
radar_confidence_gated,410,test,buoy,b8,False,,,prediction_jsonl,True
radar_confidence_gated,411,test,boat,boat,True,0.6692044544684667,0.6583653092384338,prediction_jsonl,True
radar_confidence_gated,411,test,buoy,b1,True,0.6145993128003661,0.2303043156862259,prediction_jsonl,True
radar_confidence_gated,411,test,buoy,b3,False,,,prediction_jsonl,True
radar_confidence_gated,411,test,buoy,b4,False,,,prediction_jsonl,True
radar_confidence_gated,411,test,buoy,b5,False,,,prediction_jsonl,True
radar_confidence_gated,411,test,buoy,b6,False,,,prediction_jsonl,True
radar_confidence_gated,411,test,buoy,b7,False,,,prediction_jsonl,True
radar_confidence_gated,411,test,buoy,b8,False,,,prediction_jsonl,True
radar_confidence_gated,412,test,boat,boat,True,0.6975729005499554,0.6547691822052002,prediction_jsonl,True
radar_confidence_gated,412,test,buoy,b1,True,0.6311161701479145,0.20596927404403687,prediction_jsonl,True
radar_confidence_gated,412,test,buoy,b3,False,,,prediction_jsonl,True
radar_confidence_gated,412,test,buoy,b4,False,,,prediction_jsonl,True
radar_confidence_gated,412,test,buoy,b5,False,,,prediction_jsonl,True
radar_confidence_gated,412,test,buoy,b6,False,,,prediction_jsonl,True
radar_confidence_gated,412,test,buoy,b7,False,,,prediction_jsonl,True
radar_confidence_gated,412,test,buoy,b8,False,,,prediction_jsonl,True
radar_confidence_gated,413,test,boat,boat,True,0.6825287451928933,0.651319682598114,prediction_jsonl,True
radar_confidence_gated,413,test,buoy,b1,True,0.6357310382002649,0.18979604542255402,prediction_jsonl,True
radar_confidence_gated,413,test,buoy,b3,False,,,prediction_jsonl,True
radar_confidence_gated,413,test,buoy,b4,False,,,prediction_jsonl,True
radar_confidence_gated,413,test,buoy,b5,False,,,prediction_jsonl,True
radar_confidence_gated,413,test,buoy,b6,False,,,prediction_jsonl,True
radar_confidence_gated,413,test,buoy,b7,False,,,prediction_jsonl,True
radar_confidence_gated,413,test,buoy,b8,False,,,prediction_jsonl,True
radar_confidence_gated,414,test,boat,boat,True,0.7045057373595238,0.6561571955680847,prediction_jsonl,True
radar_confidence_gated,414,test,buoy,b1,False,,,prediction_jsonl,True
radar_confidence_gated,414,test,buoy,b3,False,,,prediction_jsonl,True
radar_confidence_gated,414,test,buoy,b4,False,,,prediction_jsonl,True
radar_confidence_gated,414,test,buoy,b5,False,,,prediction_jsonl,True
radar_confidence_gated,414,test,buoy,b6,False,,,prediction_jsonl,True
radar_confidence_gated,414,test,buoy,b7,False,,,prediction_jsonl,True
radar_confidence_gated,414,test,buoy,b8,False,,,prediction_jsonl,True
radar_confidence_gated,415,test,boat,boat,True,0.707330595417819,0.6513081192970276,prediction_jsonl,True
radar_confidence_gated,415,test,buoy,b1,True,0.6590015055366807,0.1986224353313446,prediction_jsonl,True
radar_confidence_gated,415,test,buoy,b3,False,,,prediction_jsonl,True
radar_confidence_gated,415,test,buoy,b4,False,,,prediction_jsonl,True
radar_confidence_gated,415,test,buoy,b5,False,,,prediction_jsonl,True
radar_confidence_gated,415,test,buoy,b6,False,,,prediction_jsonl,True
radar_confidence_gated,415,test,buoy,b7,False,,,prediction_jsonl,True
radar_confidence_gated,415,test,buoy,b8,False,,,prediction_jsonl,True
radar_confidence_gated,416,test,boat,boat,True,0.6796235116751006,0.632702648639679,prediction_jsonl,True
radar_confidence_gated,416,test,buoy,b1,True,0.6495733486897778,0.18431398272514343,prediction_jsonl,True
radar_confidence_gated,416,test,buoy,b3,False,,,prediction_jsonl,True
radar_confidence_gated,416,test,buoy,b4,False,,,prediction_jsonl,True
radar_confidence_gated,416,test,buoy,b5,False,,,prediction_jsonl,True
radar_confidence_gated,416,test,buoy,b6,False,,,prediction_jsonl,True
radar_confidence_gated,416,test,buoy,b7,False,,,prediction_jsonl,True
radar_confidence_gated,416,test,buoy,b8,False,,,prediction_jsonl,True
radar_confidence_gated,417,test,boat,boat,True,0.7024953310963192,0.659578800201416,prediction_jsonl,True
radar_confidence_gated,417,test,buoy,b1,True,0.6605741246930307,0.19434785842895508,prediction_jsonl,True
radar_confidence_gated,417,test,buoy,b3,False,,,prediction_jsonl,True
radar_confidence_gated,417,test,buoy,b4,False,,,prediction_jsonl,True
radar_confidence_gated,417,test,buoy,b5,False,,,prediction_jsonl,True
radar_confidence_gated,417,test,buoy,b6,False,,,prediction_jsonl,True
radar_confidence_gated,417,test,buoy,b7,False,,,prediction_jsonl,True
radar_confidence_gated,417,test,buoy,b8,False,,,prediction_jsonl,True
radar_confidence_gated,418,test,boat,boat,True,0.6975917444519912,0.6522756814956665,prediction_jsonl,True
radar_confidence_gated,418,test,buoy,b1,True,0.6951346467442746,0.16025908291339874,prediction_jsonl,True
radar_confidence_gated,418,test,buoy,b3,False,,,prediction_jsonl,True
radar_confidence_gated,418,test,buoy,b4,False,,,prediction_jsonl,True
radar_confidence_gated,418,test,buoy,b5,False,,,prediction_jsonl,True
radar_confidence_gated,418,test,buoy,b6,False,,,prediction_jsonl,True
radar_confidence_gated,418,test,buoy,b7,False,,,prediction_jsonl,True
radar_confidence_gated,418,test,buoy,b8,False,,,prediction_jsonl,True
vision_only_tiled,119,train,boat,boat,True,0.7120108964510586,0.6370086073875427,prediction_jsonl,True
vision_only_tiled,119,train,buoy,b1,True,0.6020642336529316,0.22126361727714539,prediction_jsonl,True
vision_only_tiled,119,train,buoy,b2,False,,,prediction_jsonl,True
vision_only_tiled,119,train,buoy,b3,False,,,prediction_jsonl,True
vision_only_tiled,119,train,buoy,b4,False,,,prediction_jsonl,True
vision_only_tiled,119,train,buoy,b5,False,,,prediction_jsonl,True
vision_only_tiled,119,train,buoy,b6,False,,,prediction_jsonl,True
vision_only_tiled,119,train,buoy,b7,False,,,prediction_jsonl,True
vision_only_tiled,119,train,buoy,b8,False,,,prediction_jsonl,True
vision_only_tiled,120,train,boat,boat,True,0.6856854640282276,0.655012845993042,prediction_jsonl,True
vision_only_tiled,120,train,buoy,b1,True,0.5877413615845505,0.2248810976743698,prediction_jsonl,True
vision_only_tiled,120,train,buoy,b2,False,,,prediction_jsonl,True
vision_only_tiled,120,train,buoy,b3,False,,,prediction_jsonl,True
vision_only_tiled,120,train,buoy,b4,False,,,prediction_jsonl,True
vision_only_tiled,120,train,buoy,b5,False,,,prediction_jsonl,True
vision_only_tiled,120,train,buoy,b6,False,,,prediction_jsonl,True
vision_only_tiled,120,train,buoy,b7,False,,,prediction_jsonl,True
vision_only_tiled,120,train,buoy,b8,False,,,prediction_jsonl,True
vision_only_tiled,121,train,boat,boat,True,0.7192467297760078,0.6587588787078857,prediction_jsonl,True
vision_only_tiled,121,train,buoy,b1,True,0.6152168175328241,0.2042919397354126,prediction_jsonl,True
vision_only_tiled,121,train,buoy,b2,False,,,prediction_jsonl,True
vision_only_tiled,121,train,buoy,b3,False,,,prediction_jsonl,True
vision_only_tiled,121,train,buoy,b4,False,,,prediction_jsonl,True
vision_only_tiled,121,train,buoy,b5,False,,,prediction_jsonl,True
vision_only_tiled,121,train,buoy,b6,False,,,prediction_jsonl,True
vision_only_tiled,121,train,buoy,b7,False,,,prediction_jsonl,True
vision_only_tiled,121,train,buoy,b8,False,,,prediction_jsonl,True
vision_only_tiled,122,train,boat,boat,True,0.719096177709124,0.643306314945221,prediction_jsonl,True
vision_only_tiled,122,train,buoy,b1,True,0.6130984630354689,0.1826675683259964,prediction_jsonl,True
vision_only_tiled,122,train,buoy,b2,False,,,prediction_jsonl,True
vision_only_tiled,122,train,buoy,b3,False,,,prediction_jsonl,True
vision_only_tiled,122,train,buoy,b4,False,,,prediction_jsonl,True
vision_only_tiled,122,train,buoy,b5,False,,,prediction_jsonl,True
vision_only_tiled,122,train,buoy,b6,False,,,prediction_jsonl,True
vision_only_tiled,122,train,buoy,b7,False,,,prediction_jsonl,True
vision_only_tiled,122,train,buoy,b8,False,,,prediction_jsonl,True
vision_only_tiled,123,train,boat,boat,True,0.7033542515881489,0.6453753113746643,prediction_jsonl,True
vision_only_tiled,123,train,buoy,b1,True,0.5915504271007026,0.18542277812957764,prediction_jsonl,True
vision_only_tiled,123,train,buoy,b2,False,,,prediction_jsonl,True
vision_only_tiled,123,train,buoy,b3,False,,,prediction_jsonl,True
vision_only_tiled,123,train,buoy,b4,False,,,prediction_jsonl,True
vision_only_tiled,123,train,buoy,b5,False,,,prediction_jsonl,True
vision_only_tiled,123,train,buoy,b6,False,,,prediction_jsonl,True
vision_only_tiled,123,train,buoy,b7,False,,,prediction_jsonl,True
vision_only_tiled,123,train,buoy,b8,False,,,prediction_jsonl,True
vision_only_tiled,124,train,boat,boat,True,0.6930290229017684,0.6462193727493286,prediction_jsonl,True
vision_only_tiled,124,train,buoy,b1,True,0.5894453423182822,0.21214717626571655,prediction_jsonl,True
vision_only_tiled,124,train,buoy,b2,False,,,prediction_jsonl,True
vision_only_tiled,124,train,buoy,b3,False,,,prediction_jsonl,True
vision_only_tiled,124,train,buoy,b4,False,,,prediction_jsonl,True
vision_only_tiled,124,train,buoy,b5,False,,,prediction_jsonl,True
vision_only_tiled,124,train,buoy,b6,False,,,prediction_jsonl,True
vision_only_tiled,124,train,buoy,b7,False,,,prediction_jsonl,True
vision_only_tiled,124,train,buoy,b8,False,,,prediction_jsonl,True
vision_only_tiled,125,train,boat,boat,True,0.6918044949673002,0.6497337222099304,prediction_jsonl,True
vision_only_tiled,125,train,buoy,b1,True,0.5624013911815118,0.21629980206489563,prediction_jsonl,True
vision_only_tiled,125,train,buoy,b2,False,,,prediction_jsonl,True
vision_only_tiled,125,train,buoy,b3,False,,,prediction_jsonl,True
vision_only_tiled,125,train,buoy,b4,False,,,prediction_jsonl,True
vision_only_tiled,125,train,buoy,b5,False,,,prediction_jsonl,True
vision_only_tiled,125,train,buoy,b6,False,,,prediction_jsonl,True
vision_only_tiled,125,train,buoy,b7,False,,,prediction_jsonl,True
vision_only_tiled,125,train,buoy,b8,False,,,prediction_jsonl,True
vision_only_tiled,126,train,boat,boat,True,0.6804011795185697,0.6515589952468872,prediction_jsonl,True
vision_only_tiled,126,train,buoy,b1,True,0.573363082476747,0.2300954908132553,prediction_jsonl,True
vision_only_tiled,126,train,buoy,b2,False,,,prediction_jsonl,True
vision_only_tiled,126,train,buoy,b3,False,,,prediction_jsonl,True
vision_only_tiled,126,train,buoy,b4,False,,,prediction_jsonl,True
vision_only_tiled,126,train,buoy,b5,False,,,prediction_jsonl,True
vision_only_tiled,126,train,buoy,b6,False,,,prediction_jsonl,True
vision_only_tiled,126,train,buoy,b7,False,,,prediction_jsonl,True
vision_only_tiled,126,train,buoy,b8,False,,,prediction_jsonl,True
vision_only_tiled,127,train,boat,boat,True,0.6988795729831883,0.6536134481430054,prediction_jsonl,True
vision_only_tiled,127,train,buoy,b1,True,0.5714712242386483,0.21180063486099243,prediction_jsonl,True
vision_only_tiled,127,train,buoy,b2,False,,,prediction_jsonl,True
vision_only_tiled,127,train,buoy,b3,False,,,prediction_jsonl,True
vision_only_tiled,127,train,buoy,b4,False,,,prediction_jsonl,True
vision_only_tiled,127,train,buoy,b5,False,,,prediction_jsonl,True
vision_only_tiled,127,train,buoy,b6,False,,,prediction_jsonl,True
vision_only_tiled,127,train,buoy,b7,False,,,prediction_jsonl,True
vision_only_tiled,127,train,buoy,b8,False,,,prediction_jsonl,True
vision_only_tiled,128,train,boat,boat,True,0.6836999746987475,0.6426524519920349,prediction_jsonl,True
vision_only_tiled,128,train,buoy,b1,True,0.5761929778603454,0.21084536612033844,prediction_jsonl,True
vision_only_tiled,128,train,buoy,b2,False,,,prediction_jsonl,True
vision_only_tiled,128,train,buoy,b3,False,,,prediction_jsonl,True
vision_only_tiled,128,train,buoy,b4,False,,,prediction_jsonl,True
vision_only_tiled,128,train,buoy,b5,False,,,prediction_jsonl,True
vision_only_tiled,128,train,buoy,b6,False,,,prediction_jsonl,True
vision_only_tiled,128,train,buoy,b7,False,,,prediction_jsonl,True
vision_only_tiled,128,train,buoy,b8,False,,,prediction_jsonl,True
vision_only_tiled,129,train,boat,boat,True,0.647562432455728,0.6453797221183777,prediction_jsonl,True
vision_only_tiled,129,train,buoy,b1,True,0.592885139978452,0.19362513720989227,prediction_jsonl,True
vision_only_tiled,129,train,buoy,b2,False,,,prediction_jsonl,True
vision_only_tiled,129,train,buoy,b3,False,,,prediction_jsonl,True
vision_only_tiled,129,train,buoy,b4,False,,,prediction_jsonl,True
vision_only_tiled,129,train,buoy,b5,False,,,prediction_jsonl,True
vision_only_tiled,129,train,buoy,b6,False,,,prediction_jsonl,True
vision_only_tiled,129,train,buoy,b7,False,,,prediction_jsonl,True
vision_only_tiled,129,train,buoy,b8,False,,,prediction_jsonl,True
vision_only_tiled,130,train,boat,boat,True,0.7037801414742831,0.6446740627288818,prediction_jsonl,True
vision_only_tiled,130,train,buoy,b1,True,0.5792253991632815,0.2085561752319336,prediction_jsonl,True
vision_only_tiled,130,train,buoy,b2,False,,,prediction_jsonl,True
vision_only_tiled,130,train,buoy,b3,False,,,prediction_jsonl,True
vision_only_tiled,130,train,buoy,b4,False,,,prediction_jsonl,True
vision_only_tiled,130,train,buoy,b5,False,,,prediction_jsonl,True
vision_only_tiled,130,train,buoy,b6,False,,,prediction_jsonl,True
vision_only_tiled,130,train,buoy,b7,False,,,prediction_jsonl,True
vision_only_tiled,130,train,buoy,b8,False,,,prediction_jsonl,True
vision_only_tiled,131,train,boat,boat,True,0.690431951858827,0.6508535742759705,prediction_jsonl,True
vision_only_tiled,131,train,buoy,b1,True,0.560845482036759,0.18980804085731506,prediction_jsonl,True
vision_only_tiled,131,train,buoy,b2,False,,,prediction_jsonl,True
vision_only_tiled,131,train,buoy,b3,False,,,prediction_jsonl,True
vision_only_tiled,131,train,buoy,b4,False,,,prediction_jsonl,True
vision_only_tiled,131,train,buoy,b5,False,,,prediction_jsonl,True
vision_only_tiled,131,train,buoy,b6,False,,,prediction_jsonl,True
vision_only_tiled,131,train,buoy,b7,False,,,prediction_jsonl,True
vision_only_tiled,131,train,buoy,b8,False,,,prediction_jsonl,True
vision_only_tiled,132,train,boat,boat,True,0.6854023167154728,0.6543265581130981,prediction_jsonl,True
vision_only_tiled,132,train,buoy,b1,True,0.5691241221224944,0.20736883580684662,prediction_jsonl,True
vision_only_tiled,132,train,buoy,b2,False,,,prediction_jsonl,True
vision_only_tiled,132,train,buoy,b3,False,,,prediction_jsonl,True
vision_only_tiled,132,train,buoy,b4,False,,,prediction_jsonl,True
vision_only_tiled,132,train,buoy,b5,False,,,prediction_jsonl,True
vision_only_tiled,132,train,buoy,b6,False,,,prediction_jsonl,True
vision_only_tiled,132,train,buoy,b7,False,,,prediction_jsonl,True
vision_only_tiled,132,train,buoy,b8,False,,,prediction_jsonl,True
vision_only_tiled,133,train,boat,boat,True,0.6952911519263085,0.6430542469024658,prediction_jsonl,True
vision_only_tiled,133,train,buoy,b1,True,0.570155615471033,0.2189377099275589,prediction_jsonl,True
vision_only_tiled,133,train,buoy,b2,False,,,prediction_jsonl,True
vision_only_tiled,133,train,buoy,b3,False,,,prediction_jsonl,True
vision_only_tiled,133,train,buoy,b4,False,,,prediction_jsonl,True
vision_only_tiled,133,train,buoy,b5,False,,,prediction_jsonl,True
vision_only_tiled,133,train,buoy,b6,False,,,prediction_jsonl,True
vision_only_tiled,133,train,buoy,b7,False,,,prediction_jsonl,True
vision_only_tiled,133,train,buoy,b8,False,,,prediction_jsonl,True
vision_only_tiled,134,train,boat,boat,True,0.7009442717562744,0.6449906826019287,prediction_jsonl,True
vision_only_tiled,134,train,buoy,b1,True,0.5913083772789,0.24370956420898438,prediction_jsonl,True
vision_only_tiled,134,train,buoy,b2,False,,,prediction_jsonl,True
vision_only_tiled,134,train,buoy,b3,False,,,prediction_jsonl,True
vision_only_tiled,134,train,buoy,b4,False,,,prediction_jsonl,True
vision_only_tiled,134,train,buoy,b5,False,,,prediction_jsonl,True
vision_only_tiled,134,train,buoy,b6,False,,,prediction_jsonl,True
vision_only_tiled,134,train,buoy,b7,False,,,prediction_jsonl,True
vision_only_tiled,134,train,buoy,b8,False,,,prediction_jsonl,True
vision_only_tiled,135,train,boat,boat,True,0.6939822317113469,0.6496593356132507,prediction_jsonl,True
vision_only_tiled,135,train,buoy,b1,True,0.5618727387338853,0.22028958797454834,prediction_jsonl,True
vision_only_tiled,135,train,buoy,b2,False,,,prediction_jsonl,True
vision_only_tiled,135,train,buoy,b3,False,,,prediction_jsonl,True
vision_only_tiled,135,train,buoy,b4,False,,,prediction_jsonl,True
vision_only_tiled,135,train,buoy,b5,False,,,prediction_jsonl,True
vision_only_tiled,135,train,buoy,b6,False,,,prediction_jsonl,True
vision_only_tiled,135,train,buoy,b7,False,,,prediction_jsonl,True
vision_only_tiled,135,train,buoy,b8,False,,,prediction_jsonl,True
vision_only_tiled,136,train,boat,boat,True,0.6830215837881741,0.6427674889564514,prediction_jsonl,True
vision_only_tiled,136,train,buoy,b1,True,0.565103684288664,0.21170048415660858,prediction_jsonl,True
vision_only_tiled,136,train,buoy,b2,False,,,prediction_jsonl,True
vision_only_tiled,136,train,buoy,b3,False,,,prediction_jsonl,True
vision_only_tiled,136,train,buoy,b4,False,,,prediction_jsonl,True
vision_only_tiled,136,train,buoy,b5,False,,,prediction_jsonl,True
vision_only_tiled,136,train,buoy,b6,False,,,prediction_jsonl,True
vision_only_tiled,136,train,buoy,b7,False,,,prediction_jsonl,True
vision_only_tiled,136,train,buoy,b8,False,,,prediction_jsonl,True
vision_only_tiled,137,train,boat,boat,True,0.6750786168524444,0.6270310878753662,prediction_jsonl,True
vision_only_tiled,137,train,buoy,b1,True,0.54104298779246,0.20767298340797424,prediction_jsonl,True
vision_only_tiled,137,train,buoy,b2,False,,,prediction_jsonl,True
vision_only_tiled,137,train,buoy,b3,False,,,prediction_jsonl,True
vision_only_tiled,137,train,buoy,b4,False,,,prediction_jsonl,True
vision_only_tiled,137,train,buoy,b5,False,,,prediction_jsonl,True
vision_only_tiled,137,train,buoy,b6,False,,,prediction_jsonl,True
vision_only_tiled,137,train,buoy,b7,False,,,prediction_jsonl,True
vision_only_tiled,137,train,buoy,b8,False,,,prediction_jsonl,True
vision_only_tiled,138,train,boat,boat,True,0.680888519276641,0.6362408995628357,prediction_jsonl,True
vision_only_tiled,138,train,buoy,b1,False,,,prediction_jsonl,True
vision_only_tiled,138,train,buoy,b2,False,,,prediction_jsonl,True
vision_only_tiled,138,train,buoy,b3,False,,,prediction_jsonl,True
vision_only_tiled,138,train,buoy,b4,False,,,prediction_jsonl,True
vision_only_tiled,138,train,buoy,b5,False,,,prediction_jsonl,True
vision_only_tiled,138,train,buoy,b6,False,,,prediction_jsonl,True
vision_only_tiled,138,train,buoy,b7,False,,,prediction_jsonl,True
vision_only_tiled,138,train,buoy,b8,False,,,prediction_jsonl,True
vision_only_tiled,139,train,boat,boat,True,0.6953110324730051,0.6417778730392456,prediction_jsonl,True
vision_only_tiled,139,train,buoy,b1,True,0.6137371264738758,0.22081074118614197,prediction_jsonl,True
vision_only_tiled,139,train,buoy,b2,False,,,prediction_jsonl,True
vision_only_tiled,139,train,buoy,b3,False,,,prediction_jsonl,True
vision_only_tiled,139,train,buoy,b4,False,,,prediction_jsonl,True
vision_only_tiled,139,train,buoy,b5,False,,,prediction_jsonl,True
vision_only_tiled,139,train,buoy,b6,False,,,prediction_jsonl,True
vision_only_tiled,139,train,buoy,b7,False,,,prediction_jsonl,True
vision_only_tiled,139,train,buoy,b8,False,,,prediction_jsonl,True
vision_only_tiled,140,train,boat,boat,True,0.6748371153086252,0.6437845230102539,prediction_jsonl,True
vision_only_tiled,140,train,buoy,b1,True,0.5934746325808183,0.22478212416172028,prediction_jsonl,True
vision_only_tiled,140,train,buoy,b2,False,,,prediction_jsonl,True
vision_only_tiled,140,train,buoy,b3,False,,,prediction_jsonl,True
vision_only_tiled,140,train,buoy,b4,False,,,prediction_jsonl,True
vision_only_tiled,140,train,buoy,b5,False,,,prediction_jsonl,True
vision_only_tiled,140,train,buoy,b6,False,,,prediction_jsonl,True
vision_only_tiled,140,train,buoy,b7,False,,,prediction_jsonl,True
vision_only_tiled,140,train,buoy,b8,False,,,prediction_jsonl,True
vision_only_tiled,141,train,boat,boat,True,0.6919041676054788,0.6485875248908997,prediction_jsonl,True
vision_only_tiled,141,train,buoy,b1,True,0.6103234779019215,0.20324034988880157,prediction_jsonl,True
vision_only_tiled,141,train,buoy,b2,False,,,prediction_jsonl,True
vision_only_tiled,141,train,buoy,b3,False,,,prediction_jsonl,True
vision_only_tiled,141,train,buoy,b4,False,,,prediction_jsonl,True
vision_only_tiled,141,train,buoy,b5,False,,,prediction_jsonl,True
vision_only_tiled,141,train,buoy,b6,False,,,prediction_jsonl,True
vision_only_tiled,141,train,buoy,b7,False,,,prediction_jsonl,True
vision_only_tiled,141,train,buoy,b8,False,,,prediction_jsonl,True
vision_only_tiled,142,train,boat,boat,True,0.6879445550902944,0.6271960735321045,prediction_jsonl,True
vision_only_tiled,142,train,buoy,b1,True,0.6142735695176401,0.21831929683685303,prediction_jsonl,True
vision_only_tiled,142,train,buoy,b2,False,,,prediction_jsonl,True
vision_only_tiled,142,train,buoy,b3,False,,,prediction_jsonl,True
vision_only_tiled,142,train,buoy,b4,False,,,prediction_jsonl,True
vision_only_tiled,142,train,buoy,b5,False,,,prediction_jsonl,True
vision_only_tiled,142,train,buoy,b6,False,,,prediction_jsonl,True
vision_only_tiled,142,train,buoy,b7,False,,,prediction_jsonl,True
vision_only_tiled,142,train,buoy,b8,False,,,prediction_jsonl,True
vision_only_tiled,143,train,boat,boat,True,0.7054737097400727,0.6026223301887512,prediction_jsonl,True
vision_only_tiled,143,train,buoy,b1,True,0.6111912651750695,0.18123310804367065,prediction_jsonl,True
vision_only_tiled,143,train,buoy,b2,False,,,prediction_jsonl,True
vision_only_tiled,143,train,buoy,b3,False,,,prediction_jsonl,True
vision_only_tiled,143,train,buoy,b4,False,,,prediction_jsonl,True
vision_only_tiled,143,train,buoy,b5,False,,,prediction_jsonl,True
vision_only_tiled,143,train,buoy,b6,False,,,prediction_jsonl,True
vision_only_tiled,143,train,buoy,b7,False,,,prediction_jsonl,True
vision_only_tiled,143,train,buoy,b8,False,,,prediction_jsonl,True
vision_only_tiled,144,train,boat,boat,True,0.685931508244626,0.6285107135772705,prediction_jsonl,True
vision_only_tiled,144,train,buoy,b1,True,0.5737612851978566,0.22351211309432983,prediction_jsonl,True
vision_only_tiled,144,train,buoy,b2,False,,,prediction_jsonl,True
vision_only_tiled,144,train,buoy,b3,False,,,prediction_jsonl,True
vision_only_tiled,144,train,buoy,b4,False,,,prediction_jsonl,True
vision_only_tiled,144,train,buoy,b5,False,,,prediction_jsonl,True
vision_only_tiled,144,train,buoy,b6,False,,,prediction_jsonl,True
vision_only_tiled,144,train,buoy,b7,False,,,prediction_jsonl,True
vision_only_tiled,144,train,buoy,b8,False,,,prediction_jsonl,True
vision_only_tiled,145,train,boat,boat,True,0.6839157770702269,0.6186997890472412,prediction_jsonl,True
vision_only_tiled,145,train,buoy,b1,True,0.6145591355786939,0.18512338399887085,prediction_jsonl,True
vision_only_tiled,145,train,buoy,b2,False,,,prediction_jsonl,True
vision_only_tiled,145,train,buoy,b3,False,,,prediction_jsonl,True
vision_only_tiled,145,train,buoy,b4,False,,,prediction_jsonl,True
vision_only_tiled,145,train,buoy,b5,False,,,prediction_jsonl,True
vision_only_tiled,145,train,buoy,b6,False,,,prediction_jsonl,True
vision_only_tiled,145,train,buoy,b7,False,,,prediction_jsonl,True
vision_only_tiled,145,train,buoy,b8,False,,,prediction_jsonl,True
vision_only_tiled,146,train,boat,boat,True,0.7143946811297361,0.6295648813247681,prediction_jsonl,True
vision_only_tiled,146,train,buoy,b1,True,0.5878433551983643,0.18499189615249634,prediction_jsonl,True
vision_only_tiled,146,train,buoy,b2,False,,,prediction_jsonl,True
vision_only_tiled,146,train,buoy,b3,False,,,prediction_jsonl,True
vision_only_tiled,146,train,buoy,b4,False,,,prediction_jsonl,True
vision_only_tiled,146,train,buoy,b5,False,,,prediction_jsonl,True
vision_only_tiled,146,train,buoy,b6,False,,,prediction_jsonl,True
vision_only_tiled,146,train,buoy,b7,False,,,prediction_jsonl,True
vision_only_tiled,146,train,buoy,b8,False,,,prediction_jsonl,True
vision_only_tiled,147,train,boat,boat,True,0.6801109869561159,0.6461994051933289,prediction_jsonl,True
vision_only_tiled,147,train,buoy,b1,True,0.592721727925992,0.21555869281291962,prediction_jsonl,True
vision_only_tiled,147,train,buoy,b2,False,,,prediction_jsonl,True
vision_only_tiled,147,train,buoy,b3,False,,,prediction_jsonl,True
vision_only_tiled,147,train,buoy,b4,False,,,prediction_jsonl,True
vision_only_tiled,147,train,buoy,b5,False,,,prediction_jsonl,True
vision_only_tiled,147,train,buoy,b6,False,,,prediction_jsonl,True
vision_only_tiled,147,train,buoy,b7,False,,,prediction_jsonl,True
vision_only_tiled,147,train,buoy,b8,False,,,prediction_jsonl,True
vision_only_tiled,148,train,boat,boat,True,0.6911454574424297,0.6341513395309448,prediction_jsonl,True
vision_only_tiled,148,train,buoy,b1,True,0.5967979897387892,0.2015482634305954,prediction_jsonl,True
vision_only_tiled,148,train,buoy,b2,False,,,prediction_jsonl,True
vision_only_tiled,148,train,buoy,b3,False,,,prediction_jsonl,True
vision_only_tiled,148,train,buoy,b4,False,,,prediction_jsonl,True
vision_only_tiled,148,train,buoy,b5,False,,,prediction_jsonl,True
vision_only_tiled,148,train,buoy,b6,False,,,prediction_jsonl,True
vision_only_tiled,148,train,buoy,b7,False,,,prediction_jsonl,True
vision_only_tiled,148,train,buoy,b8,False,,,prediction_jsonl,True
vision_only_tiled,149,train,boat,boat,True,0.6653062941600991,0.6432569026947021,prediction_jsonl,True
vision_only_tiled,149,train,buoy,b1,True,0.5840486297713385,0.21019130945205688,prediction_jsonl,True
vision_only_tiled,149,train,buoy,b2,False,,,prediction_jsonl,True
vision_only_tiled,149,train,buoy,b3,False,,,prediction_jsonl,True
vision_only_tiled,149,train,buoy,b4,False,,,prediction_jsonl,True
vision_only_tiled,149,train,buoy,b5,False,,,prediction_jsonl,True
vision_only_tiled,149,train,buoy,b6,False,,,prediction_jsonl,True
vision_only_tiled,149,train,buoy,b7,False,,,prediction_jsonl,True
vision_only_tiled,149,train,buoy,b8,False,,,prediction_jsonl,True
vision_only_tiled,150,train,boat,boat,True,0.6991517258187376,0.6470515727996826,prediction_jsonl,True
vision_only_tiled,150,train,buoy,b1,True,0.5683594378745134,0.22384387254714966,prediction_jsonl,True
vision_only_tiled,150,train,buoy,b2,False,,,prediction_jsonl,True
vision_only_tiled,150,train,buoy,b3,False,,,prediction_jsonl,True
vision_only_tiled,150,train,buoy,b4,False,,,prediction_jsonl,True
vision_only_tiled,150,train,buoy,b5,False,,,prediction_jsonl,True
vision_only_tiled,150,train,buoy,b6,False,,,prediction_jsonl,True
vision_only_tiled,150,train,buoy,b7,False,,,prediction_jsonl,True
vision_only_tiled,150,train,buoy,b8,False,,,prediction_jsonl,True
vision_only_tiled,151,train,boat,boat,True,0.6647968239154793,0.6482003331184387,prediction_jsonl,True
vision_only_tiled,151,train,buoy,b1,True,0.5943562349737533,0.24217049777507782,prediction_jsonl,True
vision_only_tiled,151,train,buoy,b2,False,,,prediction_jsonl,True
vision_only_tiled,151,train,buoy,b3,False,,,prediction_jsonl,True
vision_only_tiled,151,train,buoy,b4,False,,,prediction_jsonl,True
vision_only_tiled,151,train,buoy,b5,False,,,prediction_jsonl,True
vision_only_tiled,151,train,buoy,b6,False,,,prediction_jsonl,True
vision_only_tiled,151,train,buoy,b7,False,,,prediction_jsonl,True
vision_only_tiled,151,train,buoy,b8,False,,,prediction_jsonl,True
vision_only_tiled,152,train,boat,boat,True,0.6881159146800623,0.6412693858146667,prediction_jsonl,True
vision_only_tiled,152,train,buoy,b1,True,0.604555575292083,0.21215176582336426,prediction_jsonl,True
vision_only_tiled,152,train,buoy,b2,False,,,prediction_jsonl,True
vision_only_tiled,152,train,buoy,b3,False,,,prediction_jsonl,True
vision_only_tiled,152,train,buoy,b4,False,,,prediction_jsonl,True
vision_only_tiled,152,train,buoy,b5,False,,,prediction_jsonl,True
vision_only_tiled,152,train,buoy,b6,False,,,prediction_jsonl,True
vision_only_tiled,152,train,buoy,b7,False,,,prediction_jsonl,True
vision_only_tiled,152,train,buoy,b8,False,,,prediction_jsonl,True
vision_only_tiled,153,train,boat,boat,True,0.683038268896538,0.6361167430877686,prediction_jsonl,True
vision_only_tiled,153,train,buoy,b1,True,0.6122402740714519,0.22442135214805603,prediction_jsonl,True
vision_only_tiled,153,train,buoy,b2,False,,,prediction_jsonl,True
vision_only_tiled,153,train,buoy,b3,False,,,prediction_jsonl,True
vision_only_tiled,153,train,buoy,b4,False,,,prediction_jsonl,True
vision_only_tiled,153,train,buoy,b5,False,,,prediction_jsonl,True
vision_only_tiled,153,train,buoy,b6,False,,,prediction_jsonl,True
vision_only_tiled,153,train,buoy,b7,False,,,prediction_jsonl,True
vision_only_tiled,153,train,buoy,b8,False,,,prediction_jsonl,True
vision_only_tiled,154,train,boat,boat,True,0.6717903113468187,0.6319398283958435,prediction_jsonl,True
vision_only_tiled,154,train,buoy,b1,True,0.6222369911619584,0.18477442860603333,prediction_jsonl,True
vision_only_tiled,154,train,buoy,b2,False,,,prediction_jsonl,True
vision_only_tiled,154,train,buoy,b3,False,,,prediction_jsonl,True
vision_only_tiled,154,train,buoy,b4,False,,,prediction_jsonl,True
vision_only_tiled,154,train,buoy,b5,False,,,prediction_jsonl,True
vision_only_tiled,154,train,buoy,b6,False,,,prediction_jsonl,True
vision_only_tiled,154,train,buoy,b7,False,,,prediction_jsonl,True
vision_only_tiled,154,train,buoy,b8,False,,,prediction_jsonl,True
vision_only_tiled,155,train,boat,boat,True,0.655592530257073,0.6527012586593628,prediction_jsonl,True
vision_only_tiled,155,train,buoy,b1,True,0.6306132682694983,0.23722724616527557,prediction_jsonl,True
vision_only_tiled,155,train,buoy,b2,False,,,prediction_jsonl,True
vision_only_tiled,155,train,buoy,b3,False,,,prediction_jsonl,True
vision_only_tiled,155,train,buoy,b4,False,,,prediction_jsonl,True
vision_only_tiled,155,train,buoy,b5,False,,,prediction_jsonl,True
vision_only_tiled,155,train,buoy,b6,False,,,prediction_jsonl,True
vision_only_tiled,155,train,buoy,b7,False,,,prediction_jsonl,True
vision_only_tiled,155,train,buoy,b8,False,,,prediction_jsonl,True
vision_only_tiled,156,train,boat,boat,True,0.6784774168248577,0.6498709321022034,prediction_jsonl,True
vision_only_tiled,156,train,buoy,b1,True,0.6234998146725338,0.20170022547245026,prediction_jsonl,True
vision_only_tiled,156,train,buoy,b2,False,,,prediction_jsonl,True
vision_only_tiled,156,train,buoy,b3,False,,,prediction_jsonl,True
vision_only_tiled,156,train,buoy,b4,False,,,prediction_jsonl,True
vision_only_tiled,156,train,buoy,b5,False,,,prediction_jsonl,True
vision_only_tiled,156,train,buoy,b6,False,,,prediction_jsonl,True
vision_only_tiled,156,train,buoy,b7,False,,,prediction_jsonl,True
vision_only_tiled,156,train,buoy,b8,False,,,prediction_jsonl,True
vision_only_tiled,157,train,boat,boat,True,0.6932293850727927,0.6298069357872009,prediction_jsonl,True
vision_only_tiled,157,train,buoy,b1,True,0.6521797019877501,0.2009463757276535,prediction_jsonl,True
vision_only_tiled,157,train,buoy,b2,False,,,prediction_jsonl,True
vision_only_tiled,157,train,buoy,b3,False,,,prediction_jsonl,True
vision_only_tiled,157,train,buoy,b4,False,,,prediction_jsonl,True
vision_only_tiled,157,train,buoy,b5,False,,,prediction_jsonl,True
vision_only_tiled,157,train,buoy,b6,False,,,prediction_jsonl,True
vision_only_tiled,157,train,buoy,b7,False,,,prediction_jsonl,True
vision_only_tiled,157,train,buoy,b8,False,,,prediction_jsonl,True
vision_only_tiled,158,train,boat,boat,True,0.68519777499581,0.6263938546180725,prediction_jsonl,True
vision_only_tiled,158,train,buoy,b1,True,0.631365199248499,0.18958665430545807,prediction_jsonl,True
vision_only_tiled,158,train,buoy,b2,False,,,prediction_jsonl,True
vision_only_tiled,158,train,buoy,b3,False,,,prediction_jsonl,True
vision_only_tiled,158,train,buoy,b4,False,,,prediction_jsonl,True
vision_only_tiled,158,train,buoy,b5,False,,,prediction_jsonl,True
vision_only_tiled,158,train,buoy,b6,False,,,prediction_jsonl,True
vision_only_tiled,158,train,buoy,b7,False,,,prediction_jsonl,True
vision_only_tiled,158,train,buoy,b8,False,,,prediction_jsonl,True
vision_only_tiled,159,train,boat,boat,True,0.6992885137959489,0.642605721950531,prediction_jsonl,True
vision_only_tiled,159,train,buoy,b1,True,0.5982298547498389,0.2147156298160553,prediction_jsonl,True
vision_only_tiled,159,train,buoy,b2,False,,,prediction_jsonl,True
vision_only_tiled,159,train,buoy,b3,False,,,prediction_jsonl,True
vision_only_tiled,159,train,buoy,b4,False,,,prediction_jsonl,True
vision_only_tiled,159,train,buoy,b5,False,,,prediction_jsonl,True
vision_only_tiled,159,train,buoy,b6,False,,,prediction_jsonl,True
vision_only_tiled,159,train,buoy,b7,False,,,prediction_jsonl,True
vision_only_tiled,159,train,buoy,b8,False,,,prediction_jsonl,True
vision_only_tiled,160,train,boat,boat,True,0.6993934557181469,0.6316248178482056,prediction_jsonl,True
vision_only_tiled,160,train,buoy,b1,True,0.6020581539227425,0.2293371558189392,prediction_jsonl,True
vision_only_tiled,160,train,buoy,b2,False,,,prediction_jsonl,True
vision_only_tiled,160,train,buoy,b3,False,,,prediction_jsonl,True
vision_only_tiled,160,train,buoy,b4,False,,,prediction_jsonl,True
vision_only_tiled,160,train,buoy,b5,False,,,prediction_jsonl,True
vision_only_tiled,160,train,buoy,b6,False,,,prediction_jsonl,True
vision_only_tiled,160,train,buoy,b7,False,,,prediction_jsonl,True
vision_only_tiled,160,train,buoy,b8,False,,,prediction_jsonl,True
vision_only_tiled,161,train,boat,boat,True,0.7004238644547983,0.6322957277297974,prediction_jsonl,True
vision_only_tiled,161,train,buoy,b1,True,0.6176751347616026,0.1913163810968399,prediction_jsonl,True
vision_only_tiled,161,train,buoy,b2,False,,,prediction_jsonl,True
vision_only_tiled,161,train,buoy,b3,False,,,prediction_jsonl,True
vision_only_tiled,161,train,buoy,b4,False,,,prediction_jsonl,True
vision_only_tiled,161,train,buoy,b5,False,,,prediction_jsonl,True
vision_only_tiled,161,train,buoy,b6,False,,,prediction_jsonl,True
vision_only_tiled,161,train,buoy,b7,False,,,prediction_jsonl,True
vision_only_tiled,161,train,buoy,b8,False,,,prediction_jsonl,True
vision_only_tiled,162,train,boat,boat,True,0.7024161183816988,0.6335526704788208,prediction_jsonl,True
vision_only_tiled,162,train,buoy,b1,True,0.6091683792663067,0.1887187957763672,prediction_jsonl,True
vision_only_tiled,162,train,buoy,b2,False,,,prediction_jsonl,True
vision_only_tiled,162,train,buoy,b3,False,,,prediction_jsonl,True
vision_only_tiled,162,train,buoy,b4,False,,,prediction_jsonl,True
vision_only_tiled,162,train,buoy,b5,False,,,prediction_jsonl,True
vision_only_tiled,162,train,buoy,b6,False,,,prediction_jsonl,True
vision_only_tiled,162,train,buoy,b7,False,,,prediction_jsonl,True
vision_only_tiled,162,train,buoy,b8,False,,,prediction_jsonl,True
vision_only_tiled,163,train,boat,boat,True,0.7032914906511136,0.6456437706947327,prediction_jsonl,True
vision_only_tiled,163,train,buoy,b1,True,0.6240374129788334,0.22672687470912933,prediction_jsonl,True
vision_only_tiled,163,train,buoy,b2,False,,,prediction_jsonl,True
vision_only_tiled,163,train,buoy,b3,False,,,prediction_jsonl,True
vision_only_tiled,163,train,buoy,b4,False,,,prediction_jsonl,True
vision_only_tiled,163,train,buoy,b5,False,,,prediction_jsonl,True
vision_only_tiled,163,train,buoy,b6,False,,,prediction_jsonl,True
vision_only_tiled,163,train,buoy,b7,False,,,prediction_jsonl,True
vision_only_tiled,163,train,buoy,b8,False,,,prediction_jsonl,True
vision_only_tiled,164,train,boat,boat,True,0.6780286155649017,0.6382286548614502,prediction_jsonl,True
vision_only_tiled,164,train,buoy,b1,True,0.5940604813477948,0.20793306827545166,prediction_jsonl,True
vision_only_tiled,164,train,buoy,b2,False,,,prediction_jsonl,True
vision_only_tiled,164,train,buoy,b3,False,,,prediction_jsonl,True
vision_only_tiled,164,train,buoy,b4,False,,,prediction_jsonl,True
vision_only_tiled,164,train,buoy,b5,False,,,prediction_jsonl,True
vision_only_tiled,164,train,buoy,b6,False,,,prediction_jsonl,True
vision_only_tiled,164,train,buoy,b7,False,,,prediction_jsonl,True
vision_only_tiled,164,train,buoy,b8,False,,,prediction_jsonl,True
vision_only_tiled,165,train,boat,boat,True,0.6883023209708492,0.6318438649177551,prediction_jsonl,True
vision_only_tiled,165,train,buoy,b1,True,0.6055541553975378,0.22037658095359802,prediction_jsonl,True
vision_only_tiled,165,train,buoy,b2,False,,,prediction_jsonl,True
vision_only_tiled,165,train,buoy,b3,False,,,prediction_jsonl,True
vision_only_tiled,165,train,buoy,b4,False,,,prediction_jsonl,True
vision_only_tiled,165,train,buoy,b5,False,,,prediction_jsonl,True
vision_only_tiled,165,train,buoy,b6,False,,,prediction_jsonl,True
vision_only_tiled,165,train,buoy,b7,False,,,prediction_jsonl,True
vision_only_tiled,165,train,buoy,b8,False,,,prediction_jsonl,True
vision_only_tiled,166,train,boat,boat,True,0.6866367179092809,0.6414209008216858,prediction_jsonl,True
vision_only_tiled,166,train,buoy,b1,True,0.5985424913806178,0.2157164067029953,prediction_jsonl,True
vision_only_tiled,166,train,buoy,b2,False,,,prediction_jsonl,True
vision_only_tiled,166,train,buoy,b3,False,,,prediction_jsonl,True
vision_only_tiled,166,train,buoy,b4,False,,,prediction_jsonl,True
vision_only_tiled,166,train,buoy,b5,False,,,prediction_jsonl,True
vision_only_tiled,166,train,buoy,b6,False,,,prediction_jsonl,True
vision_only_tiled,166,train,buoy,b7,False,,,prediction_jsonl,True
vision_only_tiled,166,train,buoy,b8,False,,,prediction_jsonl,True
vision_only_tiled,167,train,boat,boat,True,0.681920145429983,0.6422868967056274,prediction_jsonl,True
vision_only_tiled,167,train,buoy,b1,True,0.5738683454726354,0.25502046942710876,prediction_jsonl,True
vision_only_tiled,167,train,buoy,b2,False,,,prediction_jsonl,True
vision_only_tiled,167,train,buoy,b3,False,,,prediction_jsonl,True
vision_only_tiled,167,train,buoy,b4,False,,,prediction_jsonl,True
vision_only_tiled,167,train,buoy,b5,False,,,prediction_jsonl,True
vision_only_tiled,167,train,buoy,b6,False,,,prediction_jsonl,True
vision_only_tiled,167,train,buoy,b7,False,,,prediction_jsonl,True
vision_only_tiled,167,train,buoy,b8,False,,,prediction_jsonl,True
vision_only_tiled,168,train,boat,boat,True,0.6859267929677428,0.6449650526046753,prediction_jsonl,True
vision_only_tiled,168,train,buoy,b1,True,0.594667768714484,0.22255705296993256,prediction_jsonl,True
vision_only_tiled,168,train,buoy,b2,False,,,prediction_jsonl,True
vision_only_tiled,168,train,buoy,b3,False,,,prediction_jsonl,True
vision_only_tiled,168,train,buoy,b4,False,,,prediction_jsonl,True
vision_only_tiled,168,train,buoy,b5,False,,,prediction_jsonl,True
vision_only_tiled,168,train,buoy,b6,False,,,prediction_jsonl,True
vision_only_tiled,168,train,buoy,b7,False,,,prediction_jsonl,True
vision_only_tiled,168,train,buoy,b8,False,,,prediction_jsonl,True
vision_only_tiled,169,train,boat,boat,True,0.6920934707391473,0.6498276591300964,prediction_jsonl,True
vision_only_tiled,169,train,buoy,b1,True,0.6247251735911826,0.22961674630641937,prediction_jsonl,True
vision_only_tiled,169,train,buoy,b2,False,,,prediction_jsonl,True
vision_only_tiled,169,train,buoy,b3,False,,,prediction_jsonl,True
vision_only_tiled,169,train,buoy,b4,False,,,prediction_jsonl,True
vision_only_tiled,169,train,buoy,b5,False,,,prediction_jsonl,True
vision_only_tiled,169,train,buoy,b6,False,,,prediction_jsonl,True
vision_only_tiled,169,train,buoy,b7,False,,,prediction_jsonl,True
vision_only_tiled,169,train,buoy,b8,False,,,prediction_jsonl,True
vision_only_tiled,170,train,boat,boat,True,0.6972812359860536,0.6368966698646545,prediction_jsonl,True
vision_only_tiled,170,train,buoy,b1,True,0.6055216884242923,0.1982998251914978,prediction_jsonl,True
vision_only_tiled,170,train,buoy,b2,False,,,prediction_jsonl,True
vision_only_tiled,170,train,buoy,b3,False,,,prediction_jsonl,True
vision_only_tiled,170,train,buoy,b4,False,,,prediction_jsonl,True
vision_only_tiled,170,train,buoy,b5,False,,,prediction_jsonl,True
vision_only_tiled,170,train,buoy,b6,False,,,prediction_jsonl,True
vision_only_tiled,170,train,buoy,b7,False,,,prediction_jsonl,True
vision_only_tiled,170,train,buoy,b8,False,,,prediction_jsonl,True
vision_only_tiled,171,train,boat,boat,True,0.6925711321045662,0.639757513999939,prediction_jsonl,True
vision_only_tiled,171,train,buoy,b1,True,0.5873479095813118,0.18354426324367523,prediction_jsonl,True
vision_only_tiled,171,train,buoy,b2,False,,,prediction_jsonl,True
vision_only_tiled,171,train,buoy,b3,False,,,prediction_jsonl,True
vision_only_tiled,171,train,buoy,b4,False,,,prediction_jsonl,True
vision_only_tiled,171,train,buoy,b5,False,,,prediction_jsonl,True
vision_only_tiled,171,train,buoy,b6,False,,,prediction_jsonl,True
vision_only_tiled,171,train,buoy,b7,False,,,prediction_jsonl,True
vision_only_tiled,171,train,buoy,b8,False,,,prediction_jsonl,True
vision_only_tiled,172,train,boat,boat,True,0.689568833039907,0.6160666346549988,prediction_jsonl,True
vision_only_tiled,172,train,buoy,b1,False,,,prediction_jsonl,True
vision_only_tiled,172,train,buoy,b2,False,,,prediction_jsonl,True
vision_only_tiled,172,train,buoy,b3,False,,,prediction_jsonl,True
vision_only_tiled,172,train,buoy,b4,False,,,prediction_jsonl,True
vision_only_tiled,172,train,buoy,b5,False,,,prediction_jsonl,True
vision_only_tiled,172,train,buoy,b6,False,,,prediction_jsonl,True
vision_only_tiled,172,train,buoy,b7,False,,,prediction_jsonl,True
vision_only_tiled,172,train,buoy,b8,False,,,prediction_jsonl,True
vision_only_tiled,173,train,boat,boat,True,0.6767268370686287,0.618992805480957,prediction_jsonl,True
vision_only_tiled,173,train,buoy,b1,False,,,prediction_jsonl,True
vision_only_tiled,173,train,buoy,b2,False,,,prediction_jsonl,True
vision_only_tiled,173,train,buoy,b3,False,,,prediction_jsonl,True
vision_only_tiled,173,train,buoy,b4,False,,,prediction_jsonl,True
vision_only_tiled,173,train,buoy,b5,False,,,prediction_jsonl,True
vision_only_tiled,173,train,buoy,b6,False,,,prediction_jsonl,True
vision_only_tiled,173,train,buoy,b7,False,,,prediction_jsonl,True
vision_only_tiled,173,train,buoy,b8,False,,,prediction_jsonl,True
vision_only_tiled,174,train,boat,boat,True,0.7013764940416015,0.6156301498413086,prediction_jsonl,True
vision_only_tiled,174,train,buoy,b1,False,,,prediction_jsonl,True
vision_only_tiled,174,train,buoy,b2,False,,,prediction_jsonl,True
vision_only_tiled,174,train,buoy,b3,False,,,prediction_jsonl,True
vision_only_tiled,174,train,buoy,b4,False,,,prediction_jsonl,True
vision_only_tiled,174,train,buoy,b5,False,,,prediction_jsonl,True
vision_only_tiled,174,train,buoy,b6,False,,,prediction_jsonl,True
vision_only_tiled,174,train,buoy,b7,False,,,prediction_jsonl,True
vision_only_tiled,174,train,buoy,b8,False,,,prediction_jsonl,True
vision_only_tiled,175,train,boat,boat,True,0.6924350461428368,0.6324756145477295,prediction_jsonl,True
vision_only_tiled,175,train,buoy,b1,True,0.6104631390274358,0.19819235801696777,prediction_jsonl,True
vision_only_tiled,175,train,buoy,b2,False,,,prediction_jsonl,True
vision_only_tiled,175,train,buoy,b3,False,,,prediction_jsonl,True
vision_only_tiled,175,train,buoy,b4,False,,,prediction_jsonl,True
vision_only_tiled,175,train,buoy,b5,False,,,prediction_jsonl,True
vision_only_tiled,175,train,buoy,b6,False,,,prediction_jsonl,True
vision_only_tiled,175,train,buoy,b7,False,,,prediction_jsonl,True
vision_only_tiled,175,train,buoy,b8,False,,,prediction_jsonl,True
vision_only_tiled,176,train,boat,boat,True,0.7005197123144584,0.6298790574073792,prediction_jsonl,True
vision_only_tiled,176,train,buoy,b1,True,0.5985795925665081,0.1999541074037552,prediction_jsonl,True
vision_only_tiled,176,train,buoy,b2,False,,,prediction_jsonl,True
vision_only_tiled,176,train,buoy,b3,False,,,prediction_jsonl,True
vision_only_tiled,176,train,buoy,b4,False,,,prediction_jsonl,True
vision_only_tiled,176,train,buoy,b5,False,,,prediction_jsonl,True
vision_only_tiled,176,train,buoy,b6,False,,,prediction_jsonl,True
vision_only_tiled,176,train,buoy,b7,False,,,prediction_jsonl,True
vision_only_tiled,176,train,buoy,b8,False,,,prediction_jsonl,True
vision_only_tiled,177,train,boat,boat,True,0.6918261761194373,0.6358864903450012,prediction_jsonl,True
vision_only_tiled,177,train,buoy,b1,False,,,prediction_jsonl,True
vision_only_tiled,177,train,buoy,b2,False,,,prediction_jsonl,True
vision_only_tiled,177,train,buoy,b3,False,,,prediction_jsonl,True
vision_only_tiled,177,train,buoy,b4,False,,,prediction_jsonl,True
vision_only_tiled,177,train,buoy,b5,False,,,prediction_jsonl,True
vision_only_tiled,177,train,buoy,b6,False,,,prediction_jsonl,True
vision_only_tiled,177,train,buoy,b7,False,,,prediction_jsonl,True
vision_only_tiled,177,train,buoy,b8,False,,,prediction_jsonl,True
vision_only_tiled,178,train,boat,boat,True,0.7120665700195237,0.6453890204429626,prediction_jsonl,True
vision_only_tiled,178,train,buoy,b1,True,0.6170448204214605,0.18234743177890778,prediction_jsonl,True
vision_only_tiled,178,train,buoy,b2,False,,,prediction_jsonl,True
vision_only_tiled,178,train,buoy,b3,False,,,prediction_jsonl,True
vision_only_tiled,178,train,buoy,b4,False,,,prediction_jsonl,True
vision_only_tiled,178,train,buoy,b5,False,,,prediction_jsonl,True
vision_only_tiled,178,train,buoy,b6,False,,,prediction_jsonl,True
vision_only_tiled,178,train,buoy,b7,False,,,prediction_jsonl,True
vision_only_tiled,178,train,buoy,b8,False,,,prediction_jsonl,True
vision_only_tiled,179,train,boat,boat,True,0.6929312494487998,0.6388394832611084,prediction_jsonl,True
vision_only_tiled,179,train,buoy,b1,False,,,prediction_jsonl,True
vision_only_tiled,179,train,buoy,b2,False,,,prediction_jsonl,True
vision_only_tiled,179,train,buoy,b3,False,,,prediction_jsonl,True
vision_only_tiled,179,train,buoy,b4,False,,,prediction_jsonl,True
vision_only_tiled,179,train,buoy,b5,False,,,prediction_jsonl,True
vision_only_tiled,179,train,buoy,b6,False,,,prediction_jsonl,True
vision_only_tiled,179,train,buoy,b7,False,,,prediction_jsonl,True
vision_only_tiled,179,train,buoy,b8,False,,,prediction_jsonl,True
vision_only_tiled,180,train,boat,boat,True,0.7014228441835936,0.6481789946556091,prediction_jsonl,True
vision_only_tiled,180,train,buoy,b1,True,0.6100031863660387,0.2301144301891327,prediction_jsonl,True
vision_only_tiled,180,train,buoy,b2,False,,,prediction_jsonl,True
vision_only_tiled,180,train,buoy,b3,False,,,prediction_jsonl,True
vision_only_tiled,180,train,buoy,b4,False,,,prediction_jsonl,True
vision_only_tiled,180,train,buoy,b5,False,,,prediction_jsonl,True
vision_only_tiled,180,train,buoy,b6,False,,,prediction_jsonl,True
vision_only_tiled,180,train,buoy,b7,False,,,prediction_jsonl,True
vision_only_tiled,180,train,buoy,b8,False,,,prediction_jsonl,True
vision_only_tiled,181,train,boat,boat,True,0.6909920981750001,0.6464408040046692,prediction_jsonl,True
vision_only_tiled,181,train,buoy,b1,True,0.6171212917696406,0.18548962473869324,prediction_jsonl,True
vision_only_tiled,181,train,buoy,b2,False,,,prediction_jsonl,True
vision_only_tiled,181,train,buoy,b3,False,,,prediction_jsonl,True
vision_only_tiled,181,train,buoy,b4,False,,,prediction_jsonl,True
vision_only_tiled,181,train,buoy,b5,False,,,prediction_jsonl,True
vision_only_tiled,181,train,buoy,b6,False,,,prediction_jsonl,True
vision_only_tiled,181,train,buoy,b7,False,,,prediction_jsonl,True
vision_only_tiled,181,train,buoy,b8,False,,,prediction_jsonl,True
vision_only_tiled,182,train,boat,boat,True,0.6980415890595008,0.6490398645401001,prediction_jsonl,True
vision_only_tiled,182,train,buoy,b1,True,0.6300967246884912,0.18808917701244354,prediction_jsonl,True
vision_only_tiled,182,train,buoy,b2,False,,,prediction_jsonl,True
vision_only_tiled,182,train,buoy,b3,False,,,prediction_jsonl,True
vision_only_tiled,182,train,buoy,b4,False,,,prediction_jsonl,True
vision_only_tiled,182,train,buoy,b5,False,,,prediction_jsonl,True
vision_only_tiled,182,train,buoy,b6,False,,,prediction_jsonl,True
vision_only_tiled,182,train,buoy,b7,False,,,prediction_jsonl,True
vision_only_tiled,182,train,buoy,b8,False,,,prediction_jsonl,True
vision_only_tiled,183,train,boat,boat,True,0.6937655650964453,0.6207709312438965,prediction_jsonl,True
vision_only_tiled,183,train,buoy,b1,False,,,prediction_jsonl,True
vision_only_tiled,183,train,buoy,b2,False,,,prediction_jsonl,True
vision_only_tiled,183,train,buoy,b3,False,,,prediction_jsonl,True
vision_only_tiled,183,train,buoy,b4,False,,,prediction_jsonl,True
vision_only_tiled,183,train,buoy,b5,False,,,prediction_jsonl,True
vision_only_tiled,183,train,buoy,b6,False,,,prediction_jsonl,True
vision_only_tiled,183,train,buoy,b7,False,,,prediction_jsonl,True
vision_only_tiled,183,train,buoy,b8,False,,,prediction_jsonl,True
vision_only_tiled,184,train,boat,boat,True,0.6822311716405145,0.6325066685676575,prediction_jsonl,True
vision_only_tiled,184,train,buoy,b1,True,0.5822886494007519,0.19995950162410736,prediction_jsonl,True
vision_only_tiled,184,train,buoy,b2,False,,,prediction_jsonl,True
vision_only_tiled,184,train,buoy,b3,False,,,prediction_jsonl,True
vision_only_tiled,184,train,buoy,b4,False,,,prediction_jsonl,True
vision_only_tiled,184,train,buoy,b5,False,,,prediction_jsonl,True
vision_only_tiled,184,train,buoy,b6,False,,,prediction_jsonl,True
vision_only_tiled,184,train,buoy,b7,False,,,prediction_jsonl,True
vision_only_tiled,184,train,buoy,b8,False,,,prediction_jsonl,True
vision_only_tiled,185,train,boat,boat,True,0.6975804467217066,0.6367969512939453,prediction_jsonl,True
vision_only_tiled,185,train,buoy,b1,True,0.608972814963513,0.207159623503685,prediction_jsonl,True
vision_only_tiled,185,train,buoy,b2,False,,,prediction_jsonl,True
vision_only_tiled,185,train,buoy,b3,False,,,prediction_jsonl,True
vision_only_tiled,185,train,buoy,b4,False,,,prediction_jsonl,True
vision_only_tiled,185,train,buoy,b5,False,,,prediction_jsonl,True
vision_only_tiled,185,train,buoy,b6,False,,,prediction_jsonl,True
vision_only_tiled,185,train,buoy,b7,False,,,prediction_jsonl,True
vision_only_tiled,185,train,buoy,b8,False,,,prediction_jsonl,True
vision_only_tiled,186,train,boat,boat,True,0.6971640676122987,0.627248227596283,prediction_jsonl,True
vision_only_tiled,186,train,buoy,b1,False,,,prediction_jsonl,True
vision_only_tiled,186,train,buoy,b2,False,,,prediction_jsonl,True
vision_only_tiled,186,train,buoy,b3,False,,,prediction_jsonl,True
vision_only_tiled,186,train,buoy,b4,False,,,prediction_jsonl,True
vision_only_tiled,186,train,buoy,b5,False,,,prediction_jsonl,True
vision_only_tiled,186,train,buoy,b6,False,,,prediction_jsonl,True
vision_only_tiled,186,train,buoy,b7,False,,,prediction_jsonl,True
vision_only_tiled,186,train,buoy,b8,False,,,prediction_jsonl,True
vision_only_tiled,187,train,boat,boat,True,0.6748283174337845,0.6322124600410461,prediction_jsonl,True
vision_only_tiled,187,train,buoy,b1,True,0.6165023749477805,0.1971013844013214,prediction_jsonl,True
vision_only_tiled,187,train,buoy,b2,False,,,prediction_jsonl,True
vision_only_tiled,187,train,buoy,b3,False,,,prediction_jsonl,True
vision_only_tiled,187,train,buoy,b4,False,,,prediction_jsonl,True
vision_only_tiled,187,train,buoy,b5,False,,,prediction_jsonl,True
vision_only_tiled,187,train,buoy,b6,False,,,prediction_jsonl,True
vision_only_tiled,187,train,buoy,b7,False,,,prediction_jsonl,True
vision_only_tiled,187,train,buoy,b8,False,,,prediction_jsonl,True
vision_only_tiled,188,train,boat,boat,True,0.6929557454663533,0.6265716552734375,prediction_jsonl,True
vision_only_tiled,188,train,buoy,b1,True,0.5917179742850125,0.2449507862329483,prediction_jsonl,True
vision_only_tiled,188,train,buoy,b2,False,,,prediction_jsonl,True
vision_only_tiled,188,train,buoy,b3,False,,,prediction_jsonl,True
vision_only_tiled,188,train,buoy,b4,False,,,prediction_jsonl,True
vision_only_tiled,188,train,buoy,b5,False,,,prediction_jsonl,True
vision_only_tiled,188,train,buoy,b6,False,,,prediction_jsonl,True
vision_only_tiled,188,train,buoy,b7,False,,,prediction_jsonl,True
vision_only_tiled,188,train,buoy,b8,False,,,prediction_jsonl,True
vision_only_tiled,189,train,boat,boat,True,0.6675466956946108,0.6406146883964539,prediction_jsonl,True
vision_only_tiled,189,train,buoy,b1,True,0.5825642106666473,0.18856753408908844,prediction_jsonl,True
vision_only_tiled,189,train,buoy,b2,False,,,prediction_jsonl,True
vision_only_tiled,189,train,buoy,b3,False,,,prediction_jsonl,True
vision_only_tiled,189,train,buoy,b4,False,,,prediction_jsonl,True
vision_only_tiled,189,train,buoy,b5,False,,,prediction_jsonl,True
vision_only_tiled,189,train,buoy,b6,False,,,prediction_jsonl,True
vision_only_tiled,189,train,buoy,b7,False,,,prediction_jsonl,True
vision_only_tiled,189,train,buoy,b8,False,,,prediction_jsonl,True
vision_only_tiled,190,train,boat,boat,True,0.650878439714501,0.6383846998214722,prediction_jsonl,True
vision_only_tiled,190,train,buoy,b1,True,0.5739687270505189,0.1867489516735077,prediction_jsonl,True
vision_only_tiled,190,train,buoy,b2,False,,,prediction_jsonl,True
vision_only_tiled,190,train,buoy,b3,False,,,prediction_jsonl,True
vision_only_tiled,190,train,buoy,b4,False,,,prediction_jsonl,True
vision_only_tiled,190,train,buoy,b5,False,,,prediction_jsonl,True
vision_only_tiled,190,train,buoy,b6,False,,,prediction_jsonl,True
vision_only_tiled,190,train,buoy,b7,False,,,prediction_jsonl,True
vision_only_tiled,190,train,buoy,b8,False,,,prediction_jsonl,True
vision_only_tiled,191,train,boat,boat,True,0.6692024986931168,0.6322475671768188,prediction_jsonl,True
vision_only_tiled,191,train,buoy,b1,False,,,prediction_jsonl,True
vision_only_tiled,191,train,buoy,b2,False,,,prediction_jsonl,True
vision_only_tiled,191,train,buoy,b3,False,,,prediction_jsonl,True
vision_only_tiled,191,train,buoy,b4,False,,,prediction_jsonl,True
vision_only_tiled,191,train,buoy,b5,False,,,prediction_jsonl,True
vision_only_tiled,191,train,buoy,b6,False,,,prediction_jsonl,True
vision_only_tiled,191,train,buoy,b7,False,,,prediction_jsonl,True
vision_only_tiled,191,train,buoy,b8,False,,,prediction_jsonl,True
vision_only_tiled,192,train,boat,boat,True,0.675324439667507,0.6319159865379333,prediction_jsonl,True
vision_only_tiled,192,train,buoy,b1,True,0.6070351849370682,0.1806107610464096,prediction_jsonl,True
vision_only_tiled,192,train,buoy,b2,False,,,prediction_jsonl,True
vision_only_tiled,192,train,buoy,b3,False,,,prediction_jsonl,True
vision_only_tiled,192,train,buoy,b4,False,,,prediction_jsonl,True
vision_only_tiled,192,train,buoy,b5,False,,,prediction_jsonl,True
vision_only_tiled,192,train,buoy,b6,False,,,prediction_jsonl,True
vision_only_tiled,192,train,buoy,b7,False,,,prediction_jsonl,True
vision_only_tiled,192,train,buoy,b8,False,,,prediction_jsonl,True
vision_only_tiled,193,train,boat,boat,True,0.6636490241481809,0.6360388994216919,prediction_jsonl,True
vision_only_tiled,193,train,buoy,b1,False,,,prediction_jsonl,True
vision_only_tiled,193,train,buoy,b2,False,,,prediction_jsonl,True
vision_only_tiled,193,train,buoy,b3,False,,,prediction_jsonl,True
vision_only_tiled,193,train,buoy,b4,False,,,prediction_jsonl,True
vision_only_tiled,193,train,buoy,b5,False,,,prediction_jsonl,True
vision_only_tiled,193,train,buoy,b6,False,,,prediction_jsonl,True
vision_only_tiled,193,train,buoy,b7,False,,,prediction_jsonl,True
vision_only_tiled,193,train,buoy,b8,False,,,prediction_jsonl,True
vision_only_tiled,194,train,boat,boat,True,0.6831570503416105,0.613706111907959,prediction_jsonl,True
vision_only_tiled,194,train,buoy,b1,False,,,prediction_jsonl,True
vision_only_tiled,194,train,buoy,b2,False,,,prediction_jsonl,True
vision_only_tiled,194,train,buoy,b3,False,,,prediction_jsonl,True
vision_only_tiled,194,train,buoy,b4,False,,,prediction_jsonl,True
vision_only_tiled,194,train,buoy,b5,False,,,prediction_jsonl,True
vision_only_tiled,194,train,buoy,b6,False,,,prediction_jsonl,True
vision_only_tiled,194,train,buoy,b7,False,,,prediction_jsonl,True
vision_only_tiled,194,train,buoy,b8,False,,,prediction_jsonl,True
vision_only_tiled,195,train,boat,boat,True,0.6538513092157526,0.6211267113685608,prediction_jsonl,True
vision_only_tiled,195,train,buoy,b1,False,,,prediction_jsonl,True
vision_only_tiled,195,train,buoy,b2,False,,,prediction_jsonl,True
vision_only_tiled,195,train,buoy,b3,False,,,prediction_jsonl,True
vision_only_tiled,195,train,buoy,b4,False,,,prediction_jsonl,True
vision_only_tiled,195,train,buoy,b5,False,,,prediction_jsonl,True
vision_only_tiled,195,train,buoy,b6,False,,,prediction_jsonl,True
vision_only_tiled,195,train,buoy,b7,False,,,prediction_jsonl,True
vision_only_tiled,195,train,buoy,b8,False,,,prediction_jsonl,True
vision_only_tiled,196,train,boat,boat,True,0.646783563465731,0.6467134356498718,prediction_jsonl,True
vision_only_tiled,196,train,buoy,b1,False,,,prediction_jsonl,True
vision_only_tiled,196,train,buoy,b2,False,,,prediction_jsonl,True
vision_only_tiled,196,train,buoy,b3,False,,,prediction_jsonl,True
vision_only_tiled,196,train,buoy,b4,False,,,prediction_jsonl,True
vision_only_tiled,196,train,buoy,b5,False,,,prediction_jsonl,True
vision_only_tiled,196,train,buoy,b6,False,,,prediction_jsonl,True
vision_only_tiled,196,train,buoy,b7,False,,,prediction_jsonl,True
vision_only_tiled,196,train,buoy,b8,False,,,prediction_jsonl,True
vision_only_tiled,197,train,boat,boat,True,0.645589056688841,0.6406359076499939,prediction_jsonl,True
vision_only_tiled,197,train,buoy,b1,False,,,prediction_jsonl,True
vision_only_tiled,197,train,buoy,b2,False,,,prediction_jsonl,True
vision_only_tiled,197,train,buoy,b3,False,,,prediction_jsonl,True
vision_only_tiled,197,train,buoy,b4,False,,,prediction_jsonl,True
vision_only_tiled,197,train,buoy,b5,False,,,prediction_jsonl,True
vision_only_tiled,197,train,buoy,b6,False,,,prediction_jsonl,True
vision_only_tiled,197,train,buoy,b7,False,,,prediction_jsonl,True
vision_only_tiled,197,train,buoy,b8,False,,,prediction_jsonl,True
vision_only_tiled,198,train,boat,boat,True,0.6474510106151128,0.6321174502372742,prediction_jsonl,True
vision_only_tiled,198,train,buoy,b1,False,,,prediction_jsonl,True
vision_only_tiled,198,train,buoy,b2,False,,,prediction_jsonl,True
vision_only_tiled,198,train,buoy,b3,False,,,prediction_jsonl,True
vision_only_tiled,198,train,buoy,b4,False,,,prediction_jsonl,True
vision_only_tiled,198,train,buoy,b5,False,,,prediction_jsonl,True
vision_only_tiled,198,train,buoy,b6,False,,,prediction_jsonl,True
vision_only_tiled,198,train,buoy,b7,False,,,prediction_jsonl,True
vision_only_tiled,198,train,buoy,b8,False,,,prediction_jsonl,True
vision_only_tiled,199,train,boat,boat,True,0.6595773536201348,0.6450217962265015,prediction_jsonl,True
vision_only_tiled,199,train,buoy,b1,False,,,prediction_jsonl,True
vision_only_tiled,199,train,buoy,b2,False,,,prediction_jsonl,True
vision_only_tiled,199,train,buoy,b3,False,,,prediction_jsonl,True
vision_only_tiled,199,train,buoy,b4,False,,,prediction_jsonl,True
vision_only_tiled,199,train,buoy,b5,False,,,prediction_jsonl,True
vision_only_tiled,199,train,buoy,b6,False,,,prediction_jsonl,True
vision_only_tiled,199,train,buoy,b7,False,,,prediction_jsonl,True
vision_only_tiled,199,train,buoy,b8,False,,,prediction_jsonl,True
vision_only_tiled,200,train,boat,boat,True,0.683075624042845,0.6363183856010437,prediction_jsonl,True
vision_only_tiled,200,train,buoy,b1,True,0.5935188311562329,0.21514728665351868,prediction_jsonl,True
vision_only_tiled,200,train,buoy,b2,False,,,prediction_jsonl,True
vision_only_tiled,200,train,buoy,b3,False,,,prediction_jsonl,True
vision_only_tiled,200,train,buoy,b4,False,,,prediction_jsonl,True
vision_only_tiled,200,train,buoy,b5,False,,,prediction_jsonl,True
vision_only_tiled,200,train,buoy,b6,False,,,prediction_jsonl,True
vision_only_tiled,200,train,buoy,b7,False,,,prediction_jsonl,True
vision_only_tiled,200,train,buoy,b8,False,,,prediction_jsonl,True
vision_only_tiled,201,train,boat,boat,True,0.6843700016602483,0.6228598356246948,prediction_jsonl,True
vision_only_tiled,201,train,buoy,b1,True,0.6223925752436714,0.19190986454486847,prediction_jsonl,True
vision_only_tiled,201,train,buoy,b2,False,,,prediction_jsonl,True
vision_only_tiled,201,train,buoy,b3,False,,,prediction_jsonl,True
vision_only_tiled,201,train,buoy,b4,False,,,prediction_jsonl,True
vision_only_tiled,201,train,buoy,b5,False,,,prediction_jsonl,True
vision_only_tiled,201,train,buoy,b6,False,,,prediction_jsonl,True
vision_only_tiled,201,train,buoy,b7,False,,,prediction_jsonl,True
vision_only_tiled,201,train,buoy,b8,False,,,prediction_jsonl,True
vision_only_tiled,202,train,boat,boat,True,0.6808318925173699,0.6218039393424988,prediction_jsonl,True
vision_only_tiled,202,train,buoy,b1,False,,,prediction_jsonl,True
vision_only_tiled,202,train,buoy,b2,False,,,prediction_jsonl,True
vision_only_tiled,202,train,buoy,b3,False,,,prediction_jsonl,True
vision_only_tiled,202,train,buoy,b4,False,,,prediction_jsonl,True
vision_only_tiled,202,train,buoy,b5,False,,,prediction_jsonl,True
vision_only_tiled,202,train,buoy,b6,False,,,prediction_jsonl,True
vision_only_tiled,202,train,buoy,b7,False,,,prediction_jsonl,True
vision_only_tiled,202,train,buoy,b8,False,,,prediction_jsonl,True
vision_only_tiled,203,train,boat,boat,True,0.6681250727479019,0.6270266771316528,prediction_jsonl,True
vision_only_tiled,203,train,buoy,b1,False,,,prediction_jsonl,True
vision_only_tiled,203,train,buoy,b2,False,,,prediction_jsonl,True
vision_only_tiled,203,train,buoy,b3,False,,,prediction_jsonl,True
vision_only_tiled,203,train,buoy,b4,False,,,prediction_jsonl,True
vision_only_tiled,203,train,buoy,b5,False,,,prediction_jsonl,True
vision_only_tiled,203,train,buoy,b6,False,,,prediction_jsonl,True
vision_only_tiled,203,train,buoy,b7,False,,,prediction_jsonl,True
vision_only_tiled,203,train,buoy,b8,False,,,prediction_jsonl,True
vision_only_tiled,204,train,boat,boat,True,0.6623735836174749,0.62369304895401,prediction_jsonl,True
vision_only_tiled,204,train,buoy,b1,True,0.5998428981420978,0.19445405900478363,prediction_jsonl,True
vision_only_tiled,204,train,buoy,b2,False,,,prediction_jsonl,True
vision_only_tiled,204,train,buoy,b3,False,,,prediction_jsonl,True
vision_only_tiled,204,train,buoy,b4,False,,,prediction_jsonl,True
vision_only_tiled,204,train,buoy,b5,False,,,prediction_jsonl,True
vision_only_tiled,204,train,buoy,b6,False,,,prediction_jsonl,True
vision_only_tiled,204,train,buoy,b7,False,,,prediction_jsonl,True
vision_only_tiled,204,train,buoy,b8,False,,,prediction_jsonl,True
vision_only_tiled,205,train,boat,boat,True,0.6589150332030771,0.6367902159690857,prediction_jsonl,True
vision_only_tiled,205,train,buoy,b1,True,0.6057172632434042,0.2005261927843094,prediction_jsonl,True
vision_only_tiled,205,train,buoy,b2,False,,,prediction_jsonl,True
vision_only_tiled,205,train,buoy,b3,False,,,prediction_jsonl,True
vision_only_tiled,205,train,buoy,b4,False,,,prediction_jsonl,True
vision_only_tiled,205,train,buoy,b5,False,,,prediction_jsonl,True
vision_only_tiled,205,train,buoy,b6,False,,,prediction_jsonl,True
vision_only_tiled,205,train,buoy,b7,False,,,prediction_jsonl,True
vision_only_tiled,205,train,buoy,b8,False,,,prediction_jsonl,True
vision_only_tiled,206,train,boat,boat,True,0.6608515280970659,0.6270920634269714,prediction_jsonl,True
vision_only_tiled,206,train,buoy,b1,True,0.6284420504440782,0.19174665212631226,prediction_jsonl,True
vision_only_tiled,206,train,buoy,b2,False,,,prediction_jsonl,True
vision_only_tiled,206,train,buoy,b3,False,,,prediction_jsonl,True
vision_only_tiled,206,train,buoy,b4,False,,,prediction_jsonl,True
vision_only_tiled,206,train,buoy,b5,False,,,prediction_jsonl,True
vision_only_tiled,206,train,buoy,b6,False,,,prediction_jsonl,True
vision_only_tiled,206,train,buoy,b7,False,,,prediction_jsonl,True
vision_only_tiled,206,train,buoy,b8,False,,,prediction_jsonl,True
vision_only_tiled,207,train,boat,boat,True,0.6701786148856372,0.6534222960472107,prediction_jsonl,True
vision_only_tiled,207,train,buoy,b1,True,0.5961967253027416,0.22184717655181885,prediction_jsonl,True
vision_only_tiled,207,train,buoy,b2,False,,,prediction_jsonl,True
vision_only_tiled,207,train,buoy,b3,False,,,prediction_jsonl,True
vision_only_tiled,207,train,buoy,b4,False,,,prediction_jsonl,True
vision_only_tiled,207,train,buoy,b5,False,,,prediction_jsonl,True
vision_only_tiled,207,train,buoy,b6,False,,,prediction_jsonl,True
vision_only_tiled,207,train,buoy,b7,False,,,prediction_jsonl,True
vision_only_tiled,207,train,buoy,b8,False,,,prediction_jsonl,True
vision_only_tiled,208,train,boat,boat,True,0.6532881276368716,0.6562607288360596,prediction_jsonl,True
vision_only_tiled,208,train,buoy,b1,True,0.6234154339360762,0.18557032942771912,prediction_jsonl,True
vision_only_tiled,208,train,buoy,b2,False,,,prediction_jsonl,True
vision_only_tiled,208,train,buoy,b3,False,,,prediction_jsonl,True
vision_only_tiled,208,train,buoy,b4,False,,,prediction_jsonl,True
vision_only_tiled,208,train,buoy,b5,False,,,prediction_jsonl,True
vision_only_tiled,208,train,buoy,b6,False,,,prediction_jsonl,True
vision_only_tiled,208,train,buoy,b7,False,,,prediction_jsonl,True
vision_only_tiled,208,train,buoy,b8,False,,,prediction_jsonl,True
vision_only_tiled,209,train,boat,boat,True,0.6555677223102754,0.6307691931724548,prediction_jsonl,True
vision_only_tiled,209,train,buoy,b1,False,,,prediction_jsonl,True
vision_only_tiled,209,train,buoy,b2,False,,,prediction_jsonl,True
vision_only_tiled,209,train,buoy,b3,False,,,prediction_jsonl,True
vision_only_tiled,209,train,buoy,b4,False,,,prediction_jsonl,True
vision_only_tiled,209,train,buoy,b5,False,,,prediction_jsonl,True
vision_only_tiled,209,train,buoy,b6,False,,,prediction_jsonl,True
vision_only_tiled,209,train,buoy,b7,False,,,prediction_jsonl,True
vision_only_tiled,209,train,buoy,b8,False,,,prediction_jsonl,True
vision_only_tiled,210,train,boat,boat,True,0.6488523132638294,0.6478707194328308,prediction_jsonl,True
vision_only_tiled,210,train,buoy,b1,True,0.6141823082157717,0.21042677760124207,prediction_jsonl,True
vision_only_tiled,210,train,buoy,b2,False,,,prediction_jsonl,True
vision_only_tiled,210,train,buoy,b3,False,,,prediction_jsonl,True
vision_only_tiled,210,train,buoy,b4,False,,,prediction_jsonl,True
vision_only_tiled,210,train,buoy,b5,False,,,prediction_jsonl,True
vision_only_tiled,210,train,buoy,b6,False,,,prediction_jsonl,True
vision_only_tiled,210,train,buoy,b7,False,,,prediction_jsonl,True
vision_only_tiled,210,train,buoy,b8,False,,,prediction_jsonl,True
vision_only_tiled,211,train,boat,boat,True,0.6592388781154215,0.6331257820129395,prediction_jsonl,True
vision_only_tiled,211,train,buoy,b1,True,0.6591047812806268,0.19581496715545654,prediction_jsonl,True
vision_only_tiled,211,train,buoy,b3,False,,,prediction_jsonl,True
vision_only_tiled,211,train,buoy,b4,False,,,prediction_jsonl,True
vision_only_tiled,211,train,buoy,b5,False,,,prediction_jsonl,True
vision_only_tiled,211,train,buoy,b6,False,,,prediction_jsonl,True
vision_only_tiled,211,train,buoy,b7,False,,,prediction_jsonl,True
vision_only_tiled,211,train,buoy,b8,False,,,prediction_jsonl,True
vision_only_tiled,212,train,boat,boat,True,0.6658022159475842,0.6211783289909363,prediction_jsonl,True
vision_only_tiled,212,train,buoy,b1,True,0.6172004888605478,0.18650679290294647,prediction_jsonl,True
vision_only_tiled,212,train,buoy,b3,False,,,prediction_jsonl,True
vision_only_tiled,212,train,buoy,b4,False,,,prediction_jsonl,True
vision_only_tiled,212,train,buoy,b5,False,,,prediction_jsonl,True
vision_only_tiled,212,train,buoy,b6,False,,,prediction_jsonl,True
vision_only_tiled,212,train,buoy,b7,False,,,prediction_jsonl,True
vision_only_tiled,212,train,buoy,b8,False,,,prediction_jsonl,True
vision_only_tiled,213,train,boat,boat,True,0.6608292425266307,0.6330593228340149,prediction_jsonl,True
vision_only_tiled,213,train,buoy,b1,False,,,prediction_jsonl,True
vision_only_tiled,213,train,buoy,b3,False,,,prediction_jsonl,True
vision_only_tiled,213,train,buoy,b4,False,,,prediction_jsonl,True
vision_only_tiled,213,train,buoy,b5,False,,,prediction_jsonl,True
vision_only_tiled,213,train,buoy,b6,False,,,prediction_jsonl,True
vision_only_tiled,213,train,buoy,b7,False,,,prediction_jsonl,True
vision_only_tiled,213,train,buoy,b8,False,,,prediction_jsonl,True
vision_only_tiled,214,train,boat,boat,True,0.64884361494118,0.6350048184394836,prediction_jsonl,True
vision_only_tiled,214,train,buoy,b1,True,0.6567360711673208,0.19450563192367554,prediction_jsonl,True
vision_only_tiled,214,train,buoy,b3,False,,,prediction_jsonl,True
vision_only_tiled,214,train,buoy,b4,False,,,prediction_jsonl,True
vision_only_tiled,214,train,buoy,b5,False,,,prediction_jsonl,True
vision_only_tiled,214,train,buoy,b6,False,,,prediction_jsonl,True
vision_only_tiled,214,train,buoy,b7,False,,,prediction_jsonl,True
vision_only_tiled,214,train,buoy,b8,False,,,prediction_jsonl,True
vision_only_tiled,215,train,boat,boat,True,0.6577434378867695,0.6313492655754089,prediction_jsonl,True
vision_only_tiled,215,train,buoy,b1,False,,,prediction_jsonl,True
vision_only_tiled,215,train,buoy,b3,False,,,prediction_jsonl,True
vision_only_tiled,215,train,buoy,b4,False,,,prediction_jsonl,True
vision_only_tiled,215,train,buoy,b5,False,,,prediction_jsonl,True
vision_only_tiled,215,train,buoy,b6,False,,,prediction_jsonl,True
vision_only_tiled,215,train,buoy,b7,False,,,prediction_jsonl,True
vision_only_tiled,215,train,buoy,b8,False,,,prediction_jsonl,True
vision_only_tiled,216,train,boat,boat,True,0.6751921204903655,0.6318992376327515,prediction_jsonl,True
vision_only_tiled,216,train,buoy,b1,False,,,prediction_jsonl,True
vision_only_tiled,216,train,buoy,b3,False,,,prediction_jsonl,True
vision_only_tiled,216,train,buoy,b4,False,,,prediction_jsonl,True
vision_only_tiled,216,train,buoy,b5,False,,,prediction_jsonl,True
vision_only_tiled,216,train,buoy,b6,False,,,prediction_jsonl,True
vision_only_tiled,216,train,buoy,b7,False,,,prediction_jsonl,True
vision_only_tiled,216,train,buoy,b8,False,,,prediction_jsonl,True
vision_only_tiled,217,train,boat,boat,True,0.6951303869640425,0.6361960768699646,prediction_jsonl,True
vision_only_tiled,217,train,buoy,b1,False,,,prediction_jsonl,True
vision_only_tiled,217,train,buoy,b3,False,,,prediction_jsonl,True
vision_only_tiled,217,train,buoy,b4,False,,,prediction_jsonl,True
vision_only_tiled,217,train,buoy,b5,False,,,prediction_jsonl,True
vision_only_tiled,217,train,buoy,b6,False,,,prediction_jsonl,True
vision_only_tiled,217,train,buoy,b7,False,,,prediction_jsonl,True
vision_only_tiled,217,train,buoy,b8,False,,,prediction_jsonl,True
vision_only_tiled,218,train,boat,boat,True,0.7042046892470764,0.641014814376831,prediction_jsonl,True
vision_only_tiled,218,train,buoy,b1,False,,,prediction_jsonl,True
vision_only_tiled,218,train,buoy,b3,False,,,prediction_jsonl,True
vision_only_tiled,218,train,buoy,b4,False,,,prediction_jsonl,True
vision_only_tiled,218,train,buoy,b5,False,,,prediction_jsonl,True
vision_only_tiled,218,train,buoy,b6,False,,,prediction_jsonl,True
vision_only_tiled,218,train,buoy,b7,False,,,prediction_jsonl,True
vision_only_tiled,218,train,buoy,b8,False,,,prediction_jsonl,True
vision_only_tiled,219,train,boat,boat,True,0.7098764528170161,0.6662656664848328,prediction_jsonl,True
vision_only_tiled,219,train,buoy,b1,True,0.5826981895203415,0.1849428415298462,prediction_jsonl,True
vision_only_tiled,219,train,buoy,b3,False,,,prediction_jsonl,True
vision_only_tiled,219,train,buoy,b4,False,,,prediction_jsonl,True
vision_only_tiled,219,train,buoy,b5,False,,,prediction_jsonl,True
vision_only_tiled,219,train,buoy,b6,False,,,prediction_jsonl,True
vision_only_tiled,219,train,buoy,b7,False,,,prediction_jsonl,True
vision_only_tiled,219,train,buoy,b8,False,,,prediction_jsonl,True
vision_only_tiled,220,train,boat,boat,True,0.7067867701247953,0.6380869746208191,prediction_jsonl,True
vision_only_tiled,220,train,buoy,b1,False,,,prediction_jsonl,True
vision_only_tiled,220,train,buoy,b3,False,,,prediction_jsonl,True
vision_only_tiled,220,train,buoy,b4,False,,,prediction_jsonl,True
vision_only_tiled,220,train,buoy,b5,False,,,prediction_jsonl,True
vision_only_tiled,220,train,buoy,b6,False,,,prediction_jsonl,True
vision_only_tiled,220,train,buoy,b7,False,,,prediction_jsonl,True
vision_only_tiled,220,train,buoy,b8,False,,,prediction_jsonl,True
vision_only_tiled,221,train,boat,boat,True,0.6949072914423212,0.6573875546455383,prediction_jsonl,True
vision_only_tiled,221,train,buoy,b1,True,0.6221767558464624,0.18655382096767426,prediction_jsonl,True
vision_only_tiled,221,train,buoy,b3,False,,,prediction_jsonl,True
vision_only_tiled,221,train,buoy,b4,False,,,prediction_jsonl,True
vision_only_tiled,221,train,buoy,b5,False,,,prediction_jsonl,True
vision_only_tiled,221,train,buoy,b6,False,,,prediction_jsonl,True
vision_only_tiled,221,train,buoy,b7,False,,,prediction_jsonl,True
vision_only_tiled,221,train,buoy,b8,False,,,prediction_jsonl,True
vision_only_tiled,222,train,boat,boat,True,0.7156683472598441,0.6524205207824707,prediction_jsonl,True
vision_only_tiled,222,train,buoy,b1,True,0.6400625460473279,0.18459570407867432,prediction_jsonl,True
vision_only_tiled,222,train,buoy,b3,False,,,prediction_jsonl,True
vision_only_tiled,222,train,buoy,b4,False,,,prediction_jsonl,True
vision_only_tiled,222,train,buoy,b5,False,,,prediction_jsonl,True
vision_only_tiled,222,train,buoy,b6,False,,,prediction_jsonl,True
vision_only_tiled,222,train,buoy,b7,False,,,prediction_jsonl,True
vision_only_tiled,222,train,buoy,b8,False,,,prediction_jsonl,True
vision_only_tiled,223,train,boat,boat,True,0.7271033831623521,0.6479641199111938,prediction_jsonl,True
vision_only_tiled,223,train,buoy,b1,True,0.687089895869052,0.19187897443771362,prediction_jsonl,True
vision_only_tiled,223,train,buoy,b3,False,,,prediction_jsonl,True
vision_only_tiled,223,train,buoy,b4,False,,,prediction_jsonl,True
vision_only_tiled,223,train,buoy,b5,False,,,prediction_jsonl,True
vision_only_tiled,223,train,buoy,b6,False,,,prediction_jsonl,True
vision_only_tiled,223,train,buoy,b7,False,,,prediction_jsonl,True
vision_only_tiled,223,train,buoy,b8,False,,,prediction_jsonl,True
vision_only_tiled,224,train,boat,boat,True,0.7165245816899345,0.639829158782959,prediction_jsonl,True
vision_only_tiled,224,train,buoy,b1,True,0.6576825673948801,0.1815871149301529,prediction_jsonl,True
vision_only_tiled,224,train,buoy,b3,False,,,prediction_jsonl,True
vision_only_tiled,224,train,buoy,b4,False,,,prediction_jsonl,True
vision_only_tiled,224,train,buoy,b5,False,,,prediction_jsonl,True
vision_only_tiled,224,train,buoy,b6,False,,,prediction_jsonl,True
vision_only_tiled,224,train,buoy,b7,False,,,prediction_jsonl,True
vision_only_tiled,224,train,buoy,b8,False,,,prediction_jsonl,True
vision_only_tiled,225,train,boat,boat,True,0.7067833720720512,0.632107138633728,prediction_jsonl,True
vision_only_tiled,225,train,buoy,b1,True,0.6682451537417858,0.18262100219726562,prediction_jsonl,True
vision_only_tiled,225,train,buoy,b3,False,,,prediction_jsonl,True
vision_only_tiled,225,train,buoy,b4,False,,,prediction_jsonl,True
vision_only_tiled,225,train,buoy,b5,False,,,prediction_jsonl,True
vision_only_tiled,225,train,buoy,b6,False,,,prediction_jsonl,True
vision_only_tiled,225,train,buoy,b7,False,,,prediction_jsonl,True
vision_only_tiled,225,train,buoy,b8,False,,,prediction_jsonl,True
vision_only_tiled,226,train,boat,boat,True,0.6747393753679753,0.6389349699020386,prediction_jsonl,True
vision_only_tiled,226,train,buoy,b1,True,0.6395370683346099,0.2569091022014618,prediction_jsonl,True
vision_only_tiled,226,train,buoy,b3,False,,,prediction_jsonl,True
vision_only_tiled,226,train,buoy,b4,False,,,prediction_jsonl,True
vision_only_tiled,226,train,buoy,b5,False,,,prediction_jsonl,True
vision_only_tiled,226,train,buoy,b6,False,,,prediction_jsonl,True
vision_only_tiled,226,train,buoy,b7,False,,,prediction_jsonl,True
vision_only_tiled,226,train,buoy,b8,False,,,prediction_jsonl,True
vision_only_tiled,227,train,boat,boat,True,0.6749627122266612,0.6410889625549316,prediction_jsonl,True
vision_only_tiled,227,train,buoy,b1,True,0.659180153311391,0.18481752276420593,prediction_jsonl,True
vision_only_tiled,227,train,buoy,b3,False,,,prediction_jsonl,True
vision_only_tiled,227,train,buoy,b4,False,,,prediction_jsonl,True
vision_only_tiled,227,train,buoy,b5,False,,,prediction_jsonl,True
vision_only_tiled,227,train,buoy,b6,False,,,prediction_jsonl,True
vision_only_tiled,227,train,buoy,b7,False,,,prediction_jsonl,True
vision_only_tiled,227,train,buoy,b8,False,,,prediction_jsonl,True
vision_only_tiled,228,train,boat,boat,True,0.6722610661478522,0.6467885971069336,prediction_jsonl,True
vision_only_tiled,228,train,buoy,b1,True,0.6206345242206064,0.19081896543502808,prediction_jsonl,True
vision_only_tiled,228,train,buoy,b3,False,,,prediction_jsonl,True
vision_only_tiled,228,train,buoy,b4,False,,,prediction_jsonl,True
vision_only_tiled,228,train,buoy,b5,False,,,prediction_jsonl,True
vision_only_tiled,228,train,buoy,b6,False,,,prediction_jsonl,True
vision_only_tiled,228,train,buoy,b7,False,,,prediction_jsonl,True
vision_only_tiled,228,train,buoy,b8,False,,,prediction_jsonl,True
vision_only_tiled,229,train,boat,boat,True,0.6758169099464358,0.6355711221694946,prediction_jsonl,True
vision_only_tiled,229,train,buoy,b1,False,,,prediction_jsonl,True
vision_only_tiled,229,train,buoy,b3,False,,,prediction_jsonl,True
vision_only_tiled,229,train,buoy,b4,False,,,prediction_jsonl,True
vision_only_tiled,229,train,buoy,b5,False,,,prediction_jsonl,True
vision_only_tiled,229,train,buoy,b6,False,,,prediction_jsonl,True
vision_only_tiled,229,train,buoy,b7,False,,,prediction_jsonl,True
vision_only_tiled,229,train,buoy,b8,False,,,prediction_jsonl,True
vision_only_tiled,230,train,boat,boat,True,0.6917766834466871,0.6381354928016663,prediction_jsonl,True
vision_only_tiled,230,train,buoy,b1,True,0.6294998966989368,0.18854013085365295,prediction_jsonl,True
vision_only_tiled,230,train,buoy,b3,False,,,prediction_jsonl,True
vision_only_tiled,230,train,buoy,b4,False,,,prediction_jsonl,True
vision_only_tiled,230,train,buoy,b5,False,,,prediction_jsonl,True
vision_only_tiled,230,train,buoy,b6,False,,,prediction_jsonl,True
vision_only_tiled,230,train,buoy,b7,False,,,prediction_jsonl,True
vision_only_tiled,230,train,buoy,b8,False,,,prediction_jsonl,True
vision_only_tiled,231,train,boat,boat,True,0.6812262029578139,0.6443309783935547,prediction_jsonl,True
vision_only_tiled,231,train,buoy,b1,True,0.6297340771428096,0.1892985999584198,prediction_jsonl,True
vision_only_tiled,231,train,buoy,b3,False,,,prediction_jsonl,True
vision_only_tiled,231,train,buoy,b4,False,,,prediction_jsonl,True
vision_only_tiled,231,train,buoy,b5,False,,,prediction_jsonl,True
vision_only_tiled,231,train,buoy,b6,False,,,prediction_jsonl,True
vision_only_tiled,231,train,buoy,b7,False,,,prediction_jsonl,True
vision_only_tiled,231,train,buoy,b8,False,,,prediction_jsonl,True
vision_only_tiled,232,train,boat,boat,True,0.690930269399048,0.6593641042709351,prediction_jsonl,True
vision_only_tiled,232,train,buoy,b1,True,0.6720419472960173,0.19215451180934906,prediction_jsonl,True
vision_only_tiled,232,train,buoy,b3,False,,,prediction_jsonl,True
vision_only_tiled,232,train,buoy,b4,False,,,prediction_jsonl,True
vision_only_tiled,232,train,buoy,b5,False,,,prediction_jsonl,True
vision_only_tiled,232,train,buoy,b6,False,,,prediction_jsonl,True
vision_only_tiled,232,train,buoy,b7,False,,,prediction_jsonl,True
vision_only_tiled,232,train,buoy,b8,False,,,prediction_jsonl,True
vision_only_tiled,233,train,boat,boat,True,0.6702784694091022,0.6644378900527954,prediction_jsonl,True
vision_only_tiled,233,train,buoy,b1,False,,,prediction_jsonl,True
vision_only_tiled,233,train,buoy,b3,False,,,prediction_jsonl,True
vision_only_tiled,233,train,buoy,b4,False,,,prediction_jsonl,True
vision_only_tiled,233,train,buoy,b5,False,,,prediction_jsonl,True
vision_only_tiled,233,train,buoy,b6,False,,,prediction_jsonl,True
vision_only_tiled,233,train,buoy,b7,False,,,prediction_jsonl,True
vision_only_tiled,233,train,buoy,b8,False,,,prediction_jsonl,True
vision_only_tiled,234,train,boat,boat,True,0.6582357888854712,0.6645836234092712,prediction_jsonl,True
vision_only_tiled,234,train,buoy,b1,False,,,prediction_jsonl,True
vision_only_tiled,234,train,buoy,b3,False,,,prediction_jsonl,True
vision_only_tiled,234,train,buoy,b4,False,,,prediction_jsonl,True
vision_only_tiled,234,train,buoy,b5,False,,,prediction_jsonl,True
vision_only_tiled,234,train,buoy,b6,False,,,prediction_jsonl,True
vision_only_tiled,234,train,buoy,b7,False,,,prediction_jsonl,True
vision_only_tiled,234,train,buoy,b8,False,,,prediction_jsonl,True
vision_only_tiled,235,train,boat,boat,True,0.7008665195572625,0.6505745649337769,prediction_jsonl,True
vision_only_tiled,235,train,buoy,b1,False,,,prediction_jsonl,True
vision_only_tiled,235,train,buoy,b3,False,,,prediction_jsonl,True
vision_only_tiled,235,train,buoy,b4,False,,,prediction_jsonl,True
vision_only_tiled,235,train,buoy,b5,False,,,prediction_jsonl,True
vision_only_tiled,235,train,buoy,b6,False,,,prediction_jsonl,True
vision_only_tiled,235,train,buoy,b7,False,,,prediction_jsonl,True
vision_only_tiled,235,train,buoy,b8,False,,,prediction_jsonl,True
vision_only_tiled,236,train,boat,boat,True,0.6958148521333333,0.6478264927864075,prediction_jsonl,True
vision_only_tiled,236,train,buoy,b1,False,,,prediction_jsonl,True
vision_only_tiled,236,train,buoy,b3,False,,,prediction_jsonl,True
vision_only_tiled,236,train,buoy,b4,False,,,prediction_jsonl,True
vision_only_tiled,236,train,buoy,b5,False,,,prediction_jsonl,True
vision_only_tiled,236,train,buoy,b6,False,,,prediction_jsonl,True
vision_only_tiled,236,train,buoy,b7,False,,,prediction_jsonl,True
vision_only_tiled,236,train,buoy,b8,False,,,prediction_jsonl,True
vision_only_tiled,237,train,boat,boat,True,0.6779306547507278,0.665226399898529,prediction_jsonl,True
vision_only_tiled,237,train,buoy,b1,False,,,prediction_jsonl,True
vision_only_tiled,237,train,buoy,b3,False,,,prediction_jsonl,True
vision_only_tiled,237,train,buoy,b4,False,,,prediction_jsonl,True
vision_only_tiled,237,train,buoy,b5,False,,,prediction_jsonl,True
vision_only_tiled,237,train,buoy,b6,False,,,prediction_jsonl,True
vision_only_tiled,237,train,buoy,b7,False,,,prediction_jsonl,True
vision_only_tiled,237,train,buoy,b8,False,,,prediction_jsonl,True
vision_only_tiled,238,train,boat,boat,True,0.6829022029487269,0.6665727496147156,prediction_jsonl,True
vision_only_tiled,238,train,buoy,b1,False,,,prediction_jsonl,True
vision_only_tiled,238,train,buoy,b3,False,,,prediction_jsonl,True
vision_only_tiled,238,train,buoy,b4,False,,,prediction_jsonl,True
vision_only_tiled,238,train,buoy,b5,False,,,prediction_jsonl,True
vision_only_tiled,238,train,buoy,b6,False,,,prediction_jsonl,True
vision_only_tiled,238,train,buoy,b7,False,,,prediction_jsonl,True
vision_only_tiled,238,train,buoy,b8,False,,,prediction_jsonl,True
vision_only_tiled,239,train,boat,boat,True,0.6814237984845822,0.6404761672019958,prediction_jsonl,True
vision_only_tiled,239,train,buoy,b1,False,,,prediction_jsonl,True
vision_only_tiled,239,train,buoy,b3,False,,,prediction_jsonl,True
vision_only_tiled,239,train,buoy,b4,False,,,prediction_jsonl,True
vision_only_tiled,239,train,buoy,b5,False,,,prediction_jsonl,True
vision_only_tiled,239,train,buoy,b6,False,,,prediction_jsonl,True
vision_only_tiled,239,train,buoy,b7,False,,,prediction_jsonl,True
vision_only_tiled,239,train,buoy,b8,False,,,prediction_jsonl,True
vision_only_tiled,240,train,boat,boat,True,0.6747758427095562,0.6467589139938354,prediction_jsonl,True
vision_only_tiled,240,train,buoy,b1,True,0.6358487962251539,0.18023493885993958,prediction_jsonl,True
vision_only_tiled,240,train,buoy,b3,False,,,prediction_jsonl,True
vision_only_tiled,240,train,buoy,b4,False,,,prediction_jsonl,True
vision_only_tiled,240,train,buoy,b5,False,,,prediction_jsonl,True
vision_only_tiled,240,train,buoy,b6,False,,,prediction_jsonl,True
vision_only_tiled,240,train,buoy,b7,False,,,prediction_jsonl,True
vision_only_tiled,240,train,buoy,b8,False,,,prediction_jsonl,True
vision_only_tiled,241,train,boat,boat,True,0.6865558336001599,0.645240306854248,prediction_jsonl,True
vision_only_tiled,241,train,buoy,b1,True,0.6179527851483896,0.20450426638126373,prediction_jsonl,True
vision_only_tiled,241,train,buoy,b3,False,,,prediction_jsonl,True
vision_only_tiled,241,train,buoy,b4,False,,,prediction_jsonl,True
vision_only_tiled,241,train,buoy,b5,False,,,prediction_jsonl,True
vision_only_tiled,241,train,buoy,b6,False,,,prediction_jsonl,True
vision_only_tiled,241,train,buoy,b7,False,,,prediction_jsonl,True
vision_only_tiled,241,train,buoy,b8,False,,,prediction_jsonl,True
vision_only_tiled,242,train,boat,boat,True,0.6784146372756661,0.645543098449707,prediction_jsonl,True
vision_only_tiled,242,train,buoy,b1,True,0.6111514735335744,0.19515033066272736,prediction_jsonl,True
vision_only_tiled,242,train,buoy,b3,False,,,prediction_jsonl,True
vision_only_tiled,242,train,buoy,b4,False,,,prediction_jsonl,True
vision_only_tiled,242,train,buoy,b5,False,,,prediction_jsonl,True
vision_only_tiled,242,train,buoy,b6,False,,,prediction_jsonl,True
vision_only_tiled,242,train,buoy,b7,False,,,prediction_jsonl,True
vision_only_tiled,242,train,buoy,b8,False,,,prediction_jsonl,True
vision_only_tiled,243,train,boat,boat,True,0.6947109875719851,0.6494410634040833,prediction_jsonl,True
vision_only_tiled,243,train,buoy,b1,True,0.6340090536299173,0.1805109828710556,prediction_jsonl,True
vision_only_tiled,243,train,buoy,b3,False,,,prediction_jsonl,True
vision_only_tiled,243,train,buoy,b4,False,,,prediction_jsonl,True
vision_only_tiled,243,train,buoy,b5,False,,,prediction_jsonl,True
vision_only_tiled,243,train,buoy,b6,False,,,prediction_jsonl,True
vision_only_tiled,243,train,buoy,b7,False,,,prediction_jsonl,True
vision_only_tiled,243,train,buoy,b8,False,,,prediction_jsonl,True
vision_only_tiled,244,train,boat,boat,True,0.6976066646230393,0.64220130443573,prediction_jsonl,True
vision_only_tiled,244,train,buoy,b1,True,0.6466402606299723,0.18236041069030762,prediction_jsonl,True
vision_only_tiled,244,train,buoy,b3,False,,,prediction_jsonl,True
vision_only_tiled,244,train,buoy,b4,False,,,prediction_jsonl,True
vision_only_tiled,244,train,buoy,b5,False,,,prediction_jsonl,True
vision_only_tiled,244,train,buoy,b6,False,,,prediction_jsonl,True
vision_only_tiled,244,train,buoy,b7,False,,,prediction_jsonl,True
vision_only_tiled,244,train,buoy,b8,False,,,prediction_jsonl,True
vision_only_tiled,245,train,boat,boat,True,0.7017582358008679,0.642688512802124,prediction_jsonl,True
vision_only_tiled,245,train,buoy,b1,True,0.6350040631685582,0.20122480392456055,prediction_jsonl,True
vision_only_tiled,245,train,buoy,b3,False,,,prediction_jsonl,True
vision_only_tiled,245,train,buoy,b4,False,,,prediction_jsonl,True
vision_only_tiled,245,train,buoy,b5,False,,,prediction_jsonl,True
vision_only_tiled,245,train,buoy,b6,False,,,prediction_jsonl,True
vision_only_tiled,245,train,buoy,b7,False,,,prediction_jsonl,True
vision_only_tiled,245,train,buoy,b8,False,,,prediction_jsonl,True
vision_only_tiled,246,train,boat,boat,True,0.7085979994070423,0.6451094746589661,prediction_jsonl,True
vision_only_tiled,246,train,buoy,b1,True,0.6286761470143412,0.1938147246837616,prediction_jsonl,True
vision_only_tiled,246,train,buoy,b3,False,,,prediction_jsonl,True
vision_only_tiled,246,train,buoy,b4,False,,,prediction_jsonl,True
vision_only_tiled,246,train,buoy,b5,False,,,prediction_jsonl,True
vision_only_tiled,246,train,buoy,b6,False,,,prediction_jsonl,True
vision_only_tiled,246,train,buoy,b7,False,,,prediction_jsonl,True
vision_only_tiled,246,train,buoy,b8,False,,,prediction_jsonl,True
vision_only_tiled,247,train,boat,boat,True,0.6980088398424086,0.6532315611839294,prediction_jsonl,True
vision_only_tiled,247,train,buoy,b1,True,0.6320654961144184,0.20173276960849762,prediction_jsonl,True
vision_only_tiled,247,train,buoy,b3,False,,,prediction_jsonl,True
vision_only_tiled,247,train,buoy,b4,False,,,prediction_jsonl,True
vision_only_tiled,247,train,buoy,b5,False,,,prediction_jsonl,True
vision_only_tiled,247,train,buoy,b6,False,,,prediction_jsonl,True
vision_only_tiled,247,train,buoy,b7,False,,,prediction_jsonl,True
vision_only_tiled,247,train,buoy,b8,False,,,prediction_jsonl,True
vision_only_tiled,248,train,boat,boat,True,0.6904562903520274,0.6498556137084961,prediction_jsonl,True
vision_only_tiled,248,train,buoy,b1,True,0.6381865966747026,0.22157227993011475,prediction_jsonl,True
vision_only_tiled,248,train,buoy,b3,False,,,prediction_jsonl,True
vision_only_tiled,248,train,buoy,b4,False,,,prediction_jsonl,True
vision_only_tiled,248,train,buoy,b5,False,,,prediction_jsonl,True
vision_only_tiled,248,train,buoy,b6,False,,,prediction_jsonl,True
vision_only_tiled,248,train,buoy,b7,False,,,prediction_jsonl,True
vision_only_tiled,248,train,buoy,b8,False,,,prediction_jsonl,True
vision_only_tiled,249,train,boat,boat,True,0.6998286746651211,0.6299687623977661,prediction_jsonl,True
vision_only_tiled,249,train,buoy,b1,True,0.6177054740037159,0.18260686099529266,prediction_jsonl,True
vision_only_tiled,249,train,buoy,b3,False,,,prediction_jsonl,True
vision_only_tiled,249,train,buoy,b4,False,,,prediction_jsonl,True
vision_only_tiled,249,train,buoy,b5,False,,,prediction_jsonl,True
vision_only_tiled,249,train,buoy,b6,False,,,prediction_jsonl,True
vision_only_tiled,249,train,buoy,b7,False,,,prediction_jsonl,True
vision_only_tiled,249,train,buoy,b8,False,,,prediction_jsonl,True
vision_only_tiled,250,train,boat,boat,True,0.6934229771479664,0.6297556161880493,prediction_jsonl,True
vision_only_tiled,250,train,buoy,b1,True,0.6386799062293382,0.1985553354024887,prediction_jsonl,True
vision_only_tiled,250,train,buoy,b3,False,,,prediction_jsonl,True
vision_only_tiled,250,train,buoy,b4,False,,,prediction_jsonl,True
vision_only_tiled,250,train,buoy,b5,False,,,prediction_jsonl,True
vision_only_tiled,250,train,buoy,b6,False,,,prediction_jsonl,True
vision_only_tiled,250,train,buoy,b7,False,,,prediction_jsonl,True
vision_only_tiled,250,train,buoy,b8,False,,,prediction_jsonl,True
vision_only_tiled,251,train,boat,boat,True,0.6949061928013363,0.6296814680099487,prediction_jsonl,True
vision_only_tiled,251,train,buoy,b1,True,0.649935918746464,0.195634663105011,prediction_jsonl,True
vision_only_tiled,251,train,buoy,b3,False,,,prediction_jsonl,True
vision_only_tiled,251,train,buoy,b4,False,,,prediction_jsonl,True
vision_only_tiled,251,train,buoy,b5,False,,,prediction_jsonl,True
vision_only_tiled,251,train,buoy,b6,False,,,prediction_jsonl,True
vision_only_tiled,251,train,buoy,b7,False,,,prediction_jsonl,True
vision_only_tiled,251,train,buoy,b8,False,,,prediction_jsonl,True
vision_only_tiled,252,train,boat,boat,True,0.6845981685968946,0.6428946852684021,prediction_jsonl,True
vision_only_tiled,252,train,buoy,b1,True,0.6363210121815241,0.18247194588184357,prediction_jsonl,True
vision_only_tiled,252,train,buoy,b3,False,,,prediction_jsonl,True
vision_only_tiled,252,train,buoy,b4,False,,,prediction_jsonl,True
vision_only_tiled,252,train,buoy,b5,False,,,prediction_jsonl,True
vision_only_tiled,252,train,buoy,b6,False,,,prediction_jsonl,True
vision_only_tiled,252,train,buoy,b7,False,,,prediction_jsonl,True
vision_only_tiled,252,train,buoy,b8,False,,,prediction_jsonl,True
vision_only_tiled,253,train,boat,boat,True,0.6672361822049051,0.6515691876411438,prediction_jsonl,True
vision_only_tiled,253,train,buoy,b1,True,0.6059174599325022,0.18898490071296692,prediction_jsonl,True
vision_only_tiled,253,train,buoy,b3,False,,,prediction_jsonl,True
vision_only_tiled,253,train,buoy,b4,False,,,prediction_jsonl,True
vision_only_tiled,253,train,buoy,b5,False,,,prediction_jsonl,True
vision_only_tiled,253,train,buoy,b6,False,,,prediction_jsonl,True
vision_only_tiled,253,train,buoy,b7,False,,,prediction_jsonl,True
vision_only_tiled,253,train,buoy,b8,False,,,prediction_jsonl,True
vision_only_tiled,254,train,boat,boat,True,0.6834790786819728,0.646914005279541,prediction_jsonl,True
vision_only_tiled,254,train,buoy,b1,True,0.6560104699673565,0.18713216483592987,prediction_jsonl,True
vision_only_tiled,254,train,buoy,b3,False,,,prediction_jsonl,True
vision_only_tiled,254,train,buoy,b4,False,,,prediction_jsonl,True
vision_only_tiled,254,train,buoy,b5,False,,,prediction_jsonl,True
vision_only_tiled,254,train,buoy,b6,False,,,prediction_jsonl,True
vision_only_tiled,254,train,buoy,b7,False,,,prediction_jsonl,True
vision_only_tiled,254,train,buoy,b8,False,,,prediction_jsonl,True
vision_only_tiled,255,train,boat,boat,True,0.706112707147392,0.6360965371131897,prediction_jsonl,True
vision_only_tiled,255,train,buoy,b1,True,0.6743576302884647,0.19130170345306396,prediction_jsonl,True
vision_only_tiled,255,train,buoy,b3,False,,,prediction_jsonl,True
vision_only_tiled,255,train,buoy,b4,False,,,prediction_jsonl,True
vision_only_tiled,255,train,buoy,b5,False,,,prediction_jsonl,True
vision_only_tiled,255,train,buoy,b6,False,,,prediction_jsonl,True
vision_only_tiled,255,train,buoy,b7,False,,,prediction_jsonl,True
vision_only_tiled,255,train,buoy,b8,False,,,prediction_jsonl,True
vision_only_tiled,256,train,boat,boat,True,0.6976362463107186,0.6561868190765381,prediction_jsonl,True
vision_only_tiled,256,train,buoy,b1,True,0.6560339607695156,0.18105287849903107,prediction_jsonl,True
vision_only_tiled,256,train,buoy,b3,False,,,prediction_jsonl,True
vision_only_tiled,256,train,buoy,b4,False,,,prediction_jsonl,True
vision_only_tiled,256,train,buoy,b5,False,,,prediction_jsonl,True
vision_only_tiled,256,train,buoy,b6,False,,,prediction_jsonl,True
vision_only_tiled,256,train,buoy,b7,False,,,prediction_jsonl,True
vision_only_tiled,256,train,buoy,b8,False,,,prediction_jsonl,True
vision_only_tiled,257,train,boat,boat,True,0.699437188913969,0.6457296013832092,prediction_jsonl,True
vision_only_tiled,257,train,buoy,b1,True,0.6350920703521841,0.19905410706996918,prediction_jsonl,True
vision_only_tiled,257,train,buoy,b3,False,,,prediction_jsonl,True
vision_only_tiled,257,train,buoy,b4,False,,,prediction_jsonl,True
vision_only_tiled,257,train,buoy,b5,False,,,prediction_jsonl,True
vision_only_tiled,257,train,buoy,b6,False,,,prediction_jsonl,True
vision_only_tiled,257,train,buoy,b7,False,,,prediction_jsonl,True
vision_only_tiled,257,train,buoy,b8,False,,,prediction_jsonl,True
vision_only_tiled,258,train,boat,boat,True,0.6957712278658073,0.6338492631912231,prediction_jsonl,True
vision_only_tiled,258,train,buoy,b1,True,0.629868348695924,0.19543476402759552,prediction_jsonl,True
vision_only_tiled,258,train,buoy,b3,False,,,prediction_jsonl,True
vision_only_tiled,258,train,buoy,b4,False,,,prediction_jsonl,True
vision_only_tiled,258,train,buoy,b5,False,,,prediction_jsonl,True
vision_only_tiled,258,train,buoy,b6,False,,,prediction_jsonl,True
vision_only_tiled,258,train,buoy,b7,False,,,prediction_jsonl,True
vision_only_tiled,258,train,buoy,b8,False,,,prediction_jsonl,True
vision_only_tiled,259,train,boat,boat,True,0.6913723430916829,0.6518465280532837,prediction_jsonl,True
vision_only_tiled,259,train,buoy,b1,True,0.6494252016639582,0.22961023449897766,prediction_jsonl,True
vision_only_tiled,259,train,buoy,b3,False,,,prediction_jsonl,True
vision_only_tiled,259,train,buoy,b4,False,,,prediction_jsonl,True
vision_only_tiled,259,train,buoy,b5,False,,,prediction_jsonl,True
vision_only_tiled,259,train,buoy,b6,False,,,prediction_jsonl,True
vision_only_tiled,259,train,buoy,b7,False,,,prediction_jsonl,True
vision_only_tiled,259,train,buoy,b8,False,,,prediction_jsonl,True
vision_only_tiled,260,train,boat,boat,True,0.6978996378960717,0.6579629778862,prediction_jsonl,True
vision_only_tiled,260,train,buoy,b1,True,0.6417218214627818,0.20957955718040466,prediction_jsonl,True
vision_only_tiled,260,train,buoy,b3,False,,,prediction_jsonl,True
vision_only_tiled,260,train,buoy,b4,False,,,prediction_jsonl,True
vision_only_tiled,260,train,buoy,b5,False,,,prediction_jsonl,True
vision_only_tiled,260,train,buoy,b6,False,,,prediction_jsonl,True
vision_only_tiled,260,train,buoy,b7,False,,,prediction_jsonl,True
vision_only_tiled,260,train,buoy,b8,False,,,prediction_jsonl,True
vision_only_tiled,261,train,boat,boat,True,0.6588363211435583,0.6449894309043884,prediction_jsonl,True
vision_only_tiled,261,train,buoy,b1,True,0.5804376217887778,0.21080535650253296,prediction_jsonl,True
vision_only_tiled,261,train,buoy,b3,False,,,prediction_jsonl,True
vision_only_tiled,261,train,buoy,b4,False,,,prediction_jsonl,True
vision_only_tiled,261,train,buoy,b5,False,,,prediction_jsonl,True
vision_only_tiled,261,train,buoy,b6,False,,,prediction_jsonl,True
vision_only_tiled,261,train,buoy,b7,False,,,prediction_jsonl,True
vision_only_tiled,261,train,buoy,b8,False,,,prediction_jsonl,True
vision_only_tiled,262,train,boat,boat,True,0.6831385929508776,0.6391928195953369,prediction_jsonl,True
vision_only_tiled,262,train,buoy,b1,True,0.6166674204623407,0.18892315030097961,prediction_jsonl,True
vision_only_tiled,262,train,buoy,b3,False,,,prediction_jsonl,True
vision_only_tiled,262,train,buoy,b4,False,,,prediction_jsonl,True
vision_only_tiled,262,train,buoy,b5,False,,,prediction_jsonl,True
vision_only_tiled,262,train,buoy,b6,False,,,prediction_jsonl,True
vision_only_tiled,262,train,buoy,b7,False,,,prediction_jsonl,True
vision_only_tiled,262,train,buoy,b8,False,,,prediction_jsonl,True
vision_only_tiled,263,train,boat,boat,True,0.6853177277805628,0.6507090330123901,prediction_jsonl,True
vision_only_tiled,263,train,buoy,b1,True,0.6345168179663031,0.20840181410312653,prediction_jsonl,True
vision_only_tiled,263,train,buoy,b3,False,,,prediction_jsonl,True
vision_only_tiled,263,train,buoy,b4,False,,,prediction_jsonl,True
vision_only_tiled,263,train,buoy,b5,False,,,prediction_jsonl,True
vision_only_tiled,263,train,buoy,b6,False,,,prediction_jsonl,True
vision_only_tiled,263,train,buoy,b7,False,,,prediction_jsonl,True
vision_only_tiled,263,train,buoy,b8,False,,,prediction_jsonl,True
vision_only_tiled,264,train,boat,boat,True,0.6902372473597314,0.6638590693473816,prediction_jsonl,True
vision_only_tiled,264,train,buoy,b1,True,0.6270886239717063,0.22672393918037415,prediction_jsonl,True
vision_only_tiled,264,train,buoy,b3,False,,,prediction_jsonl,True
vision_only_tiled,264,train,buoy,b4,False,,,prediction_jsonl,True
vision_only_tiled,264,train,buoy,b5,False,,,prediction_jsonl,True
vision_only_tiled,264,train,buoy,b6,False,,,prediction_jsonl,True
vision_only_tiled,264,train,buoy,b7,False,,,prediction_jsonl,True
vision_only_tiled,264,train,buoy,b8,False,,,prediction_jsonl,True
vision_only_tiled,265,train,boat,boat,True,0.7126756386706048,0.6594076156616211,prediction_jsonl,True
vision_only_tiled,265,train,buoy,b1,True,0.6110183011468595,0.21299567818641663,prediction_jsonl,True
vision_only_tiled,265,train,buoy,b3,False,,,prediction_jsonl,True
vision_only_tiled,265,train,buoy,b4,False,,,prediction_jsonl,True
vision_only_tiled,265,train,buoy,b5,False,,,prediction_jsonl,True
vision_only_tiled,265,train,buoy,b6,False,,,prediction_jsonl,True
vision_only_tiled,265,train,buoy,b7,False,,,prediction_jsonl,True
vision_only_tiled,265,train,buoy,b8,False,,,prediction_jsonl,True
vision_only_tiled,266,train,boat,boat,True,0.7197717838608356,0.6603055000305176,prediction_jsonl,True
vision_only_tiled,266,train,buoy,b1,True,0.6125912632572165,0.19038227200508118,prediction_jsonl,True
vision_only_tiled,266,train,buoy,b3,False,,,prediction_jsonl,True
vision_only_tiled,266,train,buoy,b4,False,,,prediction_jsonl,True
vision_only_tiled,266,train,buoy,b5,False,,,prediction_jsonl,True
vision_only_tiled,266,train,buoy,b6,False,,,prediction_jsonl,True
vision_only_tiled,266,train,buoy,b7,False,,,prediction_jsonl,True
vision_only_tiled,266,train,buoy,b8,False,,,prediction_jsonl,True
vision_only_tiled,267,train,boat,boat,True,0.7222422639066463,0.65097576379776,prediction_jsonl,True
vision_only_tiled,267,train,buoy,b1,False,,,prediction_jsonl,True
vision_only_tiled,267,train,buoy,b3,False,,,prediction_jsonl,True
vision_only_tiled,267,train,buoy,b4,False,,,prediction_jsonl,True
vision_only_tiled,267,train,buoy,b5,False,,,prediction_jsonl,True
vision_only_tiled,267,train,buoy,b6,False,,,prediction_jsonl,True
vision_only_tiled,267,train,buoy,b7,False,,,prediction_jsonl,True
vision_only_tiled,267,train,buoy,b8,False,,,prediction_jsonl,True
vision_only_tiled,268,train,boat,boat,True,0.702565372240645,0.6601384878158569,prediction_jsonl,True
vision_only_tiled,268,train,buoy,b1,True,0.5977660689359603,0.2222239375114441,prediction_jsonl,True
vision_only_tiled,268,train,buoy,b3,False,,,prediction_jsonl,True
vision_only_tiled,268,train,buoy,b4,False,,,prediction_jsonl,True
vision_only_tiled,268,train,buoy,b5,False,,,prediction_jsonl,True
vision_only_tiled,268,train,buoy,b6,False,,,prediction_jsonl,True
vision_only_tiled,268,train,buoy,b7,False,,,prediction_jsonl,True
vision_only_tiled,268,train,buoy,b8,False,,,prediction_jsonl,True
vision_only_tiled,269,train,boat,boat,True,0.6805957722536286,0.6511326432228088,prediction_jsonl,True
vision_only_tiled,269,train,buoy,b1,False,,,prediction_jsonl,True
vision_only_tiled,269,train,buoy,b3,False,,,prediction_jsonl,True
vision_only_tiled,269,train,buoy,b4,False,,,prediction_jsonl,True
vision_only_tiled,269,train,buoy,b5,False,,,prediction_jsonl,True
vision_only_tiled,269,train,buoy,b6,False,,,prediction_jsonl,True
vision_only_tiled,269,train,buoy,b7,False,,,prediction_jsonl,True
vision_only_tiled,269,train,buoy,b8,False,,,prediction_jsonl,True
vision_only_tiled,270,train,boat,boat,True,0.6660460104459095,0.6537080407142639,prediction_jsonl,True
vision_only_tiled,270,train,buoy,b1,True,0.6057638439056052,0.19580864906311035,prediction_jsonl,True
vision_only_tiled,270,train,buoy,b3,False,,,prediction_jsonl,True
vision_only_tiled,270,train,buoy,b4,False,,,prediction_jsonl,True
vision_only_tiled,270,train,buoy,b5,False,,,prediction_jsonl,True
vision_only_tiled,270,train,buoy,b6,False,,,prediction_jsonl,True
vision_only_tiled,270,train,buoy,b7,False,,,prediction_jsonl,True
vision_only_tiled,270,train,buoy,b8,False,,,prediction_jsonl,True
vision_only_tiled,271,train,boat,boat,True,0.6823502778161444,0.6607342958450317,prediction_jsonl,True
vision_only_tiled,271,train,buoy,b1,True,0.6207725433635979,0.2314184010028839,prediction_jsonl,True
vision_only_tiled,271,train,buoy,b3,False,,,prediction_jsonl,True
vision_only_tiled,271,train,buoy,b4,False,,,prediction_jsonl,True
vision_only_tiled,271,train,buoy,b5,False,,,prediction_jsonl,True
vision_only_tiled,271,train,buoy,b6,False,,,prediction_jsonl,True
vision_only_tiled,271,train,buoy,b7,False,,,prediction_jsonl,True
vision_only_tiled,271,train,buoy,b8,False,,,prediction_jsonl,True
vision_only_tiled,272,train,boat,boat,True,0.6793325741556033,0.6510207056999207,prediction_jsonl,True
vision_only_tiled,272,train,buoy,b1,True,0.6271111235919117,0.19244703650474548,prediction_jsonl,True
vision_only_tiled,272,train,buoy,b3,False,,,prediction_jsonl,True
vision_only_tiled,272,train,buoy,b4,False,,,prediction_jsonl,True
vision_only_tiled,272,train,buoy,b5,False,,,prediction_jsonl,True
vision_only_tiled,272,train,buoy,b6,False,,,prediction_jsonl,True
vision_only_tiled,272,train,buoy,b7,False,,,prediction_jsonl,True
vision_only_tiled,272,train,buoy,b8,False,,,prediction_jsonl,True
vision_only_tiled,273,train,boat,boat,True,0.6918612390078402,0.651292622089386,prediction_jsonl,True
vision_only_tiled,273,train,buoy,b1,True,0.6303071393215438,0.18843534588813782,prediction_jsonl,True
vision_only_tiled,273,train,buoy,b3,False,,,prediction_jsonl,True
vision_only_tiled,273,train,buoy,b4,False,,,prediction_jsonl,True
vision_only_tiled,273,train,buoy,b5,False,,,prediction_jsonl,True
vision_only_tiled,273,train,buoy,b6,False,,,prediction_jsonl,True
vision_only_tiled,273,train,buoy,b7,False,,,prediction_jsonl,True
vision_only_tiled,273,train,buoy,b8,False,,,prediction_jsonl,True
vision_only_tiled,274,train,boat,boat,True,0.7025114111644563,0.6506136059761047,prediction_jsonl,True
vision_only_tiled,274,train,buoy,b1,False,,,prediction_jsonl,True
vision_only_tiled,274,train,buoy,b3,False,,,prediction_jsonl,True
vision_only_tiled,274,train,buoy,b4,False,,,prediction_jsonl,True
vision_only_tiled,274,train,buoy,b5,False,,,prediction_jsonl,True
vision_only_tiled,274,train,buoy,b6,False,,,prediction_jsonl,True
vision_only_tiled,274,train,buoy,b7,False,,,prediction_jsonl,True
vision_only_tiled,274,train,buoy,b8,False,,,prediction_jsonl,True
vision_only_tiled,275,train,boat,boat,True,0.6617035080843812,0.6550595164299011,prediction_jsonl,True
vision_only_tiled,275,train,buoy,b1,True,0.6613865226167298,0.21657226979732513,prediction_jsonl,True
vision_only_tiled,275,train,buoy,b3,False,,,prediction_jsonl,True
vision_only_tiled,275,train,buoy,b4,False,,,prediction_jsonl,True
vision_only_tiled,275,train,buoy,b5,False,,,prediction_jsonl,True
vision_only_tiled,275,train,buoy,b6,False,,,prediction_jsonl,True
vision_only_tiled,275,train,buoy,b7,False,,,prediction_jsonl,True
vision_only_tiled,275,train,buoy,b8,False,,,prediction_jsonl,True
vision_only_tiled,276,train,boat,boat,True,0.6769955209924948,0.653781533241272,prediction_jsonl,True
vision_only_tiled,276,train,buoy,b1,True,0.6835380940068342,0.22499436140060425,prediction_jsonl,True
vision_only_tiled,276,train,buoy,b3,False,,,prediction_jsonl,True
vision_only_tiled,276,train,buoy,b4,False,,,prediction_jsonl,True
vision_only_tiled,276,train,buoy,b5,False,,,prediction_jsonl,True
vision_only_tiled,276,train,buoy,b6,False,,,prediction_jsonl,True
vision_only_tiled,276,train,buoy,b7,False,,,prediction_jsonl,True
vision_only_tiled,276,train,buoy,b8,False,,,prediction_jsonl,True
vision_only_tiled,277,train,boat,boat,True,0.67178489786787,0.6609758734703064,prediction_jsonl,True
vision_only_tiled,277,train,buoy,b1,True,0.671365075793797,0.20955713093280792,prediction_jsonl,True
vision_only_tiled,277,train,buoy,b3,False,,,prediction_jsonl,True
vision_only_tiled,277,train,buoy,b4,False,,,prediction_jsonl,True
vision_only_tiled,277,train,buoy,b5,False,,,prediction_jsonl,True
vision_only_tiled,277,train,buoy,b6,False,,,prediction_jsonl,True
vision_only_tiled,277,train,buoy,b7,False,,,prediction_jsonl,True
vision_only_tiled,277,train,buoy,b8,False,,,prediction_jsonl,True
vision_only_tiled,278,train,boat,boat,True,0.6914931232905906,0.6323003768920898,prediction_jsonl,True
vision_only_tiled,278,train,buoy,b1,True,0.6295580978580777,0.21074290573596954,prediction_jsonl,True
vision_only_tiled,278,train,buoy,b3,False,,,prediction_jsonl,True
vision_only_tiled,278,train,buoy,b4,False,,,prediction_jsonl,True
vision_only_tiled,278,train,buoy,b5,False,,,prediction_jsonl,True
vision_only_tiled,278,train,buoy,b6,False,,,prediction_jsonl,True
vision_only_tiled,278,train,buoy,b7,False,,,prediction_jsonl,True
vision_only_tiled,278,train,buoy,b8,False,,,prediction_jsonl,True
vision_only_tiled,279,train,boat,boat,True,0.7128672459648122,0.6376510262489319,prediction_jsonl,True
vision_only_tiled,279,train,buoy,b1,True,0.6401965587241322,0.21457603573799133,prediction_jsonl,True
vision_only_tiled,279,train,buoy,b3,False,,,prediction_jsonl,True
vision_only_tiled,279,train,buoy,b4,False,,,prediction_jsonl,True
vision_only_tiled,279,train,buoy,b5,False,,,prediction_jsonl,True
vision_only_tiled,279,train,buoy,b6,False,,,prediction_jsonl,True
vision_only_tiled,279,train,buoy,b7,False,,,prediction_jsonl,True
vision_only_tiled,279,train,buoy,b8,False,,,prediction_jsonl,True
vision_only_tiled,280,train,boat,boat,True,0.7193050490178182,0.6451545357704163,prediction_jsonl,True
vision_only_tiled,280,train,buoy,b1,True,0.6415098794657295,0.2181202620267868,prediction_jsonl,True
vision_only_tiled,280,train,buoy,b3,False,,,prediction_jsonl,True
vision_only_tiled,280,train,buoy,b4,False,,,prediction_jsonl,True
vision_only_tiled,280,train,buoy,b5,False,,,prediction_jsonl,True
vision_only_tiled,280,train,buoy,b6,False,,,prediction_jsonl,True
vision_only_tiled,280,train,buoy,b7,False,,,prediction_jsonl,True
vision_only_tiled,280,train,buoy,b8,False,,,prediction_jsonl,True
vision_only_tiled,281,train,boat,boat,True,0.7088737936553019,0.6529096364974976,prediction_jsonl,True
vision_only_tiled,281,train,buoy,b1,True,0.6013992574752045,0.22980891168117523,prediction_jsonl,True
vision_only_tiled,281,train,buoy,b3,False,,,prediction_jsonl,True
vision_only_tiled,281,train,buoy,b4,False,,,prediction_jsonl,True
vision_only_tiled,281,train,buoy,b5,False,,,prediction_jsonl,True
vision_only_tiled,281,train,buoy,b6,False,,,prediction_jsonl,True
vision_only_tiled,281,train,buoy,b7,False,,,prediction_jsonl,True
vision_only_tiled,281,train,buoy,b8,False,,,prediction_jsonl,True
vision_only_tiled,282,train,boat,boat,True,0.6944963405668814,0.6409177184104919,prediction_jsonl,True
vision_only_tiled,282,train,buoy,b1,True,0.6199908488168161,0.22119084000587463,prediction_jsonl,True
vision_only_tiled,282,train,buoy,b3,False,,,prediction_jsonl,True
vision_only_tiled,282,train,buoy,b4,False,,,prediction_jsonl,True
vision_only_tiled,282,train,buoy,b5,False,,,prediction_jsonl,True
vision_only_tiled,282,train,buoy,b6,False,,,prediction_jsonl,True
vision_only_tiled,282,train,buoy,b7,False,,,prediction_jsonl,True
vision_only_tiled,282,train,buoy,b8,False,,,prediction_jsonl,True
vision_only_tiled,283,train,boat,boat,True,0.7196202564182399,0.6407590508460999,prediction_jsonl,True
vision_only_tiled,283,train,buoy,b1,True,0.6185426342997077,0.22468088567256927,prediction_jsonl,True
vision_only_tiled,283,train,buoy,b3,False,,,prediction_jsonl,True
vision_only_tiled,283,train,buoy,b4,False,,,prediction_jsonl,True
vision_only_tiled,283,train,buoy,b5,False,,,prediction_jsonl,True
vision_only_tiled,283,train,buoy,b6,False,,,prediction_jsonl,True
vision_only_tiled,283,train,buoy,b7,False,,,prediction_jsonl,True
vision_only_tiled,283,train,buoy,b8,False,,,prediction_jsonl,True
vision_only_tiled,284,train,boat,boat,True,0.7030600086383878,0.654283344745636,prediction_jsonl,True
vision_only_tiled,284,train,buoy,b1,True,0.6392937100129146,0.23510171473026276,prediction_jsonl,True
vision_only_tiled,284,train,buoy,b3,False,,,prediction_jsonl,True
vision_only_tiled,284,train,buoy,b4,False,,,prediction_jsonl,True
vision_only_tiled,284,train,buoy,b5,False,,,prediction_jsonl,True
vision_only_tiled,284,train,buoy,b6,False,,,prediction_jsonl,True
vision_only_tiled,284,train,buoy,b7,False,,,prediction_jsonl,True
vision_only_tiled,284,train,buoy,b8,False,,,prediction_jsonl,True
vision_only_tiled,285,train,boat,boat,True,0.6841276278009876,0.6428923606872559,prediction_jsonl,True
vision_only_tiled,285,train,buoy,b1,True,0.6432305063167983,0.238608255982399,prediction_jsonl,True
vision_only_tiled,285,train,buoy,b3,False,,,prediction_jsonl,True
vision_only_tiled,285,train,buoy,b4,False,,,prediction_jsonl,True
vision_only_tiled,285,train,buoy,b5,False,,,prediction_jsonl,True
vision_only_tiled,285,train,buoy,b6,False,,,prediction_jsonl,True
vision_only_tiled,285,train,buoy,b7,False,,,prediction_jsonl,True
vision_only_tiled,285,train,buoy,b8,False,,,prediction_jsonl,True
vision_only_tiled,286,train,boat,boat,True,0.6690488442354546,0.6429428458213806,prediction_jsonl,True
vision_only_tiled,286,train,buoy,b1,True,0.6395309803975948,0.2332947999238968,prediction_jsonl,True
vision_only_tiled,286,train,buoy,b3,False,,,prediction_jsonl,True
vision_only_tiled,286,train,buoy,b4,False,,,prediction_jsonl,True
vision_only_tiled,286,train,buoy,b5,False,,,prediction_jsonl,True
vision_only_tiled,286,train,buoy,b6,False,,,prediction_jsonl,True
vision_only_tiled,286,train,buoy,b7,False,,,prediction_jsonl,True
vision_only_tiled,286,train,buoy,b8,False,,,prediction_jsonl,True
vision_only_tiled,287,train,boat,boat,True,0.681913653600951,0.6627178192138672,prediction_jsonl,True
vision_only_tiled,287,train,buoy,b1,True,0.6343944676443065,0.2508224546909332,prediction_jsonl,True
vision_only_tiled,287,train,buoy,b3,False,,,prediction_jsonl,True
vision_only_tiled,287,train,buoy,b4,False,,,prediction_jsonl,True
vision_only_tiled,287,train,buoy,b5,False,,,prediction_jsonl,True
vision_only_tiled,287,train,buoy,b6,False,,,prediction_jsonl,True
vision_only_tiled,287,train,buoy,b7,False,,,prediction_jsonl,True
vision_only_tiled,287,train,buoy,b8,False,,,prediction_jsonl,True
vision_only_tiled,288,train,boat,boat,True,0.6811617320298519,0.6458981037139893,prediction_jsonl,True
vision_only_tiled,288,train,buoy,b1,True,0.6391592457224278,0.23002104461193085,prediction_jsonl,True
vision_only_tiled,288,train,buoy,b3,False,,,prediction_jsonl,True
vision_only_tiled,288,train,buoy,b4,False,,,prediction_jsonl,True
vision_only_tiled,288,train,buoy,b5,False,,,prediction_jsonl,True
vision_only_tiled,288,train,buoy,b6,False,,,prediction_jsonl,True
vision_only_tiled,288,train,buoy,b7,False,,,prediction_jsonl,True
vision_only_tiled,288,train,buoy,b8,False,,,prediction_jsonl,True
vision_only_tiled,289,train,boat,boat,True,0.6715465162757344,0.6665074229240417,prediction_jsonl,True
vision_only_tiled,289,train,buoy,b1,True,0.6204564244355855,0.24702240526676178,prediction_jsonl,True
vision_only_tiled,289,train,buoy,b3,False,,,prediction_jsonl,True
vision_only_tiled,289,train,buoy,b4,False,,,prediction_jsonl,True
vision_only_tiled,289,train,buoy,b5,False,,,prediction_jsonl,True
vision_only_tiled,289,train,buoy,b6,False,,,prediction_jsonl,True
vision_only_tiled,289,train,buoy,b7,False,,,prediction_jsonl,True
vision_only_tiled,289,train,buoy,b8,False,,,prediction_jsonl,True
vision_only_tiled,290,train,boat,boat,True,0.6983576802001237,0.6367884278297424,prediction_jsonl,True
vision_only_tiled,290,train,buoy,b1,True,0.6492725923155825,0.20727978646755219,prediction_jsonl,True
vision_only_tiled,290,train,buoy,b3,False,,,prediction_jsonl,True
vision_only_tiled,290,train,buoy,b4,False,,,prediction_jsonl,True
vision_only_tiled,290,train,buoy,b5,False,,,prediction_jsonl,True
vision_only_tiled,290,train,buoy,b6,False,,,prediction_jsonl,True
vision_only_tiled,290,train,buoy,b7,False,,,prediction_jsonl,True
vision_only_tiled,290,train,buoy,b8,False,,,prediction_jsonl,True
vision_only_tiled,291,train,boat,boat,True,0.6913350122575088,0.6525434851646423,prediction_jsonl,True
vision_only_tiled,291,train,buoy,b1,True,0.6533675198733926,0.18793384730815887,prediction_jsonl,True
vision_only_tiled,291,train,buoy,b3,False,,,prediction_jsonl,True
vision_only_tiled,291,train,buoy,b4,False,,,prediction_jsonl,True
vision_only_tiled,291,train,buoy,b5,False,,,prediction_jsonl,True
vision_only_tiled,291,train,buoy,b6,False,,,prediction_jsonl,True
vision_only_tiled,291,train,buoy,b7,False,,,prediction_jsonl,True
vision_only_tiled,291,train,buoy,b8,False,,,prediction_jsonl,True
vision_only_tiled,292,train,boat,boat,True,0.6848677770286451,0.6592328548431396,prediction_jsonl,True
vision_only_tiled,292,train,buoy,b1,True,0.6599396181293765,0.20594654977321625,prediction_jsonl,True
vision_only_tiled,292,train,buoy,b3,False,,,prediction_jsonl,True
vision_only_tiled,292,train,buoy,b4,False,,,prediction_jsonl,True
vision_only_tiled,292,train,buoy,b5,False,,,prediction_jsonl,True
vision_only_tiled,292,train,buoy,b6,False,,,prediction_jsonl,True
vision_only_tiled,292,train,buoy,b7,False,,,prediction_jsonl,True
vision_only_tiled,292,train,buoy,b8,False,,,prediction_jsonl,True
vision_only_tiled,293,train,boat,boat,True,0.7129068634666929,0.6452857255935669,prediction_jsonl,True
vision_only_tiled,293,train,buoy,b1,True,0.6098181288288844,0.20222622156143188,prediction_jsonl,True
vision_only_tiled,293,train,buoy,b3,False,,,prediction_jsonl,True
vision_only_tiled,293,train,buoy,b4,False,,,prediction_jsonl,True
vision_only_tiled,293,train,buoy,b5,False,,,prediction_jsonl,True
vision_only_tiled,293,train,buoy,b6,False,,,prediction_jsonl,True
vision_only_tiled,293,train,buoy,b7,False,,,prediction_jsonl,True
vision_only_tiled,293,train,buoy,b8,False,,,prediction_jsonl,True
vision_only_tiled,294,train,boat,boat,True,0.7057541842849777,0.6521766781806946,prediction_jsonl,True
vision_only_tiled,294,train,buoy,b1,True,0.6600846003717873,0.20080766081809998,prediction_jsonl,True
vision_only_tiled,294,train,buoy,b3,False,,,prediction_jsonl,True
vision_only_tiled,294,train,buoy,b4,False,,,prediction_jsonl,True
vision_only_tiled,294,train,buoy,b5,False,,,prediction_jsonl,True
vision_only_tiled,294,train,buoy,b6,False,,,prediction_jsonl,True
vision_only_tiled,294,train,buoy,b7,False,,,prediction_jsonl,True
vision_only_tiled,294,train,buoy,b8,False,,,prediction_jsonl,True
vision_only_tiled,295,train,boat,boat,True,0.7124765969855898,0.6404772400856018,prediction_jsonl,True
vision_only_tiled,295,train,buoy,b1,True,0.651932525324617,0.19778475165367126,prediction_jsonl,True
vision_only_tiled,295,train,buoy,b3,False,,,prediction_jsonl,True
vision_only_tiled,295,train,buoy,b4,False,,,prediction_jsonl,True
vision_only_tiled,295,train,buoy,b5,False,,,prediction_jsonl,True
vision_only_tiled,295,train,buoy,b6,False,,,prediction_jsonl,True
vision_only_tiled,295,train,buoy,b7,False,,,prediction_jsonl,True
vision_only_tiled,295,train,buoy,b8,False,,,prediction_jsonl,True
vision_only_tiled,296,train,boat,boat,True,0.7207304899994018,0.6436423659324646,prediction_jsonl,True
vision_only_tiled,296,train,buoy,b1,True,0.6547591170927363,0.20035627484321594,prediction_jsonl,True
vision_only_tiled,296,train,buoy,b3,False,,,prediction_jsonl,True
vision_only_tiled,296,train,buoy,b4,False,,,prediction_jsonl,True
vision_only_tiled,296,train,buoy,b5,False,,,prediction_jsonl,True
vision_only_tiled,296,train,buoy,b6,False,,,prediction_jsonl,True
vision_only_tiled,296,train,buoy,b7,False,,,prediction_jsonl,True
vision_only_tiled,296,train,buoy,b8,False,,,prediction_jsonl,True
vision_only_tiled,297,train,boat,boat,True,0.6916678374150811,0.6492447257041931,prediction_jsonl,True
vision_only_tiled,297,train,buoy,b1,True,0.6887500575899266,0.20511363446712494,prediction_jsonl,True
vision_only_tiled,297,train,buoy,b3,False,,,prediction_jsonl,True
vision_only_tiled,297,train,buoy,b4,False,,,prediction_jsonl,True
vision_only_tiled,297,train,buoy,b5,False,,,prediction_jsonl,True
vision_only_tiled,297,train,buoy,b6,False,,,prediction_jsonl,True
vision_only_tiled,297,train,buoy,b7,False,,,prediction_jsonl,True
vision_only_tiled,297,train,buoy,b8,False,,,prediction_jsonl,True
vision_only_tiled,298,train,boat,boat,True,0.6681957766205082,0.6345143914222717,prediction_jsonl,True
vision_only_tiled,298,train,buoy,b1,True,0.6728900688617122,0.18315474689006805,prediction_jsonl,True
vision_only_tiled,298,train,buoy,b3,False,,,prediction_jsonl,True
vision_only_tiled,298,train,buoy,b4,False,,,prediction_jsonl,True
vision_only_tiled,298,train,buoy,b5,False,,,prediction_jsonl,True
vision_only_tiled,298,train,buoy,b6,False,,,prediction_jsonl,True
vision_only_tiled,298,train,buoy,b7,False,,,prediction_jsonl,True
vision_only_tiled,298,train,buoy,b8,False,,,prediction_jsonl,True
vision_only_tiled,299,train,boat,boat,True,0.6917288033427488,0.6443741321563721,prediction_jsonl,True
vision_only_tiled,299,train,buoy,b1,True,0.6567030403844006,0.1863926649093628,prediction_jsonl,True
vision_only_tiled,299,train,buoy,b3,False,,,prediction_jsonl,True
vision_only_tiled,299,train,buoy,b4,False,,,prediction_jsonl,True
vision_only_tiled,299,train,buoy,b5,False,,,prediction_jsonl,True
vision_only_tiled,299,train,buoy,b6,False,,,prediction_jsonl,True
vision_only_tiled,299,train,buoy,b7,False,,,prediction_jsonl,True
vision_only_tiled,299,train,buoy,b8,False,,,prediction_jsonl,True
vision_only_tiled,300,train,boat,boat,True,0.707458050602048,0.6407307386398315,prediction_jsonl,True
vision_only_tiled,300,train,buoy,b1,True,0.6344072057098756,0.22611792385578156,prediction_jsonl,True
vision_only_tiled,300,train,buoy,b3,False,,,prediction_jsonl,True
vision_only_tiled,300,train,buoy,b4,False,,,prediction_jsonl,True
vision_only_tiled,300,train,buoy,b5,False,,,prediction_jsonl,True
vision_only_tiled,300,train,buoy,b6,False,,,prediction_jsonl,True
vision_only_tiled,300,train,buoy,b7,False,,,prediction_jsonl,True
vision_only_tiled,300,train,buoy,b8,False,,,prediction_jsonl,True
vision_only_tiled,301,train,boat,boat,True,0.7145636625507839,0.6463165879249573,prediction_jsonl,True
vision_only_tiled,301,train,buoy,b1,True,0.6344506368580677,0.21464402973651886,prediction_jsonl,True
vision_only_tiled,301,train,buoy,b3,False,,,prediction_jsonl,True
vision_only_tiled,301,train,buoy,b4,False,,,prediction_jsonl,True
vision_only_tiled,301,train,buoy,b5,False,,,prediction_jsonl,True
vision_only_tiled,301,train,buoy,b6,False,,,prediction_jsonl,True
vision_only_tiled,301,train,buoy,b7,False,,,prediction_jsonl,True
vision_only_tiled,301,train,buoy,b8,False,,,prediction_jsonl,True
vision_only_tiled,302,train,boat,boat,True,0.6885148274193647,0.6394267678260803,prediction_jsonl,True
vision_only_tiled,302,train,buoy,b1,True,0.6328638005150643,0.2138833999633789,prediction_jsonl,True
vision_only_tiled,302,train,buoy,b3,False,,,prediction_jsonl,True
vision_only_tiled,302,train,buoy,b4,False,,,prediction_jsonl,True
vision_only_tiled,302,train,buoy,b5,False,,,prediction_jsonl,True
vision_only_tiled,302,train,buoy,b6,False,,,prediction_jsonl,True
vision_only_tiled,302,train,buoy,b7,False,,,prediction_jsonl,True
vision_only_tiled,302,train,buoy,b8,False,,,prediction_jsonl,True
vision_only_tiled,303,train,boat,boat,True,0.6804543582321468,0.6411426663398743,prediction_jsonl,True
vision_only_tiled,303,train,buoy,b1,True,0.635514249406235,0.2515900433063507,prediction_jsonl,True
vision_only_tiled,303,train,buoy,b3,False,,,prediction_jsonl,True
vision_only_tiled,303,train,buoy,b4,False,,,prediction_jsonl,True
vision_only_tiled,303,train,buoy,b5,False,,,prediction_jsonl,True
vision_only_tiled,303,train,buoy,b6,False,,,prediction_jsonl,True
vision_only_tiled,303,train,buoy,b7,False,,,prediction_jsonl,True
vision_only_tiled,303,train,buoy,b8,False,,,prediction_jsonl,True
vision_only_tiled,304,train,boat,boat,True,0.6744223971821487,0.6304826140403748,prediction_jsonl,True
vision_only_tiled,304,train,buoy,b1,True,0.6071796307121902,0.2227320373058319,prediction_jsonl,True
vision_only_tiled,304,train,buoy,b3,False,,,prediction_jsonl,True
vision_only_tiled,304,train,buoy,b4,False,,,prediction_jsonl,True
vision_only_tiled,304,train,buoy,b5,False,,,prediction_jsonl,True
vision_only_tiled,304,train,buoy,b6,False,,,prediction_jsonl,True
vision_only_tiled,304,train,buoy,b7,False,,,prediction_jsonl,True
vision_only_tiled,304,train,buoy,b8,False,,,prediction_jsonl,True
vision_only_tiled,305,train,boat,boat,True,0.7043496400171311,0.6423788070678711,prediction_jsonl,True
vision_only_tiled,305,train,buoy,b1,True,0.641738979548102,0.24081866443157196,prediction_jsonl,True
vision_only_tiled,305,train,buoy,b3,False,,,prediction_jsonl,True
vision_only_tiled,305,train,buoy,b4,False,,,prediction_jsonl,True
vision_only_tiled,305,train,buoy,b5,False,,,prediction_jsonl,True
vision_only_tiled,305,train,buoy,b6,False,,,prediction_jsonl,True
vision_only_tiled,305,train,buoy,b7,False,,,prediction_jsonl,True
vision_only_tiled,305,train,buoy,b8,False,,,prediction_jsonl,True
vision_only_tiled,306,train,boat,boat,True,0.7171833825286793,0.6412985324859619,prediction_jsonl,True
vision_only_tiled,306,train,buoy,b1,True,0.6311274991918221,0.21389645338058472,prediction_jsonl,True
vision_only_tiled,306,train,buoy,b3,False,,,prediction_jsonl,True
vision_only_tiled,306,train,buoy,b4,False,,,prediction_jsonl,True
vision_only_tiled,306,train,buoy,b5,False,,,prediction_jsonl,True
vision_only_tiled,306,train,buoy,b6,False,,,prediction_jsonl,True
vision_only_tiled,306,train,buoy,b7,False,,,prediction_jsonl,True
vision_only_tiled,306,train,buoy,b8,False,,,prediction_jsonl,True
vision_only_tiled,307,train,boat,boat,True,0.7270806797621622,0.6412632465362549,prediction_jsonl,True
vision_only_tiled,307,train,buoy,b1,True,0.6173116232113699,0.19048823416233063,prediction_jsonl,True
vision_only_tiled,307,train,buoy,b3,False,,,prediction_jsonl,True
vision_only_tiled,307,train,buoy,b4,False,,,prediction_jsonl,True
vision_only_tiled,307,train,buoy,b5,False,,,prediction_jsonl,True
vision_only_tiled,307,train,buoy,b6,False,,,prediction_jsonl,True
vision_only_tiled,307,train,buoy,b7,False,,,prediction_jsonl,True
vision_only_tiled,307,train,buoy,b8,False,,,prediction_jsonl,True
vision_only_tiled,308,train,boat,boat,True,0.7292501057539005,0.6470840573310852,prediction_jsonl,True
vision_only_tiled,308,train,buoy,b1,True,0.6242860506258062,0.2196117341518402,prediction_jsonl,True
vision_only_tiled,308,train,buoy,b3,False,,,prediction_jsonl,True
vision_only_tiled,308,train,buoy,b4,False,,,prediction_jsonl,True
vision_only_tiled,308,train,buoy,b5,False,,,prediction_jsonl,True
vision_only_tiled,308,train,buoy,b6,False,,,prediction_jsonl,True
vision_only_tiled,308,train,buoy,b7,False,,,prediction_jsonl,True
vision_only_tiled,308,train,buoy,b8,False,,,prediction_jsonl,True
vision_only_tiled,309,train,boat,boat,True,0.7060571275824815,0.650671124458313,prediction_jsonl,True
vision_only_tiled,309,train,buoy,b1,True,0.6321153371610663,0.20785564184188843,prediction_jsonl,True
vision_only_tiled,309,train,buoy,b3,False,,,prediction_jsonl,True
vision_only_tiled,309,train,buoy,b4,False,,,prediction_jsonl,True
vision_only_tiled,309,train,buoy,b5,False,,,prediction_jsonl,True
vision_only_tiled,309,train,buoy,b6,False,,,prediction_jsonl,True
vision_only_tiled,309,train,buoy,b7,False,,,prediction_jsonl,True
vision_only_tiled,309,train,buoy,b8,False,,,prediction_jsonl,True
vision_only_tiled,310,train,boat,boat,True,0.7089119297100457,0.6397615075111389,prediction_jsonl,True
vision_only_tiled,310,train,buoy,b1,True,0.6457118988180782,0.20684975385665894,prediction_jsonl,True
vision_only_tiled,310,train,buoy,b3,False,,,prediction_jsonl,True
vision_only_tiled,310,train,buoy,b4,False,,,prediction_jsonl,True
vision_only_tiled,310,train,buoy,b5,False,,,prediction_jsonl,True
vision_only_tiled,310,train,buoy,b6,False,,,prediction_jsonl,True
vision_only_tiled,310,train,buoy,b7,False,,,prediction_jsonl,True
vision_only_tiled,310,train,buoy,b8,False,,,prediction_jsonl,True
vision_only_tiled,311,train,boat,boat,True,0.6813016568974162,0.6414651870727539,prediction_jsonl,True
vision_only_tiled,311,train,buoy,b1,True,0.6237674950988122,0.22039347887039185,prediction_jsonl,True
vision_only_tiled,311,train,buoy,b3,False,,,prediction_jsonl,True
vision_only_tiled,311,train,buoy,b4,False,,,prediction_jsonl,True
vision_only_tiled,311,train,buoy,b5,False,,,prediction_jsonl,True
vision_only_tiled,311,train,buoy,b6,False,,,prediction_jsonl,True
vision_only_tiled,311,train,buoy,b7,False,,,prediction_jsonl,True
vision_only_tiled,311,train,buoy,b8,False,,,prediction_jsonl,True
vision_only_tiled,312,train,boat,boat,True,0.6770371252730786,0.6369946599006653,prediction_jsonl,True
vision_only_tiled,312,train,buoy,b1,True,0.6316606982838661,0.18968909978866577,prediction_jsonl,True
vision_only_tiled,312,train,buoy,b3,False,,,prediction_jsonl,True
vision_only_tiled,312,train,buoy,b4,False,,,prediction_jsonl,True
vision_only_tiled,312,train,buoy,b5,False,,,prediction_jsonl,True
vision_only_tiled,312,train,buoy,b6,False,,,prediction_jsonl,True
vision_only_tiled,312,train,buoy,b7,False,,,prediction_jsonl,True
vision_only_tiled,312,train,buoy,b8,False,,,prediction_jsonl,True
vision_only_tiled,313,train,boat,boat,True,0.6781040486080834,0.6456933617591858,prediction_jsonl,True
vision_only_tiled,313,train,buoy,b1,True,0.6459627765146945,0.20068201422691345,prediction_jsonl,True
vision_only_tiled,313,train,buoy,b3,False,,,prediction_jsonl,True
vision_only_tiled,313,train,buoy,b4,False,,,prediction_jsonl,True
vision_only_tiled,313,train,buoy,b5,False,,,prediction_jsonl,True
vision_only_tiled,313,train,buoy,b6,False,,,prediction_jsonl,True
vision_only_tiled,313,train,buoy,b7,False,,,prediction_jsonl,True
vision_only_tiled,313,train,buoy,b8,False,,,prediction_jsonl,True
vision_only_tiled,314,train,boat,boat,True,0.6727271578009437,0.6515493392944336,prediction_jsonl,True
vision_only_tiled,314,train,buoy,b1,True,0.6645948431554272,0.1937415450811386,prediction_jsonl,True
vision_only_tiled,314,train,buoy,b3,False,,,prediction_jsonl,True
vision_only_tiled,314,train,buoy,b4,False,,,prediction_jsonl,True
vision_only_tiled,314,train,buoy,b5,False,,,prediction_jsonl,True
vision_only_tiled,314,train,buoy,b6,False,,,prediction_jsonl,True
vision_only_tiled,314,train,buoy,b7,False,,,prediction_jsonl,True
vision_only_tiled,314,train,buoy,b8,False,,,prediction_jsonl,True
vision_only_tiled,315,train,boat,boat,True,0.6836539386499434,0.647890567779541,prediction_jsonl,True
vision_only_tiled,315,train,buoy,b1,True,0.6416521789059982,0.18246617913246155,prediction_jsonl,True
vision_only_tiled,315,train,buoy,b3,False,,,prediction_jsonl,True
vision_only_tiled,315,train,buoy,b4,False,,,prediction_jsonl,True
vision_only_tiled,315,train,buoy,b5,False,,,prediction_jsonl,True
vision_only_tiled,315,train,buoy,b6,False,,,prediction_jsonl,True
vision_only_tiled,315,train,buoy,b7,False,,,prediction_jsonl,True
vision_only_tiled,315,train,buoy,b8,False,,,prediction_jsonl,True
vision_only_tiled,316,train,boat,boat,True,0.6940342996131089,0.6319733262062073,prediction_jsonl,True
vision_only_tiled,316,train,buoy,b1,False,,,prediction_jsonl,True
vision_only_tiled,316,train,buoy,b3,False,,,prediction_jsonl,True
vision_only_tiled,316,train,buoy,b4,False,,,prediction_jsonl,True
vision_only_tiled,316,train,buoy,b5,False,,,prediction_jsonl,True
vision_only_tiled,316,train,buoy,b6,False,,,prediction_jsonl,True
vision_only_tiled,316,train,buoy,b7,False,,,prediction_jsonl,True
vision_only_tiled,316,train,buoy,b8,False,,,prediction_jsonl,True
vision_only_tiled,317,train,boat,boat,True,0.6998226697026196,0.6464815735816956,prediction_jsonl,True
vision_only_tiled,317,train,buoy,b1,True,0.6359533061672814,0.1813061535358429,prediction_jsonl,True
vision_only_tiled,317,train,buoy,b3,False,,,prediction_jsonl,True
vision_only_tiled,317,train,buoy,b4,False,,,prediction_jsonl,True
vision_only_tiled,317,train,buoy,b5,False,,,prediction_jsonl,True
vision_only_tiled,317,train,buoy,b6,False,,,prediction_jsonl,True
vision_only_tiled,317,train,buoy,b7,False,,,prediction_jsonl,True
vision_only_tiled,317,train,buoy,b8,False,,,prediction_jsonl,True
vision_only_tiled,318,train,boat,boat,True,0.6954494527460107,0.6548672318458557,prediction_jsonl,True
vision_only_tiled,318,train,buoy,b1,True,0.6390142163245822,0.19241668283939362,prediction_jsonl,True
vision_only_tiled,318,train,buoy,b3,False,,,prediction_jsonl,True
vision_only_tiled,318,train,buoy,b4,False,,,prediction_jsonl,True
vision_only_tiled,318,train,buoy,b5,False,,,prediction_jsonl,True
vision_only_tiled,318,train,buoy,b6,False,,,prediction_jsonl,True
vision_only_tiled,318,train,buoy,b7,False,,,prediction_jsonl,True
vision_only_tiled,318,train,buoy,b8,False,,,prediction_jsonl,True
vision_only_tiled,319,train,boat,boat,True,0.708290849905166,0.6478193402290344,prediction_jsonl,True
vision_only_tiled,319,train,buoy,b1,False,,,prediction_jsonl,True
vision_only_tiled,319,train,buoy,b3,False,,,prediction_jsonl,True
vision_only_tiled,319,train,buoy,b4,False,,,prediction_jsonl,True
vision_only_tiled,319,train,buoy,b5,False,,,prediction_jsonl,True
vision_only_tiled,319,train,buoy,b6,False,,,prediction_jsonl,True
vision_only_tiled,319,train,buoy,b7,False,,,prediction_jsonl,True
vision_only_tiled,319,train,buoy,b8,False,,,prediction_jsonl,True
vision_only_tiled,320,train,boat,boat,True,0.6879838452442404,0.6602475643157959,prediction_jsonl,True
vision_only_tiled,320,train,buoy,b1,True,0.6682992968197656,0.19468781352043152,prediction_jsonl,True
vision_only_tiled,320,train,buoy,b3,False,,,prediction_jsonl,True
vision_only_tiled,320,train,buoy,b4,False,,,prediction_jsonl,True
vision_only_tiled,320,train,buoy,b5,False,,,prediction_jsonl,True
vision_only_tiled,320,train,buoy,b6,False,,,prediction_jsonl,True
vision_only_tiled,320,train,buoy,b7,False,,,prediction_jsonl,True
vision_only_tiled,320,train,buoy,b8,False,,,prediction_jsonl,True
vision_only_tiled,321,train,boat,boat,True,0.6938953965351506,0.6671173572540283,prediction_jsonl,True
vision_only_tiled,321,train,buoy,b1,False,,,prediction_jsonl,True
vision_only_tiled,321,train,buoy,b3,False,,,prediction_jsonl,True
vision_only_tiled,321,train,buoy,b4,False,,,prediction_jsonl,True
vision_only_tiled,321,train,buoy,b5,False,,,prediction_jsonl,True
vision_only_tiled,321,train,buoy,b6,False,,,prediction_jsonl,True
vision_only_tiled,321,train,buoy,b7,False,,,prediction_jsonl,True
vision_only_tiled,321,train,buoy,b8,False,,,prediction_jsonl,True
vision_only_tiled,322,train,boat,boat,True,0.7122680797996107,0.6600401997566223,prediction_jsonl,True
vision_only_tiled,322,train,buoy,b1,True,0.6328187071225662,0.18633374571800232,prediction_jsonl,True
vision_only_tiled,322,train,buoy,b3,False,,,prediction_jsonl,True
vision_only_tiled,322,train,buoy,b4,False,,,prediction_jsonl,True
vision_only_tiled,322,train,buoy,b5,False,,,prediction_jsonl,True
vision_only_tiled,322,train,buoy,b6,False,,,prediction_jsonl,True
vision_only_tiled,322,train,buoy,b7,False,,,prediction_jsonl,True
vision_only_tiled,322,train,buoy,b8,False,,,prediction_jsonl,True
vision_only_tiled,323,train,boat,boat,True,0.7071494855540135,0.6544786095619202,prediction_jsonl,True
vision_only_tiled,323,train,buoy,b1,True,0.6561009524475421,0.18326044082641602,prediction_jsonl,True
vision_only_tiled,323,train,buoy,b3,False,,,prediction_jsonl,True
vision_only_tiled,323,train,buoy,b4,False,,,prediction_jsonl,True
vision_only_tiled,323,train,buoy,b5,False,,,prediction_jsonl,True
vision_only_tiled,323,train,buoy,b6,False,,,prediction_jsonl,True
vision_only_tiled,323,train,buoy,b7,False,,,prediction_jsonl,True
vision_only_tiled,323,train,buoy,b8,False,,,prediction_jsonl,True
vision_only_tiled,324,train,boat,boat,True,0.7078421768320278,0.6538428664207458,prediction_jsonl,True
vision_only_tiled,324,train,buoy,b1,True,0.6384187565128955,0.18978601694107056,prediction_jsonl,True
vision_only_tiled,324,train,buoy,b3,False,,,prediction_jsonl,True
vision_only_tiled,324,train,buoy,b4,False,,,prediction_jsonl,True
vision_only_tiled,324,train,buoy,b5,False,,,prediction_jsonl,True
vision_only_tiled,324,train,buoy,b6,False,,,prediction_jsonl,True
vision_only_tiled,324,train,buoy,b7,False,,,prediction_jsonl,True
vision_only_tiled,324,train,buoy,b8,False,,,prediction_jsonl,True
vision_only_tiled,325,train,boat,boat,True,0.7080224164268264,0.6462859511375427,prediction_jsonl,True
vision_only_tiled,325,train,buoy,b1,True,0.6440442414411439,0.19286072254180908,prediction_jsonl,True
vision_only_tiled,325,train,buoy,b3,False,,,prediction_jsonl,True
vision_only_tiled,325,train,buoy,b4,False,,,prediction_jsonl,True
vision_only_tiled,325,train,buoy,b5,False,,,prediction_jsonl,True
vision_only_tiled,325,train,buoy,b6,False,,,prediction_jsonl,True
vision_only_tiled,325,train,buoy,b7,False,,,prediction_jsonl,True
vision_only_tiled,325,train,buoy,b8,False,,,prediction_jsonl,True
vision_only_tiled,326,train,boat,boat,True,0.7153843919727932,0.6405927538871765,prediction_jsonl,True
vision_only_tiled,326,train,buoy,b1,True,0.6374331379428901,0.20453259348869324,prediction_jsonl,True
vision_only_tiled,326,train,buoy,b3,False,,,prediction_jsonl,True
vision_only_tiled,326,train,buoy,b4,False,,,prediction_jsonl,True
vision_only_tiled,326,train,buoy,b5,False,,,prediction_jsonl,True
vision_only_tiled,326,train,buoy,b6,False,,,prediction_jsonl,True
vision_only_tiled,326,train,buoy,b7,False,,,prediction_jsonl,True
vision_only_tiled,326,train,buoy,b8,False,,,prediction_jsonl,True
vision_only_tiled,327,train,boat,boat,True,0.7187301631959347,0.6272469162940979,prediction_jsonl,True
vision_only_tiled,327,train,buoy,b1,False,,,prediction_jsonl,True
vision_only_tiled,327,train,buoy,b3,False,,,prediction_jsonl,True
vision_only_tiled,327,train,buoy,b4,False,,,prediction_jsonl,True
vision_only_tiled,327,train,buoy,b5,False,,,prediction_jsonl,True
vision_only_tiled,327,train,buoy,b6,False,,,prediction_jsonl,True
vision_only_tiled,327,train,buoy,b7,False,,,prediction_jsonl,True
vision_only_tiled,327,train,buoy,b8,False,,,prediction_jsonl,True
vision_only_tiled,328,train,boat,boat,True,0.6818309131808554,0.6401315927505493,prediction_jsonl,True
vision_only_tiled,328,train,buoy,b1,True,0.6211577449108248,0.21075807511806488,prediction_jsonl,True
vision_only_tiled,328,train,buoy,b3,False,,,prediction_jsonl,True
vision_only_tiled,328,train,buoy,b4,False,,,prediction_jsonl,True
vision_only_tiled,328,train,buoy,b5,False,,,prediction_jsonl,True
vision_only_tiled,328,train,buoy,b6,False,,,prediction_jsonl,True
vision_only_tiled,328,train,buoy,b7,False,,,prediction_jsonl,True
vision_only_tiled,328,train,buoy,b8,False,,,prediction_jsonl,True
vision_only_tiled,329,val,boat,boat,True,0.6917771160816164,0.6433009505271912,prediction_jsonl,True
vision_only_tiled,329,val,buoy,b1,True,0.6160424949221899,0.20490781962871552,prediction_jsonl,True
vision_only_tiled,329,val,buoy,b3,False,,,prediction_jsonl,True
vision_only_tiled,329,val,buoy,b4,False,,,prediction_jsonl,True
vision_only_tiled,329,val,buoy,b5,False,,,prediction_jsonl,True
vision_only_tiled,329,val,buoy,b6,False,,,prediction_jsonl,True
vision_only_tiled,329,val,buoy,b7,False,,,prediction_jsonl,True
vision_only_tiled,329,val,buoy,b8,False,,,prediction_jsonl,True
vision_only_tiled,330,val,boat,boat,True,0.6811535925648616,0.6316720247268677,prediction_jsonl,True
vision_only_tiled,330,val,buoy,b1,True,0.6308699364270096,0.20075048506259918,prediction_jsonl,True
vision_only_tiled,330,val,buoy,b3,False,,,prediction_jsonl,True
vision_only_tiled,330,val,buoy,b4,False,,,prediction_jsonl,True
vision_only_tiled,330,val,buoy,b5,False,,,prediction_jsonl,True
vision_only_tiled,330,val,buoy,b6,False,,,prediction_jsonl,True
vision_only_tiled,330,val,buoy,b7,False,,,prediction_jsonl,True
vision_only_tiled,330,val,buoy,b8,False,,,prediction_jsonl,True
vision_only_tiled,331,val,boat,boat,True,0.6694259309950064,0.6380431056022644,prediction_jsonl,True
vision_only_tiled,331,val,buoy,b1,True,0.6581671021786759,0.19519078731536865,prediction_jsonl,True
vision_only_tiled,331,val,buoy,b3,False,,,prediction_jsonl,True
vision_only_tiled,331,val,buoy,b4,False,,,prediction_jsonl,True
vision_only_tiled,331,val,buoy,b5,False,,,prediction_jsonl,True
vision_only_tiled,331,val,buoy,b6,False,,,prediction_jsonl,True
vision_only_tiled,331,val,buoy,b7,False,,,prediction_jsonl,True
vision_only_tiled,331,val,buoy,b8,False,,,prediction_jsonl,True
vision_only_tiled,332,val,boat,boat,True,0.6684465635501322,0.6350733041763306,prediction_jsonl,True
vision_only_tiled,332,val,buoy,b1,False,,,prediction_jsonl,True
vision_only_tiled,332,val,buoy,b3,False,,,prediction_jsonl,True
vision_only_tiled,332,val,buoy,b4,False,,,prediction_jsonl,True
vision_only_tiled,332,val,buoy,b5,False,,,prediction_jsonl,True
vision_only_tiled,332,val,buoy,b6,False,,,prediction_jsonl,True
vision_only_tiled,332,val,buoy,b7,False,,,prediction_jsonl,True
vision_only_tiled,332,val,buoy,b8,False,,,prediction_jsonl,True
vision_only_tiled,333,val,boat,boat,True,0.6870155911385122,0.6462421417236328,prediction_jsonl,True
vision_only_tiled,333,val,buoy,b1,True,0.6207162557792457,0.20258426666259766,prediction_jsonl,True
vision_only_tiled,333,val,buoy,b3,False,,,prediction_jsonl,True
vision_only_tiled,333,val,buoy,b4,False,,,prediction_jsonl,True
vision_only_tiled,333,val,buoy,b5,False,,,prediction_jsonl,True
vision_only_tiled,333,val,buoy,b6,False,,,prediction_jsonl,True
vision_only_tiled,333,val,buoy,b7,False,,,prediction_jsonl,True
vision_only_tiled,333,val,buoy,b8,False,,,prediction_jsonl,True
vision_only_tiled,334,val,boat,boat,True,0.7025487944112521,0.643887460231781,prediction_jsonl,True
vision_only_tiled,334,val,buoy,b1,True,0.6462589859806792,0.18064333498477936,prediction_jsonl,True
vision_only_tiled,334,val,buoy,b3,False,,,prediction_jsonl,True
vision_only_tiled,334,val,buoy,b4,False,,,prediction_jsonl,True
vision_only_tiled,334,val,buoy,b5,False,,,prediction_jsonl,True
vision_only_tiled,334,val,buoy,b6,False,,,prediction_jsonl,True
vision_only_tiled,334,val,buoy,b7,False,,,prediction_jsonl,True
vision_only_tiled,334,val,buoy,b8,False,,,prediction_jsonl,True
vision_only_tiled,335,val,boat,boat,True,0.6613509954542699,0.627227783203125,prediction_jsonl,True
vision_only_tiled,335,val,buoy,b1,True,0.6383557257326806,0.1953740119934082,prediction_jsonl,True
vision_only_tiled,335,val,buoy,b3,False,,,prediction_jsonl,True
vision_only_tiled,335,val,buoy,b4,False,,,prediction_jsonl,True
vision_only_tiled,335,val,buoy,b5,False,,,prediction_jsonl,True
vision_only_tiled,335,val,buoy,b6,False,,,prediction_jsonl,True
vision_only_tiled,335,val,buoy,b7,False,,,prediction_jsonl,True
vision_only_tiled,335,val,buoy,b8,False,,,prediction_jsonl,True
vision_only_tiled,336,val,boat,boat,True,0.6944347861863317,0.6225216388702393,prediction_jsonl,True
vision_only_tiled,336,val,buoy,b1,True,0.6627473060964639,0.18716764450073242,prediction_jsonl,True
vision_only_tiled,336,val,buoy,b3,False,,,prediction_jsonl,True
vision_only_tiled,336,val,buoy,b4,False,,,prediction_jsonl,True
vision_only_tiled,336,val,buoy,b5,False,,,prediction_jsonl,True
vision_only_tiled,336,val,buoy,b6,False,,,prediction_jsonl,True
vision_only_tiled,336,val,buoy,b7,False,,,prediction_jsonl,True
vision_only_tiled,336,val,buoy,b8,False,,,prediction_jsonl,True
vision_only_tiled,337,val,boat,boat,True,0.6944364640428283,0.640434741973877,prediction_jsonl,True
vision_only_tiled,337,val,buoy,b1,False,,,prediction_jsonl,True
vision_only_tiled,337,val,buoy,b3,False,,,prediction_jsonl,True
vision_only_tiled,337,val,buoy,b4,False,,,prediction_jsonl,True
vision_only_tiled,337,val,buoy,b5,False,,,prediction_jsonl,True
vision_only_tiled,337,val,buoy,b6,False,,,prediction_jsonl,True
vision_only_tiled,337,val,buoy,b7,False,,,prediction_jsonl,True
vision_only_tiled,337,val,buoy,b8,False,,,prediction_jsonl,True
vision_only_tiled,338,val,boat,boat,True,0.718365060333094,0.6269800662994385,prediction_jsonl,True
vision_only_tiled,338,val,buoy,b1,True,0.6284982244033277,0.18091441690921783,prediction_jsonl,True
vision_only_tiled,338,val,buoy,b3,False,,,prediction_jsonl,True
vision_only_tiled,338,val,buoy,b4,False,,,prediction_jsonl,True
vision_only_tiled,338,val,buoy,b5,False,,,prediction_jsonl,True
vision_only_tiled,338,val,buoy,b6,False,,,prediction_jsonl,True
vision_only_tiled,338,val,buoy,b7,False,,,prediction_jsonl,True
vision_only_tiled,338,val,buoy,b8,False,,,prediction_jsonl,True
vision_only_tiled,339,val,boat,boat,True,0.7009429244045976,0.6309612989425659,prediction_jsonl,True
vision_only_tiled,339,val,buoy,b1,True,0.6469920485816939,0.18598531186580658,prediction_jsonl,True
vision_only_tiled,339,val,buoy,b3,False,,,prediction_jsonl,True
vision_only_tiled,339,val,buoy,b4,False,,,prediction_jsonl,True
vision_only_tiled,339,val,buoy,b5,False,,,prediction_jsonl,True
vision_only_tiled,339,val,buoy,b6,False,,,prediction_jsonl,True
vision_only_tiled,339,val,buoy,b7,False,,,prediction_jsonl,True
vision_only_tiled,339,val,buoy,b8,False,,,prediction_jsonl,True
vision_only_tiled,340,val,boat,boat,True,0.7006786273810797,0.6486246585845947,prediction_jsonl,True
vision_only_tiled,340,val,buoy,b1,True,0.6283211351083403,0.21640118956565857,prediction_jsonl,True
vision_only_tiled,340,val,buoy,b3,False,,,prediction_jsonl,True
vision_only_tiled,340,val,buoy,b4,False,,,prediction_jsonl,True
vision_only_tiled,340,val,buoy,b5,False,,,prediction_jsonl,True
vision_only_tiled,340,val,buoy,b6,False,,,prediction_jsonl,True
vision_only_tiled,340,val,buoy,b7,False,,,prediction_jsonl,True
vision_only_tiled,340,val,buoy,b8,False,,,prediction_jsonl,True
vision_only_tiled,341,val,boat,boat,True,0.7111583481510403,0.6409432291984558,prediction_jsonl,True
vision_only_tiled,341,val,buoy,b1,True,0.6398923160194337,0.19135817885398865,prediction_jsonl,True
vision_only_tiled,341,val,buoy,b3,False,,,prediction_jsonl,True
vision_only_tiled,341,val,buoy,b4,False,,,prediction_jsonl,True
vision_only_tiled,341,val,buoy,b5,False,,,prediction_jsonl,True
vision_only_tiled,341,val,buoy,b6,False,,,prediction_jsonl,True
vision_only_tiled,341,val,buoy,b7,False,,,prediction_jsonl,True
vision_only_tiled,341,val,buoy,b8,False,,,prediction_jsonl,True
vision_only_tiled,342,val,boat,boat,True,0.6992670383610465,0.6474609971046448,prediction_jsonl,True
vision_only_tiled,342,val,buoy,b1,True,0.6256071763704746,0.1989295780658722,prediction_jsonl,True
vision_only_tiled,342,val,buoy,b3,False,,,prediction_jsonl,True
vision_only_tiled,342,val,buoy,b4,False,,,prediction_jsonl,True
vision_only_tiled,342,val,buoy,b5,False,,,prediction_jsonl,True
vision_only_tiled,342,val,buoy,b6,False,,,prediction_jsonl,True
vision_only_tiled,342,val,buoy,b7,False,,,prediction_jsonl,True
vision_only_tiled,342,val,buoy,b8,False,,,prediction_jsonl,True
vision_only_tiled,343,val,boat,boat,True,0.6908168351634841,0.6443118453025818,prediction_jsonl,True
vision_only_tiled,343,val,buoy,b1,True,0.654575151746581,0.19306479394435883,prediction_jsonl,True
vision_only_tiled,343,val,buoy,b3,False,,,prediction_jsonl,True
vision_only_tiled,343,val,buoy,b4,False,,,prediction_jsonl,True
vision_only_tiled,343,val,buoy,b5,False,,,prediction_jsonl,True
vision_only_tiled,343,val,buoy,b6,False,,,prediction_jsonl,True
vision_only_tiled,343,val,buoy,b7,False,,,prediction_jsonl,True
vision_only_tiled,343,val,buoy,b8,False,,,prediction_jsonl,True
vision_only_tiled,344,val,boat,boat,True,0.7029016948021936,0.6518509984016418,prediction_jsonl,True
vision_only_tiled,344,val,buoy,b1,True,0.6540679841186612,0.21523703634738922,prediction_jsonl,True
vision_only_tiled,344,val,buoy,b3,False,,,prediction_jsonl,True
vision_only_tiled,344,val,buoy,b4,False,,,prediction_jsonl,True
vision_only_tiled,344,val,buoy,b5,False,,,prediction_jsonl,True
vision_only_tiled,344,val,buoy,b6,False,,,prediction_jsonl,True
vision_only_tiled,344,val,buoy,b7,False,,,prediction_jsonl,True
vision_only_tiled,344,val,buoy,b8,False,,,prediction_jsonl,True
vision_only_tiled,345,val,boat,boat,True,0.7058475982568448,0.6500596404075623,prediction_jsonl,True
vision_only_tiled,345,val,buoy,b1,True,0.6352863170404447,0.2224176675081253,prediction_jsonl,True
vision_only_tiled,345,val,buoy,b3,False,,,prediction_jsonl,True
vision_only_tiled,345,val,buoy,b4,False,,,prediction_jsonl,True
vision_only_tiled,345,val,buoy,b5,False,,,prediction_jsonl,True
vision_only_tiled,345,val,buoy,b6,False,,,prediction_jsonl,True
vision_only_tiled,345,val,buoy,b7,False,,,prediction_jsonl,True
vision_only_tiled,345,val,buoy,b8,False,,,prediction_jsonl,True
vision_only_tiled,346,val,boat,boat,True,0.7106205461339294,0.6373231410980225,prediction_jsonl,True
vision_only_tiled,346,val,buoy,b1,True,0.6658869635926579,0.19121095538139343,prediction_jsonl,True
vision_only_tiled,346,val,buoy,b3,False,,,prediction_jsonl,True
vision_only_tiled,346,val,buoy,b4,False,,,prediction_jsonl,True
vision_only_tiled,346,val,buoy,b5,False,,,prediction_jsonl,True
vision_only_tiled,346,val,buoy,b6,False,,,prediction_jsonl,True
vision_only_tiled,346,val,buoy,b7,False,,,prediction_jsonl,True
vision_only_tiled,346,val,buoy,b8,False,,,prediction_jsonl,True
vision_only_tiled,347,val,boat,boat,True,0.6981134192638987,0.6381314992904663,prediction_jsonl,True
vision_only_tiled,347,val,buoy,b1,True,0.6411251775972274,0.19575537741184235,prediction_jsonl,True
vision_only_tiled,347,val,buoy,b3,False,,,prediction_jsonl,True
vision_only_tiled,347,val,buoy,b4,False,,,prediction_jsonl,True
vision_only_tiled,347,val,buoy,b5,False,,,prediction_jsonl,True
vision_only_tiled,347,val,buoy,b6,False,,,prediction_jsonl,True
vision_only_tiled,347,val,buoy,b7,False,,,prediction_jsonl,True
vision_only_tiled,347,val,buoy,b8,False,,,prediction_jsonl,True
vision_only_tiled,348,val,boat,boat,True,0.70449838125886,0.6528914570808411,prediction_jsonl,True
vision_only_tiled,348,val,buoy,b1,True,0.6480587204508178,0.1981278359889984,prediction_jsonl,True
vision_only_tiled,348,val,buoy,b3,False,,,prediction_jsonl,True
vision_only_tiled,348,val,buoy,b4,False,,,prediction_jsonl,True
vision_only_tiled,348,val,buoy,b5,False,,,prediction_jsonl,True
vision_only_tiled,348,val,buoy,b6,False,,,prediction_jsonl,True
vision_only_tiled,348,val,buoy,b7,False,,,prediction_jsonl,True
vision_only_tiled,348,val,buoy,b8,False,,,prediction_jsonl,True
vision_only_tiled,349,val,boat,boat,True,0.7195915050340737,0.6471701860427856,prediction_jsonl,True
vision_only_tiled,349,val,buoy,b1,True,0.6160644819732013,0.2442779392004013,prediction_jsonl,True
vision_only_tiled,349,val,buoy,b3,False,,,prediction_jsonl,True
vision_only_tiled,349,val,buoy,b4,False,,,prediction_jsonl,True
vision_only_tiled,349,val,buoy,b5,False,,,prediction_jsonl,True
vision_only_tiled,349,val,buoy,b6,False,,,prediction_jsonl,True
vision_only_tiled,349,val,buoy,b7,False,,,prediction_jsonl,True
vision_only_tiled,349,val,buoy,b8,False,,,prediction_jsonl,True
vision_only_tiled,350,val,boat,boat,True,0.7138215180478658,0.6510363221168518,prediction_jsonl,True
vision_only_tiled,350,val,buoy,b1,True,0.630405164135663,0.21186915040016174,prediction_jsonl,True
vision_only_tiled,350,val,buoy,b3,False,,,prediction_jsonl,True
vision_only_tiled,350,val,buoy,b4,False,,,prediction_jsonl,True
vision_only_tiled,350,val,buoy,b5,False,,,prediction_jsonl,True
vision_only_tiled,350,val,buoy,b6,False,,,prediction_jsonl,True
vision_only_tiled,350,val,buoy,b7,False,,,prediction_jsonl,True
vision_only_tiled,350,val,buoy,b8,False,,,prediction_jsonl,True
vision_only_tiled,351,val,boat,boat,True,0.7270703105003049,0.6292098164558411,prediction_jsonl,True
vision_only_tiled,351,val,buoy,b1,True,0.6414138441078044,0.20359204709529877,prediction_jsonl,True
vision_only_tiled,351,val,buoy,b3,False,,,prediction_jsonl,True
vision_only_tiled,351,val,buoy,b4,False,,,prediction_jsonl,True
vision_only_tiled,351,val,buoy,b5,False,,,prediction_jsonl,True
vision_only_tiled,351,val,buoy,b6,False,,,prediction_jsonl,True
vision_only_tiled,351,val,buoy,b7,False,,,prediction_jsonl,True
vision_only_tiled,351,val,buoy,b8,False,,,prediction_jsonl,True
vision_only_tiled,352,val,boat,boat,True,0.6916926177709438,0.6458708643913269,prediction_jsonl,True
vision_only_tiled,352,val,buoy,b1,True,0.6510844197083742,0.20620889961719513,prediction_jsonl,True
vision_only_tiled,352,val,buoy,b3,False,,,prediction_jsonl,True
vision_only_tiled,352,val,buoy,b4,False,,,prediction_jsonl,True
vision_only_tiled,352,val,buoy,b5,False,,,prediction_jsonl,True
vision_only_tiled,352,val,buoy,b6,False,,,prediction_jsonl,True
vision_only_tiled,352,val,buoy,b7,False,,,prediction_jsonl,True
vision_only_tiled,352,val,buoy,b8,False,,,prediction_jsonl,True
vision_only_tiled,353,val,boat,boat,True,0.6793800976034534,0.6440627574920654,prediction_jsonl,True
vision_only_tiled,353,val,buoy,b1,False,,,prediction_jsonl,True
vision_only_tiled,353,val,buoy,b3,False,,,prediction_jsonl,True
vision_only_tiled,353,val,buoy,b4,False,,,prediction_jsonl,True
vision_only_tiled,353,val,buoy,b5,False,,,prediction_jsonl,True
vision_only_tiled,353,val,buoy,b6,False,,,prediction_jsonl,True
vision_only_tiled,353,val,buoy,b7,False,,,prediction_jsonl,True
vision_only_tiled,353,val,buoy,b8,False,,,prediction_jsonl,True
vision_only_tiled,354,val,boat,boat,True,0.6935955560547271,0.6491811275482178,prediction_jsonl,True
vision_only_tiled,354,val,buoy,b1,True,0.6696773046159865,0.19813258945941925,prediction_jsonl,True
vision_only_tiled,354,val,buoy,b3,False,,,prediction_jsonl,True
vision_only_tiled,354,val,buoy,b4,False,,,prediction_jsonl,True
vision_only_tiled,354,val,buoy,b5,False,,,prediction_jsonl,True
vision_only_tiled,354,val,buoy,b6,False,,,prediction_jsonl,True
vision_only_tiled,354,val,buoy,b7,False,,,prediction_jsonl,True
vision_only_tiled,354,val,buoy,b8,False,,,prediction_jsonl,True
vision_only_tiled,355,val,boat,boat,True,0.700842009087831,0.6449766159057617,prediction_jsonl,True
vision_only_tiled,355,val,buoy,b1,True,0.6579003153550989,0.20783154666423798,prediction_jsonl,True
vision_only_tiled,355,val,buoy,b3,False,,,prediction_jsonl,True
vision_only_tiled,355,val,buoy,b4,False,,,prediction_jsonl,True
vision_only_tiled,355,val,buoy,b5,False,,,prediction_jsonl,True
vision_only_tiled,355,val,buoy,b6,False,,,prediction_jsonl,True
vision_only_tiled,355,val,buoy,b7,False,,,prediction_jsonl,True
vision_only_tiled,355,val,buoy,b8,False,,,prediction_jsonl,True
vision_only_tiled,356,val,boat,boat,True,0.6900683193868199,0.6459634900093079,prediction_jsonl,True
vision_only_tiled,356,val,buoy,b1,True,0.6388664672630068,0.21180368959903717,prediction_jsonl,True
vision_only_tiled,356,val,buoy,b3,False,,,prediction_jsonl,True
vision_only_tiled,356,val,buoy,b4,False,,,prediction_jsonl,True
vision_only_tiled,356,val,buoy,b5,False,,,prediction_jsonl,True
vision_only_tiled,356,val,buoy,b6,False,,,prediction_jsonl,True
vision_only_tiled,356,val,buoy,b7,False,,,prediction_jsonl,True
vision_only_tiled,356,val,buoy,b8,False,,,prediction_jsonl,True
vision_only_tiled,357,val,boat,boat,True,0.703183670493195,0.6430243849754333,prediction_jsonl,True
vision_only_tiled,357,val,buoy,b1,True,0.6372160269994149,0.19661876559257507,prediction_jsonl,True
vision_only_tiled,357,val,buoy,b3,False,,,prediction_jsonl,True
vision_only_tiled,357,val,buoy,b4,False,,,prediction_jsonl,True
vision_only_tiled,357,val,buoy,b5,False,,,prediction_jsonl,True
vision_only_tiled,357,val,buoy,b6,False,,,prediction_jsonl,True
vision_only_tiled,357,val,buoy,b7,False,,,prediction_jsonl,True
vision_only_tiled,357,val,buoy,b8,False,,,prediction_jsonl,True
vision_only_tiled,358,val,boat,boat,True,0.7035657909095264,0.6487926244735718,prediction_jsonl,True
vision_only_tiled,358,val,buoy,b1,True,0.6438181089104147,0.21424196660518646,prediction_jsonl,True
vision_only_tiled,358,val,buoy,b3,False,,,prediction_jsonl,True
vision_only_tiled,358,val,buoy,b4,False,,,prediction_jsonl,True
vision_only_tiled,358,val,buoy,b5,False,,,prediction_jsonl,True
vision_only_tiled,358,val,buoy,b6,False,,,prediction_jsonl,True
vision_only_tiled,358,val,buoy,b7,False,,,prediction_jsonl,True
vision_only_tiled,358,val,buoy,b8,False,,,prediction_jsonl,True
vision_only_tiled,359,val,boat,boat,True,0.7111548817170341,0.6485230326652527,prediction_jsonl,True
vision_only_tiled,359,val,buoy,b1,True,0.6333082434823484,0.18900392949581146,prediction_jsonl,True
vision_only_tiled,359,val,buoy,b3,False,,,prediction_jsonl,True
vision_only_tiled,359,val,buoy,b4,False,,,prediction_jsonl,True
vision_only_tiled,359,val,buoy,b5,False,,,prediction_jsonl,True
vision_only_tiled,359,val,buoy,b6,False,,,prediction_jsonl,True
vision_only_tiled,359,val,buoy,b7,False,,,prediction_jsonl,True
vision_only_tiled,359,val,buoy,b8,False,,,prediction_jsonl,True
vision_only_tiled,360,val,boat,boat,True,0.7000439961769864,0.6428923010826111,prediction_jsonl,True
vision_only_tiled,360,val,buoy,b1,False,,,prediction_jsonl,True
vision_only_tiled,360,val,buoy,b3,False,,,prediction_jsonl,True
vision_only_tiled,360,val,buoy,b4,False,,,prediction_jsonl,True
vision_only_tiled,360,val,buoy,b5,False,,,prediction_jsonl,True
vision_only_tiled,360,val,buoy,b6,False,,,prediction_jsonl,True
vision_only_tiled,360,val,buoy,b7,False,,,prediction_jsonl,True
vision_only_tiled,360,val,buoy,b8,False,,,prediction_jsonl,True
vision_only_tiled,361,val,boat,boat,True,0.6911023312980017,0.6436465382575989,prediction_jsonl,True
vision_only_tiled,361,val,buoy,b1,True,0.6141246408309619,0.18924932181835175,prediction_jsonl,True
vision_only_tiled,361,val,buoy,b3,False,,,prediction_jsonl,True
vision_only_tiled,361,val,buoy,b4,False,,,prediction_jsonl,True
vision_only_tiled,361,val,buoy,b5,False,,,prediction_jsonl,True
vision_only_tiled,361,val,buoy,b6,False,,,prediction_jsonl,True
vision_only_tiled,361,val,buoy,b7,False,,,prediction_jsonl,True
vision_only_tiled,361,val,buoy,b8,False,,,prediction_jsonl,True
vision_only_tiled,362,val,boat,boat,True,0.7069014608950424,0.6408708095550537,prediction_jsonl,True
vision_only_tiled,362,val,buoy,b1,False,,,prediction_jsonl,True
vision_only_tiled,362,val,buoy,b3,False,,,prediction_jsonl,True
vision_only_tiled,362,val,buoy,b4,False,,,prediction_jsonl,True
vision_only_tiled,362,val,buoy,b5,False,,,prediction_jsonl,True
vision_only_tiled,362,val,buoy,b6,False,,,prediction_jsonl,True
vision_only_tiled,362,val,buoy,b7,False,,,prediction_jsonl,True
vision_only_tiled,362,val,buoy,b8,False,,,prediction_jsonl,True
vision_only_tiled,363,val,boat,boat,True,0.705778157842612,0.6517851948738098,prediction_jsonl,True
vision_only_tiled,363,val,buoy,b1,False,,,prediction_jsonl,True
vision_only_tiled,363,val,buoy,b3,False,,,prediction_jsonl,True
vision_only_tiled,363,val,buoy,b4,False,,,prediction_jsonl,True
vision_only_tiled,363,val,buoy,b5,False,,,prediction_jsonl,True
vision_only_tiled,363,val,buoy,b6,False,,,prediction_jsonl,True
vision_only_tiled,363,val,buoy,b7,False,,,prediction_jsonl,True
vision_only_tiled,363,val,buoy,b8,False,,,prediction_jsonl,True
vision_only_tiled,364,val,boat,boat,True,0.7166551992573983,0.6454851627349854,prediction_jsonl,True
vision_only_tiled,364,val,buoy,b1,True,0.6053096773386275,0.22800448536872864,prediction_jsonl,True
vision_only_tiled,364,val,buoy,b3,False,,,prediction_jsonl,True
vision_only_tiled,364,val,buoy,b4,False,,,prediction_jsonl,True
vision_only_tiled,364,val,buoy,b5,False,,,prediction_jsonl,True
vision_only_tiled,364,val,buoy,b6,False,,,prediction_jsonl,True
vision_only_tiled,364,val,buoy,b7,False,,,prediction_jsonl,True
vision_only_tiled,364,val,buoy,b8,False,,,prediction_jsonl,True
vision_only_tiled,365,val,boat,boat,True,0.7117686483119862,0.6488139033317566,prediction_jsonl,True
vision_only_tiled,365,val,buoy,b1,True,0.617424015571693,0.20138901472091675,prediction_jsonl,True
vision_only_tiled,365,val,buoy,b3,False,,,prediction_jsonl,True
vision_only_tiled,365,val,buoy,b4,False,,,prediction_jsonl,True
vision_only_tiled,365,val,buoy,b5,False,,,prediction_jsonl,True
vision_only_tiled,365,val,buoy,b6,False,,,prediction_jsonl,True
vision_only_tiled,365,val,buoy,b7,False,,,prediction_jsonl,True
vision_only_tiled,365,val,buoy,b8,False,,,prediction_jsonl,True
vision_only_tiled,366,val,boat,boat,True,0.7143917758910839,0.6439396142959595,prediction_jsonl,True
vision_only_tiled,366,val,buoy,b1,True,0.6125357503123764,0.24031703174114227,prediction_jsonl,True
vision_only_tiled,366,val,buoy,b3,False,,,prediction_jsonl,True
vision_only_tiled,366,val,buoy,b4,False,,,prediction_jsonl,True
vision_only_tiled,366,val,buoy,b5,False,,,prediction_jsonl,True
vision_only_tiled,366,val,buoy,b6,False,,,prediction_jsonl,True
vision_only_tiled,366,val,buoy,b7,False,,,prediction_jsonl,True
vision_only_tiled,366,val,buoy,b8,False,,,prediction_jsonl,True
vision_only_tiled,367,val,boat,boat,True,0.7073935642059884,0.6537355780601501,prediction_jsonl,True
vision_only_tiled,367,val,buoy,b1,True,0.6049565905256774,0.23376749455928802,prediction_jsonl,True
vision_only_tiled,367,val,buoy,b3,False,,,prediction_jsonl,True
vision_only_tiled,367,val,buoy,b4,False,,,prediction_jsonl,True
vision_only_tiled,367,val,buoy,b5,False,,,prediction_jsonl,True
vision_only_tiled,367,val,buoy,b6,False,,,prediction_jsonl,True
vision_only_tiled,367,val,buoy,b7,False,,,prediction_jsonl,True
vision_only_tiled,367,val,buoy,b8,False,,,prediction_jsonl,True
vision_only_tiled,368,val,boat,boat,True,0.7048575914267052,0.6381571292877197,prediction_jsonl,True
vision_only_tiled,368,val,buoy,b1,True,0.6370626823399101,0.1970904916524887,prediction_jsonl,True
vision_only_tiled,368,val,buoy,b3,False,,,prediction_jsonl,True
vision_only_tiled,368,val,buoy,b4,False,,,prediction_jsonl,True
vision_only_tiled,368,val,buoy,b5,False,,,prediction_jsonl,True
vision_only_tiled,368,val,buoy,b6,False,,,prediction_jsonl,True
vision_only_tiled,368,val,buoy,b7,False,,,prediction_jsonl,True
vision_only_tiled,368,val,buoy,b8,False,,,prediction_jsonl,True
vision_only_tiled,369,val,boat,boat,True,0.7103072799606016,0.6385795474052429,prediction_jsonl,True
vision_only_tiled,369,val,buoy,b1,True,0.6555670687266194,0.20294559001922607,prediction_jsonl,True
vision_only_tiled,369,val,buoy,b3,False,,,prediction_jsonl,True
vision_only_tiled,369,val,buoy,b4,False,,,prediction_jsonl,True
vision_only_tiled,369,val,buoy,b5,False,,,prediction_jsonl,True
vision_only_tiled,369,val,buoy,b6,False,,,prediction_jsonl,True
vision_only_tiled,369,val,buoy,b7,False,,,prediction_jsonl,True
vision_only_tiled,369,val,buoy,b8,False,,,prediction_jsonl,True
vision_only_tiled,370,val,boat,boat,True,0.6921499031210278,0.6358623504638672,prediction_jsonl,True
vision_only_tiled,370,val,buoy,b1,False,,,prediction_jsonl,True
vision_only_tiled,370,val,buoy,b3,False,,,prediction_jsonl,True
vision_only_tiled,370,val,buoy,b4,False,,,prediction_jsonl,True
vision_only_tiled,370,val,buoy,b5,False,,,prediction_jsonl,True
vision_only_tiled,370,val,buoy,b6,False,,,prediction_jsonl,True
vision_only_tiled,370,val,buoy,b7,False,,,prediction_jsonl,True
vision_only_tiled,370,val,buoy,b8,False,,,prediction_jsonl,True
vision_only_tiled,371,val,boat,boat,True,0.6984236428888347,0.6495673656463623,prediction_jsonl,True
vision_only_tiled,371,val,buoy,b1,True,0.6460492207631362,0.2069932222366333,prediction_jsonl,True
vision_only_tiled,371,val,buoy,b3,False,,,prediction_jsonl,True
vision_only_tiled,371,val,buoy,b4,False,,,prediction_jsonl,True
vision_only_tiled,371,val,buoy,b5,False,,,prediction_jsonl,True
vision_only_tiled,371,val,buoy,b6,False,,,prediction_jsonl,True
vision_only_tiled,371,val,buoy,b7,False,,,prediction_jsonl,True
vision_only_tiled,371,val,buoy,b8,False,,,prediction_jsonl,True
vision_only_tiled,372,val,boat,boat,True,0.6945985905092843,0.6336777210235596,prediction_jsonl,True
vision_only_tiled,372,val,buoy,b1,False,,,prediction_jsonl,True
vision_only_tiled,372,val,buoy,b3,False,,,prediction_jsonl,True
vision_only_tiled,372,val,buoy,b4,False,,,prediction_jsonl,True
vision_only_tiled,372,val,buoy,b5,False,,,prediction_jsonl,True
vision_only_tiled,372,val,buoy,b6,False,,,prediction_jsonl,True
vision_only_tiled,372,val,buoy,b7,False,,,prediction_jsonl,True
vision_only_tiled,372,val,buoy,b8,False,,,prediction_jsonl,True
vision_only_tiled,373,val,boat,boat,True,0.652780193846558,0.6518702507019043,prediction_jsonl,True
vision_only_tiled,373,val,buoy,b1,True,0.6276619563696477,0.21522782742977142,prediction_jsonl,True
vision_only_tiled,373,val,buoy,b3,False,,,prediction_jsonl,True
vision_only_tiled,373,val,buoy,b4,False,,,prediction_jsonl,True
vision_only_tiled,373,val,buoy,b5,False,,,prediction_jsonl,True
vision_only_tiled,373,val,buoy,b6,False,,,prediction_jsonl,True
vision_only_tiled,373,val,buoy,b7,False,,,prediction_jsonl,True
vision_only_tiled,373,val,buoy,b8,False,,,prediction_jsonl,True
vision_only_tiled,374,test,boat,boat,True,0.6800458931201779,0.6414347290992737,prediction_jsonl,True
vision_only_tiled,374,test,buoy,b1,True,0.6346199753486714,0.22131292521953583,prediction_jsonl,True
vision_only_tiled,374,test,buoy,b3,False,,,prediction_jsonl,True
vision_only_tiled,374,test,buoy,b4,False,,,prediction_jsonl,True
vision_only_tiled,374,test,buoy,b5,False,,,prediction_jsonl,True
vision_only_tiled,374,test,buoy,b6,False,,,prediction_jsonl,True
vision_only_tiled,374,test,buoy,b7,False,,,prediction_jsonl,True
vision_only_tiled,374,test,buoy,b8,False,,,prediction_jsonl,True
vision_only_tiled,375,test,boat,boat,True,0.6597447476350894,0.6477433443069458,prediction_jsonl,True
vision_only_tiled,375,test,buoy,b1,False,,,prediction_jsonl,True
vision_only_tiled,375,test,buoy,b3,False,,,prediction_jsonl,True
vision_only_tiled,375,test,buoy,b4,False,,,prediction_jsonl,True
vision_only_tiled,375,test,buoy,b5,False,,,prediction_jsonl,True
vision_only_tiled,375,test,buoy,b6,False,,,prediction_jsonl,True
vision_only_tiled,375,test,buoy,b7,False,,,prediction_jsonl,True
vision_only_tiled,375,test,buoy,b8,False,,,prediction_jsonl,True
vision_only_tiled,376,test,boat,boat,True,0.6765872884190285,0.6504882574081421,prediction_jsonl,True
vision_only_tiled,376,test,buoy,b1,True,0.6563952471765152,0.19279047846794128,prediction_jsonl,True
vision_only_tiled,376,test,buoy,b3,False,,,prediction_jsonl,True
vision_only_tiled,376,test,buoy,b4,False,,,prediction_jsonl,True
vision_only_tiled,376,test,buoy,b5,False,,,prediction_jsonl,True
vision_only_tiled,376,test,buoy,b6,False,,,prediction_jsonl,True
vision_only_tiled,376,test,buoy,b7,False,,,prediction_jsonl,True
vision_only_tiled,376,test,buoy,b8,False,,,prediction_jsonl,True
vision_only_tiled,377,test,boat,boat,True,0.6635509974835839,0.6542519927024841,prediction_jsonl,True
vision_only_tiled,377,test,buoy,b1,True,0.6454415206292814,0.18646585941314697,prediction_jsonl,True
vision_only_tiled,377,test,buoy,b3,False,,,prediction_jsonl,True
vision_only_tiled,377,test,buoy,b4,False,,,prediction_jsonl,True
vision_only_tiled,377,test,buoy,b5,False,,,prediction_jsonl,True
vision_only_tiled,377,test,buoy,b6,False,,,prediction_jsonl,True
vision_only_tiled,377,test,buoy,b7,False,,,prediction_jsonl,True
vision_only_tiled,377,test,buoy,b8,False,,,prediction_jsonl,True
vision_only_tiled,378,test,boat,boat,True,0.673261383569381,0.6435835361480713,prediction_jsonl,True
vision_only_tiled,378,test,buoy,b1,True,0.6414229980379502,0.21069777011871338,prediction_jsonl,True
vision_only_tiled,378,test,buoy,b3,False,,,prediction_jsonl,True
vision_only_tiled,378,test,buoy,b4,False,,,prediction_jsonl,True
vision_only_tiled,378,test,buoy,b5,False,,,prediction_jsonl,True
vision_only_tiled,378,test,buoy,b6,False,,,prediction_jsonl,True
vision_only_tiled,378,test,buoy,b7,False,,,prediction_jsonl,True
vision_only_tiled,378,test,buoy,b8,False,,,prediction_jsonl,True
vision_only_tiled,379,test,boat,boat,True,0.7056849521777031,0.6402427554130554,prediction_jsonl,True
vision_only_tiled,379,test,buoy,b1,True,0.6227182261011935,0.21533143520355225,prediction_jsonl,True
vision_only_tiled,379,test,buoy,b3,False,,,prediction_jsonl,True
vision_only_tiled,379,test,buoy,b4,False,,,prediction_jsonl,True
vision_only_tiled,379,test,buoy,b5,False,,,prediction_jsonl,True
vision_only_tiled,379,test,buoy,b6,False,,,prediction_jsonl,True
vision_only_tiled,379,test,buoy,b7,False,,,prediction_jsonl,True
vision_only_tiled,379,test,buoy,b8,False,,,prediction_jsonl,True
vision_only_tiled,380,test,boat,boat,True,0.7272175382849284,0.643280029296875,prediction_jsonl,True
vision_only_tiled,380,test,buoy,b1,True,0.6487147936730343,0.21218344569206238,prediction_jsonl,True
vision_only_tiled,380,test,buoy,b3,False,,,prediction_jsonl,True
vision_only_tiled,380,test,buoy,b4,False,,,prediction_jsonl,True
vision_only_tiled,380,test,buoy,b5,False,,,prediction_jsonl,True
vision_only_tiled,380,test,buoy,b6,False,,,prediction_jsonl,True
vision_only_tiled,380,test,buoy,b7,False,,,prediction_jsonl,True
vision_only_tiled,380,test,buoy,b8,False,,,prediction_jsonl,True
vision_only_tiled,381,test,boat,boat,True,0.7077291372721127,0.6489275097846985,prediction_jsonl,True
vision_only_tiled,381,test,buoy,b1,True,0.6427331541308239,0.19911272823810577,prediction_jsonl,True
vision_only_tiled,381,test,buoy,b3,False,,,prediction_jsonl,True
vision_only_tiled,381,test,buoy,b4,False,,,prediction_jsonl,True
vision_only_tiled,381,test,buoy,b5,False,,,prediction_jsonl,True
vision_only_tiled,381,test,buoy,b6,False,,,prediction_jsonl,True
vision_only_tiled,381,test,buoy,b7,False,,,prediction_jsonl,True
vision_only_tiled,381,test,buoy,b8,False,,,prediction_jsonl,True
vision_only_tiled,382,test,boat,boat,True,0.7398457507979755,0.6418501734733582,prediction_jsonl,True
vision_only_tiled,382,test,buoy,b1,True,0.6465663873731267,0.19970761239528656,prediction_jsonl,True
vision_only_tiled,382,test,buoy,b3,False,,,prediction_jsonl,True
vision_only_tiled,382,test,buoy,b4,False,,,prediction_jsonl,True
vision_only_tiled,382,test,buoy,b5,False,,,prediction_jsonl,True
vision_only_tiled,382,test,buoy,b6,False,,,prediction_jsonl,True
vision_only_tiled,382,test,buoy,b7,False,,,prediction_jsonl,True
vision_only_tiled,382,test,buoy,b8,False,,,prediction_jsonl,True
vision_only_tiled,383,test,boat,boat,True,0.7452429605893277,0.6537104249000549,prediction_jsonl,True
vision_only_tiled,383,test,buoy,b1,True,0.6324931401263276,0.21491776406764984,prediction_jsonl,True
vision_only_tiled,383,test,buoy,b3,False,,,prediction_jsonl,True
vision_only_tiled,383,test,buoy,b4,False,,,prediction_jsonl,True
vision_only_tiled,383,test,buoy,b5,False,,,prediction_jsonl,True
vision_only_tiled,383,test,buoy,b6,False,,,prediction_jsonl,True
vision_only_tiled,383,test,buoy,b7,False,,,prediction_jsonl,True
vision_only_tiled,383,test,buoy,b8,False,,,prediction_jsonl,True
vision_only_tiled,384,test,boat,boat,True,0.6736704894670114,0.647309422492981,prediction_jsonl,True
vision_only_tiled,384,test,buoy,b1,True,0.6079896705977533,0.23398767411708832,prediction_jsonl,True
vision_only_tiled,384,test,buoy,b3,False,,,prediction_jsonl,True
vision_only_tiled,384,test,buoy,b4,False,,,prediction_jsonl,True
vision_only_tiled,384,test,buoy,b5,False,,,prediction_jsonl,True
vision_only_tiled,384,test,buoy,b6,False,,,prediction_jsonl,True
vision_only_tiled,384,test,buoy,b7,False,,,prediction_jsonl,True
vision_only_tiled,384,test,buoy,b8,False,,,prediction_jsonl,True
vision_only_tiled,385,test,boat,boat,True,0.7321678768704443,0.6538821458816528,prediction_jsonl,True
vision_only_tiled,385,test,buoy,b1,True,0.6311235904461029,0.21367521584033966,prediction_jsonl,True
vision_only_tiled,385,test,buoy,b3,False,,,prediction_jsonl,True
vision_only_tiled,385,test,buoy,b4,False,,,prediction_jsonl,True
vision_only_tiled,385,test,buoy,b5,False,,,prediction_jsonl,True
vision_only_tiled,385,test,buoy,b6,False,,,prediction_jsonl,True
vision_only_tiled,385,test,buoy,b7,False,,,prediction_jsonl,True
vision_only_tiled,385,test,buoy,b8,False,,,prediction_jsonl,True
vision_only_tiled,386,test,boat,boat,True,0.7070826584818334,0.6324928402900696,prediction_jsonl,True
vision_only_tiled,386,test,buoy,b1,True,0.6229993834241452,0.195667564868927,prediction_jsonl,True
vision_only_tiled,386,test,buoy,b3,False,,,prediction_jsonl,True
vision_only_tiled,386,test,buoy,b4,False,,,prediction_jsonl,True
vision_only_tiled,386,test,buoy,b5,False,,,prediction_jsonl,True
vision_only_tiled,386,test,buoy,b6,False,,,prediction_jsonl,True
vision_only_tiled,386,test,buoy,b7,False,,,prediction_jsonl,True
vision_only_tiled,386,test,buoy,b8,False,,,prediction_jsonl,True
vision_only_tiled,387,test,boat,boat,True,0.7054460035520734,0.6480927467346191,prediction_jsonl,True
vision_only_tiled,387,test,buoy,b1,False,,,prediction_jsonl,True
vision_only_tiled,387,test,buoy,b3,False,,,prediction_jsonl,True
vision_only_tiled,387,test,buoy,b4,False,,,prediction_jsonl,True
vision_only_tiled,387,test,buoy,b5,False,,,prediction_jsonl,True
vision_only_tiled,387,test,buoy,b6,False,,,prediction_jsonl,True
vision_only_tiled,387,test,buoy,b7,False,,,prediction_jsonl,True
vision_only_tiled,387,test,buoy,b8,False,,,prediction_jsonl,True
vision_only_tiled,388,test,boat,boat,True,0.7227018654916695,0.6486079096794128,prediction_jsonl,True
vision_only_tiled,388,test,buoy,b1,False,,,prediction_jsonl,True
vision_only_tiled,388,test,buoy,b3,False,,,prediction_jsonl,True
vision_only_tiled,388,test,buoy,b4,False,,,prediction_jsonl,True
vision_only_tiled,388,test,buoy,b5,False,,,prediction_jsonl,True
vision_only_tiled,388,test,buoy,b6,False,,,prediction_jsonl,True
vision_only_tiled,388,test,buoy,b7,False,,,prediction_jsonl,True
vision_only_tiled,388,test,buoy,b8,False,,,prediction_jsonl,True
vision_only_tiled,389,test,boat,boat,True,0.7170072549657883,0.6441960334777832,prediction_jsonl,True
vision_only_tiled,389,test,buoy,b1,True,0.658868404512942,0.18961091339588165,prediction_jsonl,True
vision_only_tiled,389,test,buoy,b3,False,,,prediction_jsonl,True
vision_only_tiled,389,test,buoy,b4,False,,,prediction_jsonl,True
vision_only_tiled,389,test,buoy,b5,False,,,prediction_jsonl,True
vision_only_tiled,389,test,buoy,b6,False,,,prediction_jsonl,True
vision_only_tiled,389,test,buoy,b7,False,,,prediction_jsonl,True
vision_only_tiled,389,test,buoy,b8,False,,,prediction_jsonl,True
vision_only_tiled,390,test,boat,boat,True,0.7090637691924264,0.628601610660553,prediction_jsonl,True
vision_only_tiled,390,test,buoy,b1,False,,,prediction_jsonl,True
vision_only_tiled,390,test,buoy,b3,False,,,prediction_jsonl,True
vision_only_tiled,390,test,buoy,b4,False,,,prediction_jsonl,True
vision_only_tiled,390,test,buoy,b5,False,,,prediction_jsonl,True
vision_only_tiled,390,test,buoy,b6,False,,,prediction_jsonl,True
vision_only_tiled,390,test,buoy,b7,False,,,prediction_jsonl,True
vision_only_tiled,390,test,buoy,b8,False,,,prediction_jsonl,True
vision_only_tiled,391,test,boat,boat,True,0.7126123860798886,0.635947585105896,prediction_jsonl,True
vision_only_tiled,391,test,buoy,b1,False,,,prediction_jsonl,True
vision_only_tiled,391,test,buoy,b3,False,,,prediction_jsonl,True
vision_only_tiled,391,test,buoy,b4,False,,,prediction_jsonl,True
vision_only_tiled,391,test,buoy,b5,False,,,prediction_jsonl,True
vision_only_tiled,391,test,buoy,b6,False,,,prediction_jsonl,True
vision_only_tiled,391,test,buoy,b7,False,,,prediction_jsonl,True
vision_only_tiled,391,test,buoy,b8,False,,,prediction_jsonl,True
vision_only_tiled,392,test,boat,boat,True,0.7129343181441244,0.6334537267684937,prediction_jsonl,True
vision_only_tiled,392,test,buoy,b1,False,,,prediction_jsonl,True
vision_only_tiled,392,test,buoy,b3,False,,,prediction_jsonl,True
vision_only_tiled,392,test,buoy,b4,False,,,prediction_jsonl,True
vision_only_tiled,392,test,buoy,b5,False,,,prediction_jsonl,True
vision_only_tiled,392,test,buoy,b6,False,,,prediction_jsonl,True
vision_only_tiled,392,test,buoy,b7,False,,,prediction_jsonl,True
vision_only_tiled,392,test,buoy,b8,False,,,prediction_jsonl,True
vision_only_tiled,393,test,boat,boat,True,0.7179038911321525,0.6382648944854736,prediction_jsonl,True
vision_only_tiled,393,test,buoy,b1,True,0.6599584386684187,0.18211068212985992,prediction_jsonl,True
vision_only_tiled,393,test,buoy,b3,False,,,prediction_jsonl,True
vision_only_tiled,393,test,buoy,b4,False,,,prediction_jsonl,True
vision_only_tiled,393,test,buoy,b5,False,,,prediction_jsonl,True
vision_only_tiled,393,test,buoy,b6,False,,,prediction_jsonl,True
vision_only_tiled,393,test,buoy,b7,False,,,prediction_jsonl,True
vision_only_tiled,393,test,buoy,b8,False,,,prediction_jsonl,True
vision_only_tiled,394,test,boat,boat,True,0.7165259635427409,0.6405982971191406,prediction_jsonl,True
vision_only_tiled,394,test,buoy,b1,True,0.6815515618617316,0.20025375485420227,prediction_jsonl,True
vision_only_tiled,394,test,buoy,b3,False,,,prediction_jsonl,True
vision_only_tiled,394,test,buoy,b4,False,,,prediction_jsonl,True
vision_only_tiled,394,test,buoy,b5,False,,,prediction_jsonl,True
vision_only_tiled,394,test,buoy,b6,False,,,prediction_jsonl,True
vision_only_tiled,394,test,buoy,b7,False,,,prediction_jsonl,True
vision_only_tiled,394,test,buoy,b8,False,,,prediction_jsonl,True
vision_only_tiled,395,test,boat,boat,True,0.7161581106782724,0.6417251825332642,prediction_jsonl,True
vision_only_tiled,395,test,buoy,b1,False,,,prediction_jsonl,True
vision_only_tiled,395,test,buoy,b3,False,,,prediction_jsonl,True
vision_only_tiled,395,test,buoy,b4,False,,,prediction_jsonl,True
vision_only_tiled,395,test,buoy,b5,False,,,prediction_jsonl,True
vision_only_tiled,395,test,buoy,b6,False,,,prediction_jsonl,True
vision_only_tiled,395,test,buoy,b7,False,,,prediction_jsonl,True
vision_only_tiled,395,test,buoy,b8,False,,,prediction_jsonl,True
vision_only_tiled,396,test,boat,boat,True,0.7183502998257097,0.637768566608429,prediction_jsonl,True
vision_only_tiled,396,test,buoy,b1,True,0.6780043259292015,0.18359465897083282,prediction_jsonl,True
vision_only_tiled,396,test,buoy,b3,False,,,prediction_jsonl,True
vision_only_tiled,396,test,buoy,b4,False,,,prediction_jsonl,True
vision_only_tiled,396,test,buoy,b5,False,,,prediction_jsonl,True
vision_only_tiled,396,test,buoy,b6,False,,,prediction_jsonl,True
vision_only_tiled,396,test,buoy,b7,False,,,prediction_jsonl,True
vision_only_tiled,396,test,buoy,b8,False,,,prediction_jsonl,True
vision_only_tiled,397,test,boat,boat,True,0.7101171983318271,0.6374543905258179,prediction_jsonl,True
vision_only_tiled,397,test,buoy,b1,False,,,prediction_jsonl,True
vision_only_tiled,397,test,buoy,b3,False,,,prediction_jsonl,True
vision_only_tiled,397,test,buoy,b4,False,,,prediction_jsonl,True
vision_only_tiled,397,test,buoy,b5,False,,,prediction_jsonl,True
vision_only_tiled,397,test,buoy,b6,False,,,prediction_jsonl,True
vision_only_tiled,397,test,buoy,b7,False,,,prediction_jsonl,True
vision_only_tiled,397,test,buoy,b8,False,,,prediction_jsonl,True
vision_only_tiled,398,test,boat,boat,True,0.6981041968873491,0.6443518400192261,prediction_jsonl,True
vision_only_tiled,398,test,buoy,b1,False,,,prediction_jsonl,True
vision_only_tiled,398,test,buoy,b3,False,,,prediction_jsonl,True
vision_only_tiled,398,test,buoy,b4,False,,,prediction_jsonl,True
vision_only_tiled,398,test,buoy,b5,False,,,prediction_jsonl,True
vision_only_tiled,398,test,buoy,b6,False,,,prediction_jsonl,True
vision_only_tiled,398,test,buoy,b7,False,,,prediction_jsonl,True
vision_only_tiled,398,test,buoy,b8,False,,,prediction_jsonl,True
vision_only_tiled,399,test,boat,boat,True,0.6817469293282546,0.6466122269630432,prediction_jsonl,True
vision_only_tiled,399,test,buoy,b1,False,,,prediction_jsonl,True
vision_only_tiled,399,test,buoy,b3,False,,,prediction_jsonl,True
vision_only_tiled,399,test,buoy,b4,False,,,prediction_jsonl,True
vision_only_tiled,399,test,buoy,b5,False,,,prediction_jsonl,True
vision_only_tiled,399,test,buoy,b6,False,,,prediction_jsonl,True
vision_only_tiled,399,test,buoy,b7,False,,,prediction_jsonl,True
vision_only_tiled,399,test,buoy,b8,False,,,prediction_jsonl,True
vision_only_tiled,400,test,boat,boat,True,0.7066331615752981,0.6428921222686768,prediction_jsonl,True
vision_only_tiled,400,test,buoy,b1,False,,,prediction_jsonl,True
vision_only_tiled,400,test,buoy,b3,False,,,prediction_jsonl,True
vision_only_tiled,400,test,buoy,b4,False,,,prediction_jsonl,True
vision_only_tiled,400,test,buoy,b5,False,,,prediction_jsonl,True
vision_only_tiled,400,test,buoy,b6,False,,,prediction_jsonl,True
vision_only_tiled,400,test,buoy,b7,False,,,prediction_jsonl,True
vision_only_tiled,400,test,buoy,b8,False,,,prediction_jsonl,True
vision_only_tiled,401,test,boat,boat,True,0.6993309366068656,0.6487320065498352,prediction_jsonl,True
vision_only_tiled,401,test,buoy,b1,True,0.6180449170297257,0.18787796795368195,prediction_jsonl,True
vision_only_tiled,401,test,buoy,b3,False,,,prediction_jsonl,True
vision_only_tiled,401,test,buoy,b4,False,,,prediction_jsonl,True
vision_only_tiled,401,test,buoy,b5,False,,,prediction_jsonl,True
vision_only_tiled,401,test,buoy,b6,False,,,prediction_jsonl,True
vision_only_tiled,401,test,buoy,b7,False,,,prediction_jsonl,True
vision_only_tiled,401,test,buoy,b8,False,,,prediction_jsonl,True
vision_only_tiled,402,test,boat,boat,True,0.6920739162342489,0.6528430581092834,prediction_jsonl,True
vision_only_tiled,402,test,buoy,b1,True,0.62491935782083,0.1856989860534668,prediction_jsonl,True
vision_only_tiled,402,test,buoy,b3,False,,,prediction_jsonl,True
vision_only_tiled,402,test,buoy,b4,False,,,prediction_jsonl,True
vision_only_tiled,402,test,buoy,b5,False,,,prediction_jsonl,True
vision_only_tiled,402,test,buoy,b6,False,,,prediction_jsonl,True
vision_only_tiled,402,test,buoy,b7,False,,,prediction_jsonl,True
vision_only_tiled,402,test,buoy,b8,False,,,prediction_jsonl,True
vision_only_tiled,403,test,boat,boat,True,0.7145976938663067,0.6400536894798279,prediction_jsonl,True
vision_only_tiled,403,test,buoy,b1,False,,,prediction_jsonl,True
vision_only_tiled,403,test,buoy,b3,False,,,prediction_jsonl,True
vision_only_tiled,403,test,buoy,b4,False,,,prediction_jsonl,True
vision_only_tiled,403,test,buoy,b5,False,,,prediction_jsonl,True
vision_only_tiled,403,test,buoy,b6,False,,,prediction_jsonl,True
vision_only_tiled,403,test,buoy,b7,False,,,prediction_jsonl,True
vision_only_tiled,403,test,buoy,b8,False,,,prediction_jsonl,True
vision_only_tiled,404,test,boat,boat,True,0.7039929362872075,0.6392407417297363,prediction_jsonl,True
vision_only_tiled,404,test,buoy,b1,False,,,prediction_jsonl,True
vision_only_tiled,404,test,buoy,b3,False,,,prediction_jsonl,True
vision_only_tiled,404,test,buoy,b4,False,,,prediction_jsonl,True
vision_only_tiled,404,test,buoy,b5,False,,,prediction_jsonl,True
vision_only_tiled,404,test,buoy,b6,False,,,prediction_jsonl,True
vision_only_tiled,404,test,buoy,b7,False,,,prediction_jsonl,True
vision_only_tiled,404,test,buoy,b8,False,,,prediction_jsonl,True
vision_only_tiled,405,test,boat,boat,True,0.7163244308400368,0.6321523189544678,prediction_jsonl,True
vision_only_tiled,405,test,buoy,b1,False,,,prediction_jsonl,True
vision_only_tiled,405,test,buoy,b3,False,,,prediction_jsonl,True
vision_only_tiled,405,test,buoy,b4,False,,,prediction_jsonl,True
vision_only_tiled,405,test,buoy,b5,False,,,prediction_jsonl,True
vision_only_tiled,405,test,buoy,b6,False,,,prediction_jsonl,True
vision_only_tiled,405,test,buoy,b7,False,,,prediction_jsonl,True
vision_only_tiled,405,test,buoy,b8,False,,,prediction_jsonl,True
vision_only_tiled,406,test,boat,boat,True,0.7114354665512979,0.6391363143920898,prediction_jsonl,True
vision_only_tiled,406,test,buoy,b1,False,,,prediction_jsonl,True
vision_only_tiled,406,test,buoy,b3,False,,,prediction_jsonl,True
vision_only_tiled,406,test,buoy,b4,False,,,prediction_jsonl,True
vision_only_tiled,406,test,buoy,b5,False,,,prediction_jsonl,True
vision_only_tiled,406,test,buoy,b6,False,,,prediction_jsonl,True
vision_only_tiled,406,test,buoy,b7,False,,,prediction_jsonl,True
vision_only_tiled,406,test,buoy,b8,False,,,prediction_jsonl,True
vision_only_tiled,407,test,boat,boat,True,0.7255123393751226,0.6523748636245728,prediction_jsonl,True
vision_only_tiled,407,test,buoy,b1,True,0.6429213967715026,0.2263273000717163,prediction_jsonl,True
vision_only_tiled,407,test,buoy,b3,False,,,prediction_jsonl,True
vision_only_tiled,407,test,buoy,b4,False,,,prediction_jsonl,True
vision_only_tiled,407,test,buoy,b5,False,,,prediction_jsonl,True
vision_only_tiled,407,test,buoy,b6,False,,,prediction_jsonl,True
vision_only_tiled,407,test,buoy,b7,False,,,prediction_jsonl,True
vision_only_tiled,407,test,buoy,b8,False,,,prediction_jsonl,True
vision_only_tiled,408,test,boat,boat,True,0.737652511411998,0.6386333703994751,prediction_jsonl,True
vision_only_tiled,408,test,buoy,b1,True,0.644094947532682,0.21223078668117523,prediction_jsonl,True
vision_only_tiled,408,test,buoy,b3,False,,,prediction_jsonl,True
vision_only_tiled,408,test,buoy,b4,False,,,prediction_jsonl,True
vision_only_tiled,408,test,buoy,b5,False,,,prediction_jsonl,True
vision_only_tiled,408,test,buoy,b6,False,,,prediction_jsonl,True
vision_only_tiled,408,test,buoy,b7,False,,,prediction_jsonl,True
vision_only_tiled,408,test,buoy,b8,False,,,prediction_jsonl,True
vision_only_tiled,409,test,boat,boat,True,0.7010464476922199,0.6527619957923889,prediction_jsonl,True
vision_only_tiled,409,test,buoy,b1,True,0.6208514991809763,0.22558914124965668,prediction_jsonl,True
vision_only_tiled,409,test,buoy,b3,False,,,prediction_jsonl,True
vision_only_tiled,409,test,buoy,b4,False,,,prediction_jsonl,True
vision_only_tiled,409,test,buoy,b5,False,,,prediction_jsonl,True
vision_only_tiled,409,test,buoy,b6,False,,,prediction_jsonl,True
vision_only_tiled,409,test,buoy,b7,False,,,prediction_jsonl,True
vision_only_tiled,409,test,buoy,b8,False,,,prediction_jsonl,True
vision_only_tiled,410,test,boat,boat,True,0.6857679106508571,0.6606642603874207,prediction_jsonl,True
vision_only_tiled,410,test,buoy,b1,True,0.6435673183941111,0.24651484191417694,prediction_jsonl,True
vision_only_tiled,410,test,buoy,b3,False,,,prediction_jsonl,True
vision_only_tiled,410,test,buoy,b4,False,,,prediction_jsonl,True
vision_only_tiled,410,test,buoy,b5,False,,,prediction_jsonl,True
vision_only_tiled,410,test,buoy,b6,False,,,prediction_jsonl,True
vision_only_tiled,410,test,buoy,b7,False,,,prediction_jsonl,True
vision_only_tiled,410,test,buoy,b8,False,,,prediction_jsonl,True
vision_only_tiled,411,test,boat,boat,True,0.6692044544684667,0.6583653092384338,prediction_jsonl,True
vision_only_tiled,411,test,buoy,b1,True,0.6145993128003661,0.2303043156862259,prediction_jsonl,True
vision_only_tiled,411,test,buoy,b3,False,,,prediction_jsonl,True
vision_only_tiled,411,test,buoy,b4,False,,,prediction_jsonl,True
vision_only_tiled,411,test,buoy,b5,False,,,prediction_jsonl,True
vision_only_tiled,411,test,buoy,b6,False,,,prediction_jsonl,True
vision_only_tiled,411,test,buoy,b7,False,,,prediction_jsonl,True
vision_only_tiled,411,test,buoy,b8,False,,,prediction_jsonl,True
vision_only_tiled,412,test,boat,boat,True,0.6975729005499554,0.6547691822052002,prediction_jsonl,True
vision_only_tiled,412,test,buoy,b1,True,0.6311161701479145,0.20596927404403687,prediction_jsonl,True
vision_only_tiled,412,test,buoy,b3,False,,,prediction_jsonl,True
vision_only_tiled,412,test,buoy,b4,False,,,prediction_jsonl,True
vision_only_tiled,412,test,buoy,b5,False,,,prediction_jsonl,True
vision_only_tiled,412,test,buoy,b6,False,,,prediction_jsonl,True
vision_only_tiled,412,test,buoy,b7,False,,,prediction_jsonl,True
vision_only_tiled,412,test,buoy,b8,False,,,prediction_jsonl,True
vision_only_tiled,413,test,boat,boat,True,0.6825287451928933,0.651319682598114,prediction_jsonl,True
vision_only_tiled,413,test,buoy,b1,True,0.6357310382002649,0.18979604542255402,prediction_jsonl,True
vision_only_tiled,413,test,buoy,b3,False,,,prediction_jsonl,True
vision_only_tiled,413,test,buoy,b4,False,,,prediction_jsonl,True
vision_only_tiled,413,test,buoy,b5,False,,,prediction_jsonl,True
vision_only_tiled,413,test,buoy,b6,False,,,prediction_jsonl,True
vision_only_tiled,413,test,buoy,b7,False,,,prediction_jsonl,True
vision_only_tiled,413,test,buoy,b8,False,,,prediction_jsonl,True
vision_only_tiled,414,test,boat,boat,True,0.7045057373595238,0.6561571955680847,prediction_jsonl,True
vision_only_tiled,414,test,buoy,b1,False,,,prediction_jsonl,True
vision_only_tiled,414,test,buoy,b3,False,,,prediction_jsonl,True
vision_only_tiled,414,test,buoy,b4,False,,,prediction_jsonl,True
vision_only_tiled,414,test,buoy,b5,False,,,prediction_jsonl,True
vision_only_tiled,414,test,buoy,b6,False,,,prediction_jsonl,True
vision_only_tiled,414,test,buoy,b7,False,,,prediction_jsonl,True
vision_only_tiled,414,test,buoy,b8,False,,,prediction_jsonl,True
vision_only_tiled,415,test,boat,boat,True,0.707330595417819,0.6513081192970276,prediction_jsonl,True
vision_only_tiled,415,test,buoy,b1,True,0.6590015055366807,0.1986224353313446,prediction_jsonl,True
vision_only_tiled,415,test,buoy,b3,False,,,prediction_jsonl,True
vision_only_tiled,415,test,buoy,b4,False,,,prediction_jsonl,True
vision_only_tiled,415,test,buoy,b5,False,,,prediction_jsonl,True
vision_only_tiled,415,test,buoy,b6,False,,,prediction_jsonl,True
vision_only_tiled,415,test,buoy,b7,False,,,prediction_jsonl,True
vision_only_tiled,415,test,buoy,b8,False,,,prediction_jsonl,True
vision_only_tiled,416,test,boat,boat,True,0.6796235116751006,0.632702648639679,prediction_jsonl,True
vision_only_tiled,416,test,buoy,b1,True,0.6495733486897778,0.18431398272514343,prediction_jsonl,True
vision_only_tiled,416,test,buoy,b3,False,,,prediction_jsonl,True
vision_only_tiled,416,test,buoy,b4,False,,,prediction_jsonl,True
vision_only_tiled,416,test,buoy,b5,False,,,prediction_jsonl,True
vision_only_tiled,416,test,buoy,b6,False,,,prediction_jsonl,True
vision_only_tiled,416,test,buoy,b7,False,,,prediction_jsonl,True
vision_only_tiled,416,test,buoy,b8,False,,,prediction_jsonl,True
vision_only_tiled,417,test,boat,boat,True,0.7024953310963192,0.659578800201416,prediction_jsonl,True
vision_only_tiled,417,test,buoy,b1,True,0.6605741246930307,0.19434785842895508,prediction_jsonl,True
vision_only_tiled,417,test,buoy,b3,False,,,prediction_jsonl,True
vision_only_tiled,417,test,buoy,b4,False,,,prediction_jsonl,True
vision_only_tiled,417,test,buoy,b5,False,,,prediction_jsonl,True
vision_only_tiled,417,test,buoy,b6,False,,,prediction_jsonl,True
vision_only_tiled,417,test,buoy,b7,False,,,prediction_jsonl,True
vision_only_tiled,417,test,buoy,b8,False,,,prediction_jsonl,True
vision_only_tiled,418,test,boat,boat,True,0.6975917444519912,0.6522756814956665,prediction_jsonl,True
vision_only_tiled,418,test,buoy,b1,False,,,prediction_jsonl,True
vision_only_tiled,418,test,buoy,b3,False,,,prediction_jsonl,True
vision_only_tiled,418,test,buoy,b4,False,,,prediction_jsonl,True
vision_only_tiled,418,test,buoy,b5,False,,,prediction_jsonl,True
vision_only_tiled,418,test,buoy,b6,False,,,prediction_jsonl,True
vision_only_tiled,418,test,buoy,b7,False,,,prediction_jsonl,True
vision_only_tiled,418,test,buoy,b8,False,,,prediction_jsonl,True
